{"type":"FeatureCollection","name":"batas_kecamatan_sulsel","crs":{"type":"name","properties":{"name":"urn:ogc:def:crs:OGC:1.3:CRS84"}},"features":[{"type":"Feature","properties":{"id_kec":"73.03.01","nama_kec":"Bissappu","id_kab":"7303","nama_kab":"Bantaeng"},"geometry":{"coordinates":[[[119.9178,-5.5627],[119.9176,-5.565],[119.9075,-5.5768],[119.9048,-5.5722],[119.9087,-5.57],[119.9068,-5.5655],[119.9079,-5.5642],[119.9027,-5.5638],[119.9012,-5.5606],[119.902,-5.559],[119.9001,-5.5572],[119.8907,-5.5625],[119.8828,-5.5567],[119.8744,-5.5566],[119.8663,-5.5529],[119.8642,-5.5546],[119.8563,-5.5543],[119.8576,-5.5478],[119.8614,-5.5405],[119.8625,-5.5305],[119.8604,-5.526],[119.8547,-5.5211],[119.8536,-5.5158],[119.8689,-5.5234],[119.8694,-5.5252],[119.874,-5.5281],[119.876,-5.5274],[119.8757,-5.5244],[119.8858,-5.5269],[119.9045,-5.5249],[119.9066,-5.5265],[119.9087,-5.5228],[119.9073,-5.5189],[119.9082,-5.514],[119.9169,-5.5077],[119.919,-5.5101],[119.9279,-5.5111],[119.9288,-5.5149],[119.931,-5.5148],[119.9313,-5.5236],[119.935,-5.5238],[119.9374,-5.5274],[119.9385,-5.5241],[119.9554,-5.5234],[119.9571,-5.5265],[119.9554,-5.5276],[119.955,-5.5315],[119.9505,-5.536],[119.9505,-5.5406],[119.9422,-5.5423],[119.9417,-5.5455],[119.9369,-5.5443],[119.9302,-5.5465],[119.9228,-5.5532],[119.9178,-5.5627]]],"type":"MultiPolygon"}},{"type":"Feature","properties":{"id_kec":"73.03.02","nama_kec":"Bantaeng","id_kab":"7303","nama_kab":"Bantaeng"},"geometry":{"coordinates":[[[119.9566,-5.5536],[119.951,-5.553],[119.9417,-5.5455],[119.9422,-5.5423],[119.9505,-5.5406],[119.9505,-5.536],[119.955,-5.5315],[119.9554,-5.5276],[119.9571,-5.5265],[119.9554,-5.5234],[119.9578,-5.5207],[119.9503,-5.5174],[119.9437,-5.5078],[119.9561,-5.508],[119.9637,-5.5051],[119.9622,-5.5014],[119.9644,-5.4994],[119.9618,-5.4964],[119.9644,-5.4928],[119.9611,-5.4865],[119.9593,-5.4741],[119.9561,-5.4692],[119.9569,-5.4646],[119.9611,-5.4602],[119.9589,-5.4504],[119.9667,-5.4468],[119.9727,-5.4467],[119.9789,-5.4514],[119.9821,-5.4605],[119.9857,-5.4639],[119.9881,-5.4706],[119.9866,-5.4761],[119.9832,-5.4797],[119.9832,-5.4905],[119.9818,-5.4944],[119.9727,-5.501],[119.9772,-5.5074],[119.9754,-5.5091],[119.9611,-5.5114],[119.9604,-5.5146],[119.9578,-5.5151],[119.9577,-5.5167],[119.9631,-5.5256],[119.9657,-5.5268],[119.9634,-5.5309],[119.9672,-5.5382999999999996],[119.9728,-5.54],[119.9827,-5.5298],[119.9864,-5.5302],[119.9892,-5.5324],[119.9892,-5.534],[119.9843,-5.5362],[119.9858,-5.541],[119.9898,-5.5463],[119.9902,-5.5515],[119.9858,-5.5523],[119.9849,-5.56],[119.9823,-5.5608],[119.9726,-5.5591],[119.9649,-5.5542],[119.9566,-5.5536]]],"type":"MultiPolygon"}},{"type":"Feature","properties":{"id_kec":"73.03.03","nama_kec":"Eremerasa","id_kab":"7303","nama_kab":"Bantaeng"},"geometry":{"coordinates":[[[119.9643,-5.5323],[119.9634,-5.5306],[119.9657,-5.5268],[119.9631,-5.5256],[119.9578,-5.5151],[119.9601,-5.515],[119.9611,-5.5114],[119.9754,-5.5091],[119.9772,-5.5074],[119.9727,-5.501],[119.9818,-5.4944],[119.9832,-5.4905],[119.9832,-5.4797],[119.9866,-5.4761],[119.9881,-5.4706],[119.9857,-5.4639],[119.9821,-5.4605],[119.9789,-5.4514],[119.9727,-5.4467],[119.9695,-5.4466],[119.9689,-5.434],[119.9614,-5.4196],[119.9643,-5.405],[119.9754,-5.4144],[119.9749,-5.4175],[119.9773,-5.4208],[119.9868,-5.4227],[119.9884,-5.4253],[119.9873,-5.427],[119.9891,-5.4288],[119.9886,-5.4304],[119.9983,-5.4373],[120.0011,-5.4445],[120.0055,-5.4472],[120.0078,-5.4519],[120.0136,-5.457],[120.0133,-5.4616],[120.0154,-5.4637],[120.0146,-5.4651],[120.0164,-5.4676],[120.0174,-5.4746],[120.0225,-5.4768],[120.0199,-5.4794],[120.0193,-5.491],[120.0154,-5.4965],[120.0152,-5.5015],[120.0136,-5.5035],[120.009,-5.502],[120.0055,-5.5035],[120.0016,-5.5025],[119.9994,-5.5085],[120.0001,-5.5134],[119.9979,-5.5139],[119.999,-5.5156],[119.9958,-5.5198],[119.994,-5.5192],[119.9937,-5.5214],[119.9921,-5.5208],[119.9894,-5.5305],[119.9881,-5.5317],[119.9854,-5.5299],[119.9819,-5.5301],[119.9728,-5.54],[119.9668,-5.538],[119.9643,-5.5323]]],"type":"MultiPolygon"}},{"type":"Feature","properties":{"id_kec":"73.03.04","nama_kec":"Tompobulu","id_kab":"7303","nama_kab":"Bantaeng"},"geometry":{"coordinates":[[[120.0825,-5.4796],[120.0741,-5.4893],[120.0549,-5.5033],[120.0539,-5.4903],[120.0406,-5.4919],[120.0202,-5.486],[120.0199,-5.4794],[120.0225,-5.4768],[120.0174,-5.4746],[120.0164,-5.4676],[120.0146,-5.4651],[120.0154,-5.4637],[120.0133,-5.4616],[120.0136,-5.457],[120.0078,-5.4519],[120.0055,-5.4472],[120.0011,-5.4445],[119.9983,-5.4373],[119.9886,-5.4304],[119.9891,-5.4288],[119.9873,-5.427],[119.9884,-5.4253],[119.9868,-5.4227],[119.9773,-5.4208],[119.9749,-5.4175],[119.9754,-5.4144],[119.9643,-5.405],[119.9663,-5.3841],[119.9692,-5.3803],[119.9749,-5.3771],[119.9803,-5.3864],[119.9798,-5.3902],[119.9842,-5.3922],[119.9892,-5.391],[119.991,-5.389],[119.9998,-5.3905],[120.0032,-5.3869],[120.0069,-5.3886],[120.0117,-5.387],[120.0158,-5.3899],[120.0225,-5.3899],[120.0263,-5.3932],[120.0287,-5.3933],[120.0345,-5.4064],[120.0337,-5.4085],[120.0298,-5.4099],[120.031,-5.413],[120.0389,-5.4198],[120.04,-5.4238],[120.05029999999999,-5.4371],[120.0563,-5.4388],[120.0528,-5.4438],[120.0532,-5.4484],[120.0566,-5.4496],[120.0566,-5.452],[120.0589,-5.4508],[120.0677,-5.4551],[120.067,-5.4568],[120.0699,-5.4596],[120.0703,-5.4626],[120.0836,-5.4782],[120.0825,-5.4796]]],"type":"MultiPolygon"}},{"type":"Feature","properties":{"id_kec":"73.03.05","nama_kec":"Pajukukang","id_kab":"7303","nama_kab":"Bantaeng"},"geometry":{"coordinates":[[[120.0788,-5.5716],[120.0853,-5.5715],[120.0903,-5.5692],[120.0996,-5.5707],[120.1004,-5.5719],[120.0981,-5.5739],[120.1002,-5.5749],[120.0987,-5.5802],[120.1013,-5.5857],[120.0916,-5.584],[120.0836,-5.5883],[120.0591,-5.5828],[120.0528,-5.5782],[120.0474,-5.5789],[120.036,-5.5738],[120.0158,-5.569],[120.0014,-5.5607],[119.9926,-5.559],[119.9881,-5.5609],[119.9849,-5.56],[119.9858,-5.5523],[119.9902,-5.5507],[119.9898,-5.5463],[119.9858,-5.541],[119.9844,-5.5356],[119.9894,-5.5338],[119.9881,-5.5317],[119.9921,-5.5208],[119.9939,-5.5213],[119.994,-5.5192],[119.9958,-5.5198],[119.999,-5.5156],[119.9978,-5.5142],[120.0001,-5.5134],[119.9994,-5.5085],[120.0016,-5.5025],[120.0055,-5.5035],[120.009,-5.502],[120.0136,-5.5035],[120.0103,-5.5109],[120.0123,-5.5129],[120.0113,-5.5199],[120.006,-5.5295],[120.0123,-5.5308],[120.0154,-5.526],[120.0179,-5.5257],[120.0203,-5.5311],[120.0289,-5.5349],[120.0347,-5.5335],[120.0341,-5.5367],[120.0701,-5.5366],[120.0717,-5.5551],[120.0734,-5.559],[120.0715,-5.5679],[120.0728,-5.5706],[120.0788,-5.5716]]],"type":"MultiPolygon"}},{"type":"Feature","properties":{"id_kec":"73.03.06","nama_kec":"Gantarangkeke","id_kab":"7303","nama_kab":"Bantaeng"},"geometry":{"coordinates":[[[120.096,-5.5193],[120.0998,-5.5425],[120.0991,-5.5454],[120.0974,-5.546],[120.0998,-5.5485],[120.0985,-5.5504],[120.1009,-5.5527],[120.0997,-5.5544],[120.1021,-5.5559],[120.1011,-5.5588],[120.0958,-5.5621],[120.1,-5.5661],[120.0983,-5.5667],[120.0985,-5.5702],[120.0949,-5.5708],[120.0903,-5.5692],[120.0821,-5.5718],[120.0722,-5.57],[120.0717,-5.5645],[120.0734,-5.559],[120.0717,-5.5551],[120.0701,-5.5366],[120.0341,-5.5367],[120.0347,-5.5335],[120.0289,-5.5349],[120.0203,-5.5311],[120.0179,-5.5257],[120.0154,-5.526],[120.0123,-5.5308],[120.006,-5.5295],[120.0113,-5.5199],[120.0123,-5.5129],[120.0104,-5.5103],[120.0156,-5.5007],[120.0154,-5.4965],[120.0191,-5.4919],[120.0202,-5.486],[120.0406,-5.4919],[120.0539,-5.4903],[120.0549,-5.5033],[120.0667,-5.4956],[120.0838,-5.4789],[120.0872,-5.4871],[120.0913,-5.491],[120.0905,-5.4988],[120.095,-5.508],[120.096,-5.5193]]],"type":"MultiPolygon"}},{"type":"Feature","properties":{"id_kec":"73.03.07","nama_kec":"Uluere","id_kab":"7303","nama_kab":"Bantaeng"},"geometry":{"coordinates":[[[119.8916,-5.5268],[119.8858,-5.5269],[119.875,-5.5239],[119.8734,-5.5185],[119.876,-5.507],[119.8741,-5.5042],[119.8786,-5.4994],[119.8794,-5.4914],[119.8812,-5.4885],[119.8968,-5.476],[119.8992,-5.4616],[119.9064,-5.4558],[119.9123,-5.4428],[119.9233,-5.4353],[119.9241,-5.4284],[119.9264,-5.4248],[119.9263,-5.4203],[119.9366,-5.4088],[119.938,-5.3846],[119.932,-5.3771],[119.9302,-5.3709],[119.9329,-5.3619],[119.9388,-5.355],[119.9585,-5.355],[119.9636,-5.3592],[119.9634,-5.3621],[119.9696,-5.367],[119.9744,-5.377],[119.9663,-5.3841],[119.9633,-5.4116],[119.9616,-5.414],[119.9619,-5.4213],[119.9689,-5.434],[119.9696,-5.4468],[119.9619,-5.4482],[119.9589,-5.4504],[119.9611,-5.4602],[119.9569,-5.4646],[119.9561,-5.4692],[119.9457,-5.4604],[119.9442,-5.4501],[119.9383,-5.4523],[119.9322,-5.459],[119.9285,-5.4604],[119.9252,-5.4661],[119.9211,-5.4682],[119.9185,-5.4723],[119.9073,-5.4786],[119.9032,-5.4853],[119.9046,-5.4949],[119.9029,-5.4988],[119.904,-5.4993],[119.9036,-5.5032],[119.8949,-5.5037],[119.8884,-5.5078],[119.8916,-5.5268]]],"type":"MultiPolygon"}},{"type":"Feature","properties":{"id_kec":"73.03.08","nama_kec":"Sinoa","id_kab":"7303","nama_kab":"Bantaeng"},"geometry":{"coordinates":[[[119.9487,-5.5158],[119.9578,-5.5207],[119.9545,-5.5238],[119.9385,-5.5241],[119.9374,-5.5274],[119.935,-5.5238],[119.9313,-5.5236],[119.931,-5.5148],[119.9288,-5.5149],[119.9279,-5.5111],[119.919,-5.5101],[119.9161,-5.5078],[119.9082,-5.514],[119.9073,-5.5189],[119.9087,-5.5228],[119.9066,-5.5265],[119.9045,-5.5249],[119.8921,-5.5262],[119.8886,-5.5116],[119.8884,-5.5078],[119.8901,-5.5058],[119.8965,-5.5033],[119.9036,-5.5032],[119.904,-5.4993],[119.9029,-5.4988],[119.9046,-5.4949],[119.903,-5.4866],[119.9061,-5.4799],[119.9095,-5.4765],[119.9185,-5.4723],[119.9211,-5.4682],[119.9252,-5.4661],[119.9285,-5.4604],[119.9322,-5.459],[119.9377,-5.4527],[119.9442,-5.4501],[119.9457,-5.4604],[119.9486,-5.4615],[119.9493,-5.4642],[119.9587,-5.4725],[119.9611,-5.4865],[119.9644,-5.4928],[119.9618,-5.4964],[119.9644,-5.4994],[119.9622,-5.5014],[119.9632,-5.5058],[119.9561,-5.508],[119.9437,-5.5078],[119.9487,-5.5158]]],"type":"MultiPolygon"}},{"type":"Feature","properties":{"id_kec":"73.11.01","nama_kec":"Tanete Riaja","id_kab":"7311","nama_kab":"Barru"},"geometry":{"coordinates":[[[119.703,-4.4845],[119.7067,-4.4826],[119.7121,-4.4829],[119.7157,-4.4865],[119.72,-4.4999],[119.7247,-4.5001],[119.7263,-4.5022],[119.7331,-4.5014],[119.7342,-4.5051],[119.7374,-4.5042],[119.7394,-4.5067],[119.7467,-4.5055],[119.7498,-4.5034],[119.7594,-4.4928],[119.7675,-4.4881],[119.7721,-4.4881],[119.7775,-4.491],[119.7856,-4.4978],[119.7877,-4.502],[119.7886,-4.5107],[119.8071,-4.5302],[119.8063,-4.5366],[119.803,-4.5356],[119.8076,-4.5505],[119.7981,-4.5652],[119.8004,-4.5816],[119.7981,-4.5945],[119.796,-4.5979],[119.7894,-4.5999],[119.7838,-4.5873],[119.7799,-4.5826],[119.7699,-4.5763],[119.7608,-4.5739],[119.751,-4.5764],[119.7466,-4.5869],[119.7368,-4.5977],[119.7236,-4.6005],[119.7151,-4.5943],[119.7054,-4.5789],[119.6939,-4.5685],[119.6736,-4.5629],[119.6594,-4.5509],[119.6469,-4.5473],[119.6499,-4.5391],[119.6471,-4.5269],[119.6382,-4.5133],[119.627,-4.5015],[119.6254,-4.4971],[119.6264,-4.4916],[119.6322,-4.4854],[119.6314,-4.4793],[119.6373,-4.4739],[119.6405,-4.4749],[119.6396,-4.4782],[119.6441,-4.4817],[119.6569,-4.4657],[119.6696,-4.4644],[119.6742,-4.4659],[119.6789,-4.4713],[119.6902,-4.4732],[119.6983,-4.4826],[119.703,-4.4845]]],"type":"MultiPolygon"}},{"type":"Feature","properties":{"id_kec":"73.11.02","nama_kec":"Tanete Rilau","id_kab":"7311","nama_kab":"Barru"},"geometry":{"coordinates":[[[119.6355,-4.5697],[119.6262,-4.5798],[119.6246,-4.5755],[119.6198,-4.5707],[119.6194,-4.5666],[119.6064,-4.559],[119.6024,-4.5589],[119.598,-4.5558],[119.5938,-4.5567],[119.5914,-4.5525],[119.5907,-4.5429],[119.5861,-4.5347],[119.5838,-4.5342],[119.5812,-4.5304],[119.5847,-4.5244],[119.5949,-4.4907],[119.5964,-4.4851],[119.5952,-4.4845],[119.597,-4.4835],[119.5997,-4.4744],[119.5998,-4.4606],[119.5967,-4.451],[119.5978,-4.4454],[119.5995,-4.4441],[119.5971,-4.441],[119.5985,-4.4349],[119.6005,-4.4327],[119.6008,-4.4264],[119.6052,-4.4322],[119.6102,-4.4326],[119.612,-4.4301],[119.6183,-4.4346],[119.6267,-4.4347],[119.6344,-4.4376],[119.6403,-4.4429],[119.6446,-4.4506],[119.6526,-4.453],[119.6576,-4.4596],[119.6581,-4.4637],[119.6567,-4.466],[119.6441,-4.4817],[119.6396,-4.4782],[119.6405,-4.4749],[119.6357,-4.4747],[119.6314,-4.4793],[119.6319,-4.4863],[119.6252,-4.494],[119.627,-4.5015],[119.6382,-4.5133],[119.6471,-4.5269],[119.6497,-4.5368],[119.6493,-4.5432],[119.6414,-4.5533],[119.6355,-4.5697]],[[119.5721,-4.4883],[119.5707,-4.4878],[119.5712,-4.4863],[119.5723,-4.4871],[119.5721,-4.4883]]],"type":"MultiPolygon"}},{"type":"Feature","properties":{"id_kec":"73.11.03","nama_kec":"Barru","id_kab":"7311","nama_kab":"Barru"},"geometry":{"coordinates":[[[119.6694,-4.3668],[119.7026,-4.3648],[119.7138,-4.3665],[119.7206,-4.3546],[119.7431,-4.3624],[119.7496,-4.3678],[119.7524,-4.3785],[119.7498,-4.3868],[119.7528,-4.3994],[119.7557,-4.4037],[119.7547,-4.4162],[119.7565,-4.4207],[119.7556,-4.4232],[119.7538,-4.4235],[119.7523,-4.454],[119.755,-4.4622],[119.755,-4.4725],[119.7568,-4.4782],[119.7646,-4.489],[119.7467,-4.5055],[119.7394,-4.5067],[119.7374,-4.5042],[119.7342,-4.5051],[119.7331,-4.5014],[119.7263,-4.5022],[119.7247,-4.5001],[119.72,-4.4999],[119.7157,-4.4865],[119.7121,-4.4829],[119.7101,-4.4821],[119.7011,-4.484],[119.6902,-4.4732],[119.6789,-4.4713],[119.6742,-4.4659],[119.6696,-4.4644],[119.6569,-4.4657],[119.6581,-4.4637],[119.656,-4.4559],[119.6526,-4.453],[119.6446,-4.4506],[119.6403,-4.4429],[119.6358,-4.4386],[119.6267,-4.4347],[119.6183,-4.4346],[119.612,-4.4301],[119.6102,-4.4326],[119.6052,-4.4322],[119.5971,-4.4222],[119.5982,-4.4186],[119.5971,-4.4159],[119.6048,-4.4011],[119.6061,-4.3921],[119.6083,-4.3901],[119.6099,-4.3825],[119.6148,-4.3775],[119.6163,-4.371],[119.6269,-4.3637],[119.6261,-4.3599],[119.6244,-4.3589],[119.625,-4.3556],[119.6276,-4.3544],[119.6362,-4.3612],[119.6411,-4.3629],[119.6552,-4.366],[119.6694,-4.3668]]],"type":"MultiPolygon"}},{"type":"Feature","properties":{"id_kec":"73.11.04","nama_kec":"Soppeng Riaja","id_kab":"7311","nama_kab":"Barru"},"geometry":{"coordinates":[[[119.7,-4.3043],[119.6897,-4.3027],[119.6864,-4.3005],[119.6844,-4.2953],[119.6714,-4.2837],[119.6681,-4.2825],[119.656,-4.2844],[119.6489,-4.2756],[119.6461,-4.2786],[119.6419,-4.28],[119.6406,-4.283],[119.6385,-4.2832],[119.6388,-4.2854],[119.6324,-4.2839],[119.6339,-4.2879],[119.6279,-4.2852],[119.625,-4.2904],[119.6234,-4.2887],[119.621,-4.2835],[119.6216,-4.2814],[119.6171,-4.2785],[119.6069,-4.2663],[119.611,-4.2621],[119.6104,-4.2577],[119.5993,-4.2516],[119.5962,-4.2481],[119.5953,-4.2442],[119.5969,-4.2355],[119.6041,-4.2379],[119.6071,-4.2359],[119.6052,-4.2329],[119.6146,-4.2398],[119.623,-4.2382],[119.6254,-4.236],[119.6262,-4.2292],[119.6191,-4.2256],[119.6183,-4.2191],[119.6145,-4.2174],[119.6103,-4.2206],[119.6089,-4.2186],[119.6088,-4.2164],[119.6112,-4.2144],[119.6186,-4.2118],[119.6132,-4.2024],[119.6194,-4.2048],[119.6214,-4.2036],[119.6264,-4.2106],[119.6302,-4.207],[119.6337,-4.2077],[119.6311,-4.2095],[119.6315,-4.211],[119.6353,-4.2106],[119.6397,-4.2061],[119.6446,-4.2078],[119.644,-4.2114],[119.6489,-4.2132],[119.6498,-4.2184],[119.6459,-4.2225],[119.6422,-4.2239],[119.6435,-4.2266],[119.646,-4.2275],[119.6472,-4.2313],[119.6584,-4.2393],[119.6587,-4.2443],[119.656,-4.2467],[119.6557,-4.25],[119.6569,-4.2529],[119.6596,-4.2544],[119.6718,-4.2576],[119.6822,-4.2582],[119.6876,-4.2467],[119.6957,-4.2489],[119.7006,-4.2474],[119.7152,-4.247],[119.7178,-4.2499],[119.7285,-4.2525],[119.7359,-4.2603],[119.7444,-4.2641],[119.7455,-4.2703],[119.7411,-4.2772],[119.7496,-4.2797],[119.7548,-4.2846],[119.7539,-4.3038],[119.7498,-4.3025],[119.7403,-4.2952],[119.7363,-4.2946],[119.711,-4.2983],[119.7014,-4.3051],[119.7,-4.3043]]],"type":"MultiPolygon"}},{"type":"Feature","properties":{"id_kec":"73.11.05","nama_kec":"Mallusetasi","id_kab":"7311","nama_kab":"Barru"},"geometry":{"coordinates":[[[119.6437,-4.207],[119.6397,-4.2061],[119.6353,-4.2106],[119.6315,-4.211],[119.6311,-4.2095],[119.6337,-4.2077],[119.6302,-4.207],[119.6264,-4.2106],[119.6214,-4.2037],[119.626,-4.1991],[119.6286,-4.1924],[119.6254,-4.1816],[119.6301,-4.1799],[119.6335,-4.1817],[119.6359,-4.1799],[119.6383,-4.1689],[119.6359,-4.1608],[119.622,-4.152],[119.6142,-4.1449],[119.6209,-4.1294],[119.6194,-4.1183],[119.6205,-4.1127],[119.6143,-4.1063],[119.6109,-4.108],[119.6074,-4.1066],[119.6064,-4.1028],[119.6082,-4.0953],[119.613,-4.0955],[119.6168,-4.0898],[119.6137,-4.0859],[119.6075,-4.0865],[119.606,-4.0844],[119.607,-4.0812],[119.6116,-4.0754],[119.6177,-4.0724],[119.6202,-4.0671],[119.6259,-4.0698],[119.6293,-4.0742],[119.6365,-4.0745],[119.6406,-4.077],[119.6527,-4.0761],[119.6696,-4.0723],[119.6765,-4.0735],[119.6817,-4.0763],[119.7004,-4.0766],[119.7046,-4.0794],[119.7125,-4.0812],[119.7187,-4.0863],[119.7181,-4.0909],[119.7199,-4.096],[119.7343,-4.1083],[119.7494,-4.1291],[119.7457,-4.1388],[119.7413,-4.1409],[119.7387,-4.1386],[119.7309,-4.1473],[119.7337,-4.1622],[119.7297,-4.1739],[119.7359,-4.1837],[119.7443,-4.1888],[119.755,-4.1925],[119.7564,-4.2065],[119.7537,-4.2089],[119.7421,-4.2077],[119.7372,-4.2101],[119.7269,-4.2106],[119.7217,-4.2129],[119.7138,-4.2247],[119.7061,-4.2305],[119.7144,-4.2355],[119.7159,-4.2393],[119.7152,-4.247],[119.7006,-4.2474],[119.6957,-4.2489],[119.6876,-4.2467],[119.6822,-4.2582],[119.6773,-4.2584],[119.6569,-4.2529],[119.656,-4.2467],[119.6582,-4.2452],[119.6594,-4.2411],[119.6567,-4.2371],[119.6472,-4.2313],[119.646,-4.2275],[119.6435,-4.2266],[119.6422,-4.2239],[119.6459,-4.2225],[119.6499,-4.2179],[119.6489,-4.2132],[119.644,-4.2114],[119.6449,-4.2082],[119.6437,-4.207]],[[119.6182,-4.1808],[119.6204,-4.1788],[119.6223,-4.1801],[119.6189,-4.1822],[119.6182,-4.1808]],[[119.6028,-4.1466],[119.6027,-4.1446],[119.6048,-4.1445],[119.6044,-4.1463],[119.6028,-4.1466]]],"type":"MultiPolygon"}},{"type":"Feature","properties":{"id_kec":"73.11.06","nama_kec":"Pujananting","id_kab":"7311","nama_kab":"Barru"},"geometry":{"coordinates":[[[119.7693,-4.7558],[119.7635,-4.7699],[119.7574,-4.7751],[119.7554,-4.7751],[119.7545,-4.7825],[119.7564,-4.784],[119.757,-4.782],[119.7575,-4.7836],[119.7599,-4.7832],[119.76,-4.7852],[119.7578,-4.7854],[119.7598,-4.7873],[119.7592,-4.7887],[119.7547,-4.7901],[119.7534,-4.7899],[119.7546,-4.7888],[119.7516,-4.7889],[119.7493,-4.7909],[119.7501,-4.7948],[119.7475,-4.7948],[119.7487,-4.7971],[119.7447,-4.7971],[119.7452,-4.7952],[119.7436,-4.7949],[119.7412,-4.7963],[119.7384,-4.7957],[119.7373,-4.7971],[119.7356,-4.7962],[119.7327,-4.8004],[119.7297,-4.799],[119.7236,-4.7872],[119.7214,-4.7886],[119.7137,-4.7873],[119.6982,-4.7891],[119.6908,-4.7808],[119.6904,-4.7745],[119.6838,-4.7719],[119.6814,-4.769],[119.6882,-4.7615],[119.6881,-4.7592],[119.6938,-4.7586],[119.6959,-4.7566],[119.6913,-4.7501],[119.6902,-4.7397],[119.6922,-4.7215],[119.6894,-4.7192],[119.6856,-4.7197],[119.6845,-4.7176],[119.6747,-4.721],[119.6692,-4.7206],[119.6679,-4.7191],[119.6635,-4.7216],[119.6631,-4.724],[119.6594,-4.7234],[119.6558,-4.7148],[119.6551,-4.7062],[119.6586,-4.7029],[119.6588,-4.6967],[119.6563,-4.6887],[119.6533,-4.6846],[119.6561,-4.6746],[119.662,-4.6666],[119.6643,-4.6588],[119.6447,-4.6413],[119.6456,-4.6353],[119.6357,-4.6172],[119.637,-4.6095],[119.6352,-4.6021],[119.6321,-4.5996],[119.6306,-4.5918],[119.6315,-4.5868],[119.6262,-4.5798],[119.6354,-4.5699],[119.6414,-4.5533],[119.6469,-4.5473],[119.6594,-4.5509],[119.6736,-4.5629],[119.6939,-4.5685],[119.7054,-4.5789],[119.7151,-4.5943],[119.7236,-4.6005],[119.7368,-4.5977],[119.7466,-4.5869],[119.751,-4.5764],[119.7576,-4.5742],[119.7699,-4.5763],[119.7799,-4.5826],[119.7838,-4.5873],[119.7894,-4.5999],[119.7894,-4.6053],[119.7748,-4.6115],[119.7721,-4.6145],[119.7653,-4.616],[119.7636,-4.6178],[119.7641,-4.6237],[119.7573,-4.6277],[119.7576,-4.6323],[119.7541,-4.6417],[119.7579,-4.6507],[119.7563,-4.6583],[119.7612,-4.6672],[119.7583,-4.6805],[119.7605,-4.6853],[119.7664,-4.6858],[119.771,-4.6888],[119.7771,-4.6872],[119.7878,-4.6893],[119.8135,-4.7049],[119.8166,-4.7134],[119.8228,-4.7216],[119.821,-4.7301],[119.8224,-4.7397],[119.8207,-4.7444],[119.8079,-4.7572],[119.8061,-4.7618],[119.7998,-4.7653],[119.7952,-4.7648],[119.7908,-4.7617],[119.7867,-4.7531],[119.7786,-4.7546],[119.7741,-4.7538],[119.7693,-4.7558]]],"type":"MultiPolygon"}},{"type":"Feature","properties":{"id_kec":"73.11.07","nama_kec":"Balusu","id_kab":"7311","nama_kab":"Barru"},"geometry":{"coordinates":[[[119.6052,-4.341],[119.6022,-4.3417],[119.6032,-4.3488],[119.6004,-4.357],[119.5922,-4.364],[119.5918,-4.3618],[119.5959,-4.359],[119.5986,-4.3532],[119.599,-4.3387],[119.6037,-4.3375],[119.6052,-4.341]],[[119.6291,-4.3486],[119.6254,-4.3474],[119.6224,-4.3484],[119.6212,-4.3383],[119.6251,-4.334],[119.6285,-4.3339],[119.6364,-4.3193],[119.6348,-4.3132],[119.6319,-4.3117],[119.6309,-4.3091],[119.635,-4.3057],[119.6351,-4.3014],[119.6329,-4.2965],[119.631,-4.2955],[119.6271,-4.2973],[119.6264,-4.294],[119.6235,-4.2937],[119.6279,-4.2852],[119.6339,-4.2879],[119.6319,-4.2842],[119.6388,-4.2854],[119.6385,-4.2832],[119.6406,-4.283],[119.6419,-4.28],[119.6461,-4.2786],[119.6485,-4.2756],[119.656,-4.2844],[119.6681,-4.2825],[119.6714,-4.2837],[119.6844,-4.2953],[119.6864,-4.3005],[119.6897,-4.3027],[119.6977,-4.3032],[119.7014,-4.3051],[119.711,-4.2983],[119.7363,-4.2946],[119.7403,-4.2952],[119.7498,-4.3025],[119.7539,-4.3038],[119.7535,-4.3141],[119.755,-4.3203],[119.7538,-4.3316],[119.756,-4.3475],[119.7496,-4.3678],[119.7431,-4.3624],[119.7206,-4.3546],[119.7147,-4.3655],[119.712,-4.3668],[119.7026,-4.3648],[119.6736,-4.367],[119.6552,-4.366],[119.6362,-4.3612],[119.6284,-4.356],[119.6291,-4.3486]]],"type":"MultiPolygon"}},{"type":"Feature","properties":{"id_kec":"73.08.01","nama_kec":"Bontocani","id_kab":"7308","nama_kab":"Bone"},"geometry":{"coordinates":[[[120.0487,-5.0064],[120.0882,-5.0357],[120.1075,-5.0416],[120.1041,-5.0495],[120.1093,-5.0663],[120.1064,-5.0712],[120.097,-5.0758],[120.0851,-5.0752],[120.0814,-5.0781],[120.0796,-5.0831],[120.0768,-5.0844],[120.0765,-5.0905],[120.0727,-5.0926],[120.072,-5.0987],[120.064,-5.0997],[120.0652,-5.1044],[120.0609,-5.1111],[120.0609,-5.1226],[120.0537,-5.1267],[120.0408,-5.1261],[120.0318,-5.1291],[120.0272,-5.1275],[120.0237,-5.1309],[120.0215,-5.13],[120.0188,-5.1317],[120.0147,-5.1243],[120.0111,-5.1226],[120,-5.1327],[119.9946,-5.1302],[119.987,-5.13],[119.9843,-5.1239],[119.9823,-5.123],[119.9696,-5.1332],[119.9696,-5.1405],[119.9645,-5.1396],[119.9583,-5.1345],[119.9525,-5.1346],[119.9383,-5.1293],[119.9317,-5.1338],[119.9239,-5.1333],[119.9114,-5.1222],[119.9101,-5.1181],[119.899,-5.1117],[119.8934,-5.0967],[119.8879,-5.0934],[119.8844,-5.0938],[119.8799,-5.0906],[119.8692,-5.0931],[119.861,-5.0896],[119.856,-5.0801],[119.8523,-5.0657],[119.8464,-5.058],[119.8474,-5.0458],[119.8539,-5.0401],[119.8571,-5.0326],[119.8629,-5.0326],[119.8668,-5.0291],[119.8702,-5.0236],[119.8708,-5.0181],[119.8786,-5.0116],[119.8846,-5.0013],[119.8839,-4.9922],[119.8884,-4.9785],[119.8871,-4.969],[119.884,-4.9622],[119.8861,-4.9612],[119.8853,-4.9587],[119.8895,-4.9529],[119.8889,-4.9509],[119.8919,-4.9475],[119.8915,-4.9453],[119.8948,-4.9436],[119.8964,-4.9447],[119.8974,-4.9422],[119.8999,-4.9428],[119.9007,-4.9414],[119.9174,-4.9476],[119.9275,-4.9465],[119.9317,-4.9426],[119.9413,-4.9395],[119.9499,-4.9341],[119.9624,-4.9289],[119.9718,-4.9275],[119.9823,-4.9184],[119.997,-4.9173],[120.0033,-4.9152],[120.0157,-4.919],[120.0185,-4.9215],[120.0233,-4.9295],[120.0274,-4.9467],[120.0312,-4.9538],[120.0326,-4.968],[120.0315,-4.9805],[120.033,-4.9878],[120.0388,-4.9967],[120.0487,-5.0064]]],"type":"MultiPolygon"}},{"type":"Feature","properties":{"id_kec":"73.08.02","nama_kec":"Kahu","id_kab":"7308","nama_kab":"Bone"},"geometry":{"coordinates":[[[120.1822,-5.0535],[120.1761,-5.0556],[120.1686,-5.0443],[120.1493,-5.0465],[120.1384,-5.0539],[120.1328,-5.0484],[120.1333,-5.0461],[120.1317,-5.0444],[120.1267,-5.0448],[120.1246,-5.0457],[120.1251,-5.0481],[120.1196,-5.0588],[120.1153,-5.0587],[120.1091,-5.0635],[120.1041,-5.0495],[120.1075,-5.0416],[120.0908,-5.037],[120.0856,-5.0341],[120.0813,-5.0296],[120.0512,-5.0088],[120.0388,-4.9967],[120.0322,-4.9846],[120.0326,-4.968],[120.0312,-4.9538],[120.0274,-4.9467],[120.0233,-4.9295],[120.0165,-4.9196],[120.0033,-4.9152],[120.01,-4.9018],[120.0296,-4.8801],[120.0391,-4.8734],[120.0443,-4.8749],[120.0529,-4.894],[120.0612,-4.8994],[120.0703,-4.8998],[120.083,-4.8967],[120.0857,-4.8986],[120.0861,-4.904],[120.0909,-4.906],[120.1039,-4.9006],[120.1109,-4.9011],[120.1124,-4.9028],[120.1157,-4.9094],[120.1182,-4.9257],[120.1089,-4.934],[120.1093,-4.9431],[120.1141,-4.9493],[120.1146,-4.9595],[120.1246,-4.9668],[120.1338,-4.9674],[120.1414,-4.971],[120.1498,-4.9785],[120.1553,-5.0068],[120.1493,-5.0248],[120.1502,-5.0287],[120.1646,-5.029],[120.1715,-5.0227],[120.1793,-5.0204],[120.1928,-5.02],[120.197,-5.0226],[120.1975,-5.029],[120.1953,-5.0332],[120.1957,-5.0393],[120.1938,-5.0442],[120.1903,-5.05],[120.1822,-5.0535]]],"type":"MultiPolygon"}},{"type":"Feature","properties":{"id_kec":"73.08.03","nama_kec":"Kajuara","id_kab":"7308","nama_kab":"Bone"},"geometry":{"coordinates":[[[120.2887,-5.0971],[120.2871,-5.1064],[120.2901,-5.11],[120.2896,-5.1119],[120.2849,-5.1122],[120.2735,-5.1079],[120.2651,-5.1013],[120.2634,-5.105],[120.2657,-5.1136],[120.2633,-5.1162],[120.2604,-5.1163],[120.2581,-5.1147],[120.257,-5.1088],[120.248,-5.0932],[120.2417,-5.093],[120.2317,-5.0875],[120.232,-5.0921],[120.2281,-5.0963],[120.2253,-5.0926],[120.2207,-5.0939],[120.2211,-5.0973],[120.2167,-5.0999],[120.214,-5.0983],[120.2115,-5.0997],[120.2098,-5.0978],[120.2074,-5.1003],[120.2015,-5.0963],[120.1977,-5.0899],[120.1954,-5.0903],[120.1955,-5.0849],[120.1938,-5.0821],[120.1952,-5.0801],[120.1919,-5.0786],[120.1894,-5.0807],[120.1883,-5.0801],[120.1883,-5.0779],[120.1909,-5.0756],[120.1906,-5.0738],[120.1879,-5.0746],[120.1884,-5.0693],[120.1859,-5.069],[120.1841,-5.0713],[120.1809,-5.0692],[120.1746,-5.0762],[120.1685,-5.0743],[120.1643,-5.0786],[120.1598,-5.0734],[120.162,-5.07],[120.1615,-5.0656],[120.1591,-5.063],[120.1513,-5.0656],[120.1502,-5.065],[120.1518,-5.0605],[120.1509,-5.0579],[120.1468,-5.0606],[120.1371,-5.0564],[120.1384,-5.0539],[120.1493,-5.0465],[120.1604,-5.045],[120.1686,-5.0443],[120.1761,-5.0556],[120.1903,-5.05],[120.1957,-5.0393],[120.1946,-5.0367],[120.1975,-5.029],[120.1977,-5.0208],[120.2082,-5.0139],[120.2183,-5.0126],[120.2303,-5.0179],[120.2406,-5.0271],[120.25,-5.0489],[120.253,-5.0505],[120.259,-5.0505],[120.2756,-5.0447],[120.2983,-5.0444],[120.3014,-5.0425],[120.2986,-5.0476],[120.30029999999999,-5.0492],[120.2986,-5.0544],[120.3005,-5.0552],[120.2911,-5.0638],[120.2897,-5.0677],[120.2916,-5.0792],[120.2879,-5.0918],[120.2902,-5.0936],[120.2884,-5.0941],[120.2887,-5.0971]]],"type":"MultiPolygon"}},{"type":"Feature","properties":{"id_kec":"73.08.04","nama_kec":"Salomekko","id_kab":"7308","nama_kab":"Bone"},"geometry":{"coordinates":[[[120.285,-5.0447],[120.2756,-5.0447],[120.259,-5.0505],[120.253,-5.0505],[120.25,-5.0489],[120.2406,-5.0271],[120.2303,-5.0179],[120.2183,-5.0126],[120.2066,-5.0146],[120.1982,-5.0202],[120.197,-5.0226],[120.1928,-5.02],[120.1793,-5.0204],[120.1715,-5.0227],[120.1646,-5.029],[120.1502,-5.0287],[120.1493,-5.0248],[120.1553,-5.0068],[120.1519,-4.9937],[120.1668,-4.9908],[120.1818,-4.9939],[120.1902,-4.9867],[120.2047,-4.9812],[120.2081,-4.9786],[120.2063,-4.9699],[120.202,-4.965],[120.2031,-4.9611],[120.2112,-4.9526],[120.2245,-4.9447],[120.2379,-4.9543],[120.2456,-4.962],[120.2538,-4.9776],[120.2653,-4.9785],[120.2743,-4.9845],[120.2802,-4.9855],[120.2845,-4.9841],[120.2863,-4.9864],[120.2928,-4.9861],[120.2971,-4.9836],[120.3043,-4.984],[120.305,-4.9864],[120.3034,-4.9902],[120.3086,-5.0005],[120.3078,-5.0023],[120.3044,-5.0023],[120.3018,-5.0092],[120.2969,-5.0153],[120.2978,-5.0207],[120.294,-5.0312],[120.2916,-5.0336],[120.2923,-5.0361],[120.2904,-5.0367],[120.2927,-5.0402],[120.2906,-5.0409],[120.2893,-5.0439],[120.285,-5.0447]]],"type":"MultiPolygon"}},{"type":"Feature","properties":{"id_kec":"73.08.05","nama_kec":"Tonra","id_kab":"7308","nama_kab":"Bone"},"geometry":{"coordinates":[[[120.2941,-4.9856],[120.2863,-4.9864],[120.2845,-4.9841],[120.2802,-4.9855],[120.275,-4.9847],[120.2653,-4.9785],[120.2538,-4.9776],[120.2456,-4.962],[120.2379,-4.9543],[120.2245,-4.9447],[120.2296,-4.9238],[120.2365,-4.9132],[120.2372,-4.8934],[120.2327,-4.8748],[120.2408,-4.8688],[120.2423,-4.8649],[120.2372,-4.8587],[120.2371,-4.8524],[120.2336,-4.8498],[120.2243,-4.8542],[120.2103,-4.8548],[120.1957,-4.8503],[120.1851,-4.8441],[120.1757,-4.8361],[120.1731,-4.8276],[120.1732,-4.8204],[120.1856,-4.8287],[120.1993,-4.8332],[120.2064,-4.833],[120.2207,-4.827],[120.2377,-4.8309],[120.2513,-4.8377],[120.2708,-4.8404],[120.2872,-4.8466],[120.2866,-4.8536],[120.3111,-4.8634],[120.3049,-4.8757],[120.3029,-4.8844],[120.3074,-4.8944],[120.3072,-4.9007],[120.3133,-4.901],[120.3142,-4.9025],[120.313,-4.9025],[120.3118,-4.9064],[120.3147,-4.909],[120.3082,-4.9143],[120.3023,-4.9123],[120.2981,-4.9142],[120.2952,-4.9214],[120.2982,-4.928],[120.3025,-4.9312],[120.307,-4.9305],[120.311,-4.9382],[120.3061,-4.9447],[120.2994,-4.944],[120.2974,-4.9462],[120.2985,-4.9589],[120.3028,-4.9635],[120.3045,-4.964],[120.3051,-4.9619],[120.3072,-4.9641],[120.3052,-4.9677],[120.3059,-4.9696],[120.3042,-4.9701],[120.3052,-4.9725],[120.3004,-4.9741],[120.30029999999999,-4.9803],[120.3037,-4.9835],[120.2971,-4.9836],[120.2941,-4.9856]],[[120.3165,-4.9506],[120.3152,-4.9483],[120.3157,-4.9471],[120.3179,-4.9507],[120.317,-4.9517],[120.3165,-4.9506]]],"type":"MultiPolygon"}},{"type":"Feature","properties":{"id_kec":"73.08.06","nama_kec":"Libureng","id_kab":"7308","nama_kab":"Bone"},"geometry":{"coordinates":[[[119.9648,-4.9283],[119.9218,-4.9481],[119.9031,-4.9424],[119.9007,-4.9414],[119.9006,-4.9396],[119.896,-4.9395],[119.8947,-4.938],[119.898,-4.9337],[119.8967,-4.9298],[119.8944,-4.9306],[119.8961,-4.9205],[119.8992,-4.9191],[119.8971,-4.916],[119.9003,-4.9166],[119.9026,-4.9153],[119.903,-4.9114],[119.9065,-4.9138],[119.9084,-4.9093],[119.9116,-4.9091],[119.9121,-4.9069],[119.9169,-4.9072],[119.9204,-4.9014],[119.9237,-4.8999],[119.9247,-4.8943],[119.9287,-4.8936],[119.9338,-4.8867],[119.9345,-4.8821],[119.9327,-4.8743],[119.9177,-4.8673],[119.921,-4.8574],[119.9294,-4.85],[119.9311,-4.846],[119.9363,-4.8434],[119.9404,-4.8366],[119.9434,-4.8239],[119.9464,-4.8185],[119.9443,-4.81],[119.948,-4.7992],[119.9531,-4.7928],[119.9694,-4.7886],[119.973,-4.7814],[119.9714,-4.7786],[119.9742,-4.7748],[119.9781,-4.7741],[119.9773,-4.7701],[119.9791,-4.7718],[119.9818,-4.7711],[119.9851,-4.7645],[119.9876,-4.7664],[119.9894,-4.7656],[119.9934,-4.76],[119.9927,-4.7583],[119.9968,-4.7546],[120.0024,-4.7632],[120.0025,-4.757],[120.0071,-4.7611],[120.0109,-4.7587],[120.0132,-4.7536],[120.0169,-4.7577],[120.0199,-4.7532],[120.026,-4.7519],[120.0278,-4.7503],[120.027,-4.7466],[120.0233,-4.7449],[120.0223,-4.7421],[120.0248,-4.7345],[120.027,-4.7344],[120.0309,-4.735],[120.0344,-4.7398],[120.0387,-4.7406],[120.0397,-4.746],[120.0432,-4.747],[120.0464,-4.7448],[120.0507,-4.7504],[120.0565,-4.7524],[120.0566,-4.7579],[120.0601,-4.7597],[120.0616,-4.7635],[120.0669,-4.7612],[120.069,-4.7624],[120.0687,-4.7639],[120.0851,-4.7685],[120.1032,-4.7683],[120.11279999999999,-4.7704],[120.1188,-4.7783],[120.121,-4.7874],[120.1262,-4.7921],[120.1319,-4.7928],[120.1398,-4.7897],[120.1464,-4.7837],[120.1491,-4.779],[120.1496,-4.7858],[120.1399,-4.798],[120.1416,-4.8089],[120.1472,-4.8164],[120.1423,-4.8374],[120.1344,-4.835],[120.1236,-4.8415],[120.1163,-4.8563],[120.1148,-4.8629],[120.1043,-4.8784],[120.1177,-4.874],[120.1297,-4.8741],[120.1272,-4.8787],[120.1254,-4.8921],[120.1224,-4.8989],[120.1153,-4.901],[120.1006,-4.9012],[120.0968,-4.9045],[120.0909,-4.906],[120.0861,-4.904],[120.0857,-4.8986],[120.083,-4.8967],[120.0703,-4.8998],[120.0612,-4.8994],[120.0529,-4.894],[120.0443,-4.8749],[120.0391,-4.8734],[120.0296,-4.8801],[120.0108,-4.9008],[120.0031,-4.9154],[119.9823,-4.9184],[119.9718,-4.9275],[119.9648,-4.9283]]],"type":"MultiPolygon"}},{"type":"Feature","properties":{"id_kec":"73.08.07","nama_kec":"Mare","id_kab":"7308","nama_kab":"Bone"},"geometry":{"coordinates":[[[120.3374,-4.8411],[120.3203,-4.851],[120.3201,-4.8542],[120.3146,-4.8569],[120.3111,-4.8634],[120.2866,-4.8536],[120.2872,-4.8466],[120.2673,-4.8395],[120.2513,-4.8377],[120.2377,-4.8309],[120.2184,-4.8272],[120.2114,-4.8311],[120.2027,-4.8337],[120.1856,-4.8287],[120.1687,-4.8182],[120.1509,-4.8184],[120.1459,-4.8156],[120.1428,-4.8117],[120.1399,-4.8031],[120.1399,-4.798],[120.1496,-4.7858],[120.1496,-4.778],[120.1549,-4.774],[120.1584,-4.7685],[120.1593,-4.7564],[120.1618,-4.7499],[120.1646,-4.7471],[120.1699,-4.7448],[120.1916,-4.7458],[120.2033,-4.7381],[120.2258,-4.7341],[120.2296,-4.7361],[120.2318,-4.7411],[120.2368,-4.7425],[120.2447,-4.7419],[120.2534,-4.7444],[120.2626,-4.7432],[120.282,-4.7456],[120.2976,-4.7502],[120.3113,-4.7447],[120.3219,-4.7441],[120.3333,-4.7461],[120.3436,-4.7505],[120.3735,-4.7559],[120.3892,-4.761],[120.3854,-4.7682],[120.3839,-4.7777],[120.3839,-4.7847],[120.3863,-4.788],[120.3869,-4.7921],[120.3862,-4.7964],[120.3832,-4.805],[120.3789,-4.8079],[120.3813,-4.8121],[120.3821,-4.8214],[120.3801,-4.8231],[120.3826,-4.8294],[120.3833,-4.8379],[120.3757,-4.8424],[120.3658,-4.8452],[120.3608,-4.8441],[120.3555,-4.8401],[120.344,-4.839],[120.3374,-4.8411]]],"type":"MultiPolygon"}},{"type":"Feature","properties":{"id_kec":"73.08.08","nama_kec":"Sibulue","id_kab":"7308","nama_kab":"Bone"},"geometry":{"coordinates":[[[120.3696,-4.7551],[120.3436,-4.7505],[120.3333,-4.7461],[120.3309,-4.7372],[120.3312,-4.7298],[120.3403,-4.7177],[120.3416,-4.7125],[120.3482,-4.7013],[120.3484,-4.6965],[120.3473,-4.6942],[120.3397,-4.6899],[120.3151,-4.6872],[120.308,-4.6846],[120.307,-4.6788],[120.3104,-4.6487],[120.3247,-4.6437],[120.3336,-4.6267],[120.3395,-4.6253],[120.3563,-4.6254],[120.3586,-4.6234],[120.3623,-4.6128],[120.3695,-4.6056],[120.3736,-4.6039],[120.3808,-4.605],[120.3899,-4.6031],[120.3971,-4.5971],[120.3969,-4.6004],[120.3996,-4.6061],[120.4084,-4.6132],[120.4191,-4.618],[120.4241,-4.6184],[120.4362,-4.6268],[120.4405,-4.6351],[120.4387,-4.6403],[120.441,-4.6406],[120.4407,-4.6464],[120.4422,-4.6486],[120.4496,-4.6512],[120.4514,-4.657],[120.4613,-4.6583],[120.4483,-4.659],[120.4315,-4.678],[120.4273,-4.6803],[120.4252,-4.6839],[120.4145,-4.6903],[120.4071,-4.698],[120.4003,-4.7094],[120.3973,-4.719],[120.4012,-4.728],[120.3987,-4.7397],[120.3938,-4.7491],[120.3954,-4.7532],[120.3985,-4.7543],[120.3981,-4.7556],[120.3921,-4.7567],[120.3892,-4.761],[120.3696,-4.7551]]],"type":"MultiPolygon"}},{"type":"Feature","properties":{"id_kec":"73.08.09","nama_kec":"Barebbo","id_kab":"7308","nama_kab":"Bone"},"geometry":{"coordinates":[[[120.3295,-4.6342],[120.3234,-4.6449],[120.311,-4.6476],[120.3046,-4.631],[120.3112,-4.6202],[120.3064,-4.6169],[120.2993,-4.6155],[120.2857,-4.6087],[120.278,-4.6069],[120.2693,-4.6017],[120.2612,-4.5995],[120.2437,-4.604],[120.2289,-4.603],[120.2233,-4.6095],[120.2152,-4.6116],[120.1869,-4.6107],[120.1765,-4.6081],[120.1701,-4.602],[120.1686,-4.5962],[120.1701,-4.5938],[120.1751,-4.5926],[120.1892,-4.5849],[120.1973,-4.5778],[120.2021,-4.5708],[120.2153,-4.5615],[120.2153,-4.5706],[120.2189,-4.5723],[120.2221,-4.5717],[120.2233,-4.5646],[120.2264,-4.5606],[120.2326,-4.5602],[120.2331,-4.5585],[120.2391,-4.5571],[120.2418,-4.5577],[120.254,-4.553],[120.2581,-4.5559],[120.2599,-4.5627],[120.2573,-4.5739],[120.2601,-4.5842],[120.2735,-4.5858],[120.2845,-4.5841],[120.2895,-4.5868],[120.2944,-4.5951],[120.3004,-4.5979],[120.3046,-4.5943],[120.3061,-4.5882],[120.3153,-4.5732],[120.3205,-4.5774],[120.3263,-4.5773],[120.3273,-4.575],[120.3361,-4.5766],[120.3373,-4.573],[120.3435,-4.5731],[120.345,-4.5711],[120.3622,-4.5733],[120.3664,-4.5717],[120.3803,-4.5739],[120.3851,-4.5695],[120.3877,-4.5704],[120.3971,-4.5971],[120.3899,-4.6031],[120.3808,-4.605],[120.3711,-4.6046],[120.3623,-4.6128],[120.3577,-4.6244],[120.3355,-4.6256],[120.3314,-4.6289],[120.3295,-4.6342]],[[120.4025,-4.592],[120.4038,-4.5894],[120.4062,-4.5894],[120.4082,-4.5945],[120.4051,-4.5953],[120.4025,-4.592]],[[120.4158,-4.5833],[120.4183,-4.5822],[120.4184,-4.5795],[120.4224,-4.58],[120.4218,-4.5874],[120.4173,-4.5878],[120.4158,-4.5833]],[[120.4147,-4.5747],[120.4153,-4.5728],[120.4198,-4.5709],[120.4233,-4.5735],[120.4225,-4.5758],[120.4147,-4.5747]]],"type":"MultiPolygon"}},{"type":"Feature","properties":{"id_kec":"73.08.10","nama_kec":"Cina","id_kab":"7308","nama_kab":"Bone"},"geometry":{"coordinates":[[[120.3047,-4.7467],[120.2976,-4.7502],[120.282,-4.7456],[120.2626,-4.7432],[120.2534,-4.7444],[120.2447,-4.7419],[120.2368,-4.7425],[120.2318,-4.7411],[120.2296,-4.7361],[120.2264,-4.7342],[120.2266,-4.7258],[120.2304,-4.7189],[120.2309,-4.7114],[120.2306,-4.7087],[120.2234,-4.6978],[120.2277,-4.6829],[120.2249,-4.6678],[120.2254,-4.6659],[120.2299,-4.663],[120.2349,-4.6621],[120.2362,-4.6583],[120.2303,-4.6584],[120.2277,-4.6566],[120.2264,-4.6517],[120.2274,-4.646],[120.2257,-4.6417],[120.2315,-4.623],[120.2257,-4.6073],[120.2289,-4.603],[120.2437,-4.604],[120.2612,-4.5995],[120.2693,-4.6017],[120.278,-4.6069],[120.2857,-4.6087],[120.2993,-4.6155],[120.3064,-4.6169],[120.3112,-4.6202],[120.3046,-4.631],[120.311,-4.6476],[120.3069,-4.6824],[120.3117,-4.6866],[120.3397,-4.6899],[120.3473,-4.6942],[120.3488,-4.699],[120.3403,-4.7177],[120.3312,-4.7298],[120.3309,-4.7372],[120.3333,-4.7461],[120.3162,-4.7439],[120.3047,-4.7467]]],"type":"MultiPolygon"}},{"type":"Feature","properties":{"id_kec":"73.08.11","nama_kec":"Ponre","id_kab":"7308","nama_kab":"Bone"},"geometry":{"coordinates":[[[120.1078,-4.769],[120.0851,-4.7685],[120.0687,-4.7639],[120.069,-4.7624],[120.0669,-4.7612],[120.0616,-4.7635],[120.0601,-4.7597],[120.0566,-4.7579],[120.0565,-4.7524],[120.0507,-4.7504],[120.0464,-4.7448],[120.0432,-4.747],[120.0397,-4.746],[120.0387,-4.7406],[120.0331,-4.7387],[120.0305,-4.7344],[120.0301,-4.7242],[120.0358,-4.7213],[120.0395,-4.7225],[120.0446,-4.7212],[120.0624,-4.7107],[120.0745,-4.7107],[120.0795,-4.7043],[120.0912,-4.6977],[120.0986,-4.6909],[120.1008,-4.6865],[120.1015,-4.6735],[120.1002,-4.6659],[120.1087,-4.6528],[120.1067,-4.6496],[120.1066,-4.6451],[120.109,-4.6258],[120.105,-4.6048],[120.1067,-4.5946],[120.1017,-4.5796],[120.1061,-4.5825],[120.1177,-4.5818],[120.1511,-4.5622],[120.1504,-4.5644],[120.1538,-4.5777],[120.169,-4.5874],[120.1709,-4.5926],[120.1686,-4.5962],[120.1691,-4.5996],[120.1765,-4.6081],[120.1823,-4.6103],[120.2144,-4.6117],[120.2229,-4.6097],[120.2257,-4.6073],[120.2289,-4.6172],[120.2315,-4.6203],[120.2305,-4.6281],[120.2257,-4.6417],[120.2274,-4.646],[120.2265,-4.6525],[120.2277,-4.6566],[120.2303,-4.6584],[120.2362,-4.6582],[120.2349,-4.6621],[120.2299,-4.663],[120.2254,-4.6659],[120.2249,-4.6678],[120.2277,-4.6829],[120.2234,-4.6978],[120.2306,-4.7087],[120.2304,-4.7189],[120.2266,-4.7258],[120.2264,-4.7342],[120.2033,-4.7381],[120.1916,-4.7458],[120.1699,-4.7448],[120.1646,-4.7471],[120.1618,-4.7499],[120.1593,-4.7564],[120.1589,-4.7666],[120.1554,-4.7733],[120.1496,-4.778],[120.1422,-4.7881],[120.1355,-4.7919],[120.1302,-4.7929],[120.1247,-4.7914],[120.121,-4.7874],[120.1188,-4.7783],[120.115,-4.7723],[120.1078,-4.769]]],"type":"MultiPolygon"}},{"type":"Feature","properties":{"id_kec":"73.08.12","nama_kec":"Lappariaja","id_kab":"7308","nama_kab":"Bone"},"geometry":{"coordinates":[[[119.9927,-4.7583],[119.9934,-4.76],[119.9909,-4.7642],[119.9876,-4.7664],[119.9851,-4.7645],[119.9818,-4.7711],[119.9791,-4.7718],[119.9773,-4.7701],[119.9781,-4.7741],[119.9742,-4.7748],[119.9714,-4.7786],[119.9544,-4.7657],[119.9445,-4.7603],[119.9369,-4.7585],[119.9299,-4.7533],[119.9247,-4.7484],[119.9231,-4.7437],[119.9105,-4.732],[119.9005,-4.732],[119.8973,-4.7278],[119.8898,-4.7251],[119.8846,-4.7188],[119.885,-4.7148],[119.8941,-4.6983],[119.9022,-4.6894],[119.9065,-4.6821],[119.907,-4.6734],[119.9056,-4.6709],[119.9068,-4.6687],[119.9228,-4.6721],[119.9257,-4.6706],[119.9257,-4.6668],[119.9351,-4.6719],[119.9534,-4.6747],[119.9614,-4.6739],[119.9809,-4.6652],[119.9845,-4.6599],[119.9841,-4.6564],[119.9927,-4.646],[119.9957,-4.6487],[120.0005,-4.6481],[119.9981,-4.6524],[120.0062,-4.6552],[120.0054,-4.6608],[120.0087,-4.6668],[120.0067,-4.672],[120.0018,-4.6733],[120.0044,-4.678],[120.0026,-4.6813],[120.0057,-4.6821],[120.0084,-4.6798],[120.0096,-4.6819],[120.0124,-4.6818],[120.0147,-4.6767],[120.0175,-4.6745],[120.0193,-4.6775],[120.0184,-4.6817],[120.0214,-4.6844],[120.0227,-4.6886],[120.0219,-4.6913],[120.0172,-4.6911],[120.0143,-4.6889],[120.0115,-4.6902],[120.0111,-4.6962],[120.0134,-4.6988],[120.0128,-4.7038],[120.0154,-4.7055],[120.0167,-4.7001],[120.0196,-4.6979],[120.0294,-4.7007],[120.0327,-4.7056],[120.0271,-4.7113],[120.032,-4.7169],[120.0364,-4.7177],[120.0363,-4.7214],[120.0305,-4.7233],[120.0309,-4.735],[120.0248,-4.7345],[120.0223,-4.7421],[120.0233,-4.7449],[120.0265,-4.7454],[120.027,-4.7512],[120.0199,-4.7532],[120.0179,-4.7576],[120.0159,-4.7575],[120.0132,-4.7536],[120.0109,-4.7587],[120.0071,-4.7611],[120.0025,-4.757],[120.0024,-4.7632],[119.9968,-4.7546],[119.9927,-4.7583]]],"type":"MultiPolygon"}},{"type":"Feature","properties":{"id_kec":"73.08.13","nama_kec":"Lamuru","id_kab":"7308","nama_kab":"Bone"},"geometry":{"coordinates":[[[120.0004,-4.6093],[120.0023,-4.6141],[119.9986,-4.6165],[119.9966,-4.6226],[119.9918,-4.6222],[119.9906,-4.6294],[119.9914,-4.6309],[119.9992,-4.6303],[119.9999,-4.6362],[119.9984,-4.639],[120.0012,-4.6409],[120.0019,-4.6445],[119.9991,-4.6452],[119.9961,-4.6433],[119.9936,-4.6446],[119.9841,-4.6564],[119.9845,-4.6599],[119.9809,-4.6652],[119.964,-4.6732],[119.9534,-4.6747],[119.9351,-4.6719],[119.9258,-4.6668],[119.9258,-4.663],[119.9233,-4.659],[119.9127,-4.6493],[119.9035,-4.6436],[119.9025,-4.6392],[119.9048,-4.6289],[119.9001,-4.6234],[119.8955,-4.6137],[119.8852,-4.6085],[119.8819,-4.604],[119.8833,-4.597],[119.895,-4.5845],[119.9024,-4.5809],[119.9084,-4.5665],[119.9083,-4.5639],[119.9012,-4.5544],[119.8906,-4.524],[119.8983,-4.5168],[119.9025,-4.5158],[119.9105,-4.5196],[119.9184,-4.5259],[119.9214,-4.5255],[119.9284,-4.5305],[119.931,-4.53],[119.9388,-4.5338],[119.9412,-4.5335],[119.9424,-4.5312],[119.9441,-4.533],[119.9517,-4.5337],[119.9534,-4.5326],[119.9603,-4.5354],[119.9624,-4.5326],[119.9679,-4.5333],[119.9708,-4.5318],[119.9763,-4.5388],[119.9807,-4.5343],[119.985,-4.5331],[119.9868,-4.5254],[119.991,-4.5243],[119.9939,-4.5208],[120.0141,-4.5264],[120.0194,-4.5239],[120.0321,-4.5233],[120.0376,-4.5209],[120.0419,-4.516],[120.0476,-4.5049],[120.0545,-4.501],[120.0601,-4.5185],[120.0574,-4.5268],[120.0526,-4.5344],[120.0446,-4.5382],[120.0474,-4.546],[120.046,-4.5478],[120.0403,-4.5489],[120.0249,-4.5486],[120.0179,-4.5571],[120.0063,-4.5632],[120.0115,-4.5707],[120.0106,-4.5748],[120.004,-4.5767],[120.0067,-4.5803],[120.003,-4.5832],[120.001,-4.5794],[119.9949,-4.5818],[119.995,-4.5831],[120.0001,-4.5851],[119.9977,-4.5905],[120.0028,-4.593],[120.002,-4.5978],[120.0042,-4.6046],[120.0004,-4.6093]]],"type":"MultiPolygon"}},{"type":"Feature","properties":{"id_kec":"73.08.14","nama_kec":"Ulaweng","id_kab":"7308","nama_kab":"Bone"},"geometry":{"coordinates":[[[120.1774,-4.5348],[120.1702,-4.5422],[120.1667,-4.5499],[120.1559,-4.5562],[120.1491,-4.5636],[120.1177,-4.5818],[120.1047,-4.5819],[120.0996,-4.5767],[120.0979,-4.5645],[120.0854,-4.5505],[120.0834,-4.5397],[120.0843,-4.5306],[120.0817,-4.5283],[120.0737,-4.5257],[120.0578,-4.5259],[120.0603,-4.5167],[120.0571,-4.5113],[120.0545,-4.501],[120.0591,-4.4983],[120.0583,-4.4935],[120.0606,-4.4867],[120.0585,-4.4801],[120.0597,-4.4705],[120.057,-4.4645],[120.06,-4.4532],[120.0878,-4.4559],[120.0978,-4.4653],[120.1044,-4.4666],[120.1115,-4.4645],[120.1146,-4.4611],[120.1141,-4.4522],[120.1156,-4.4495],[120.1407,-4.4443],[120.145,-4.4481],[120.1458,-4.4591],[120.1427,-4.4666],[120.1463,-4.4746],[120.1492,-4.4677],[120.1476,-4.4632],[120.1556,-4.4515],[120.1573,-4.4513],[120.1581,-4.4528],[120.1623,-4.4511],[120.1711,-4.4551],[120.1748,-4.4693],[120.1897,-4.4761],[120.1987,-4.4888],[120.2064,-4.4947],[120.2099,-4.4957],[120.211,-4.502],[120.2098,-4.5066],[120.1991,-4.5206],[120.1832,-4.5283],[120.1774,-4.5348]]],"type":"MultiPolygon"}},{"type":"Feature","properties":{"id_kec":"73.08.15","nama_kec":"Palakka","id_kab":"7308","nama_kab":"Bone"},"geometry":{"coordinates":[[[120.314,-4.5743],[120.3017,-4.5977],[120.2944,-4.5951],[120.2895,-4.5868],[120.2845,-4.5841],[120.278,-4.5857],[120.2607,-4.5847],[120.2573,-4.5739],[120.2599,-4.5627],[120.2581,-4.5559],[120.254,-4.553],[120.2418,-4.5577],[120.2391,-4.5571],[120.2331,-4.5585],[120.2326,-4.5602],[120.2264,-4.5606],[120.2233,-4.5646],[120.2221,-4.5717],[120.2189,-4.5723],[120.2153,-4.5706],[120.2153,-4.5615],[120.2021,-4.5708],[120.1973,-4.5778],[120.1892,-4.5849],[120.1751,-4.5926],[120.1701,-4.5938],[120.1707,-4.5912],[120.169,-4.5874],[120.1538,-4.5777],[120.1504,-4.5644],[120.1514,-4.5603],[120.1538,-4.558],[120.1667,-4.5499],[120.1702,-4.5422],[120.1759,-4.5372],[120.1785,-4.5325],[120.1832,-4.5283],[120.1976,-4.5216],[120.2026,-4.5168],[120.2107,-4.5046],[120.2105,-4.4936],[120.2154,-4.4858],[120.2233,-4.4804],[120.225,-4.4732],[120.2244,-4.4599],[120.2322,-4.4557],[120.2384,-4.4623],[120.2562,-4.4701],[120.2743,-4.4915],[120.2831,-4.489],[120.2939,-4.4908],[120.285,-4.4984],[120.2796,-4.5011],[120.2757,-4.5171],[120.2718,-4.5154],[120.2704,-4.5197],[120.2818,-4.53],[120.2758,-4.5395],[120.2851,-4.5456],[120.2841,-4.5498],[120.2857,-4.5522],[120.2909,-4.5544],[120.2887,-4.5568],[120.2933,-4.5601],[120.2936,-4.5635],[120.2952,-4.5627],[120.2967,-4.565],[120.3085,-4.5676],[120.313,-4.5726],[120.3153,-4.5732],[120.314,-4.5743]]],"type":"MultiPolygon"}},{"type":"Feature","properties":{"id_kec":"73.08.16","nama_kec":"Awangpone","id_kab":"7308","nama_kab":"Bone"},"geometry":{"coordinates":[[[120.3551,-4.4805],[120.3518,-4.4815],[120.3539,-4.4911],[120.3503,-4.4969],[120.3371,-4.495],[120.3344,-4.4924],[120.335,-4.4937],[120.3325,-4.495],[120.3343,-4.4975],[120.33,-4.4986],[120.3245,-4.4871],[120.3208,-4.4863],[120.3174,-4.4886],[120.3129,-4.4866],[120.3117,-4.4878],[120.312,-4.4866],[120.3091,-4.4844],[120.3039,-4.4899],[120.2996,-4.489],[120.2962,-4.491],[120.2831,-4.489],[120.2743,-4.4915],[120.2562,-4.4701],[120.2384,-4.4623],[120.2337,-4.456],[120.2306,-4.4558],[120.2244,-4.4599],[120.2236,-4.4256],[120.2287,-4.4195],[120.2313,-4.4185],[120.2404,-4.4208],[120.2487,-4.4199],[120.2571,-4.4167],[120.2622,-4.4172],[120.271,-4.4068],[120.2799,-4.405],[120.2841,-4.4053],[120.2877,-4.4079],[120.2965,-4.4182],[120.3039,-4.4183],[120.3147,-4.424],[120.32,-4.4238],[120.3216,-4.422],[120.3266,-4.423],[120.3274,-4.4185],[120.3256,-4.417],[120.3284,-4.4184],[120.3288,-4.4162],[120.3342,-4.4151],[120.3342,-4.4138],[120.3356,-4.4163],[120.3394,-4.4105],[120.347,-4.412],[120.3473,-4.4257],[120.3565,-4.4357],[120.36,-4.4375],[120.3599,-4.439],[120.3634,-4.4393],[120.36279999999999,-4.4418],[120.3657,-4.4445],[120.3716,-4.4461],[120.3721,-4.452],[120.3758,-4.4566],[120.3755,-4.4581],[120.3723,-4.459],[120.3736,-4.4608],[120.3831,-4.4619],[120.3856,-4.4668],[120.3837,-4.4676],[120.3769,-4.4645],[120.3743,-4.4697],[120.376,-4.4722],[120.3735,-4.474],[120.3695,-4.4819],[120.3675,-4.4806],[120.3637,-4.4856],[120.3577,-4.4802],[120.3551,-4.4805]]],"type":"MultiPolygon"}},{"type":"Feature","properties":{"id_kec":"73.08.17","nama_kec":"Tellu Siattinge","id_kab":"7308","nama_kab":"Bone"},"geometry":{"coordinates":[[[120.225,-4.4732],[120.2233,-4.4804],[120.2154,-4.4858],[120.2099,-4.4957],[120.2064,-4.4947],[120.1987,-4.4888],[120.1915,-4.478],[120.1867,-4.4738],[120.1772,-4.4715],[120.1748,-4.4693],[120.1711,-4.4551],[120.1648,-4.4532],[120.1594,-4.4473],[120.1587,-4.4384],[120.1528,-4.4312],[120.1522,-4.4282],[120.156,-4.4218],[120.1513,-4.4093],[120.1517,-4.4046],[120.1628,-4.3983],[120.1672,-4.3903],[120.1673,-4.3846],[120.1748,-4.3822],[120.1823,-4.3838],[120.1813,-4.39],[120.1882,-4.3944],[120.1949,-4.3964],[120.1992,-4.4028],[120.2031,-4.4009],[120.2047,-4.3981],[120.2032,-4.3885],[120.2065,-4.388],[120.2121,-4.3906],[120.2207,-4.3766],[120.2259,-4.3713],[120.2281,-4.3636],[120.2319,-4.3578],[120.2553,-4.34],[120.2666,-4.3336],[120.2761,-4.3208],[120.2824,-4.3203],[120.2851,-4.3174],[120.2904,-4.3172],[120.2962,-4.3145],[120.2942,-4.3031],[120.2964,-4.3032],[120.3006,-4.2993],[120.304,-4.311],[120.3119,-4.321],[120.308,-4.3246],[120.3068,-4.3286],[120.3007,-4.3339],[120.3006,-4.3358],[120.3095,-4.3536],[120.3101,-4.3641],[120.3083,-4.3693],[120.2985,-4.3748],[120.2963,-4.3714],[120.2851,-4.3678],[120.2759,-4.3704],[120.2707,-4.3924],[120.274,-4.3956],[120.2813,-4.3972],[120.3177,-4.3858],[120.3234,-4.3832],[120.3302,-4.377],[120.3335,-4.3783],[120.3395,-4.3773],[120.355,-4.3837],[120.363,-4.3842],[120.3622,-4.3867],[120.354,-4.4011],[120.3475,-4.4039],[120.3478,-4.4114],[120.3408,-4.4117],[120.3397,-4.4104],[120.3356,-4.4163],[120.3342,-4.4138],[120.3342,-4.4151],[120.3288,-4.4162],[120.3284,-4.4184],[120.3256,-4.417],[120.3274,-4.4185],[120.3266,-4.423],[120.3216,-4.422],[120.32,-4.4238],[120.3147,-4.424],[120.3039,-4.4183],[120.2965,-4.4182],[120.2877,-4.4079],[120.2819,-4.4049],[120.271,-4.4068],[120.2622,-4.4172],[120.2571,-4.4167],[120.2487,-4.4199],[120.2404,-4.4208],[120.2328,-4.4181],[120.2287,-4.4195],[120.2236,-4.4256],[120.2231,-4.4286],[120.225,-4.4732]]],"type":"MultiPolygon"}},{"type":"Feature","properties":{"id_kec":"73.08.18","nama_kec":"Ajangale","id_kab":"7308","nama_kab":"Bone"},"geometry":{"coordinates":[[[120.1034,-4.3252],[120.0995,-4.3278],[120.0828,-4.3269],[120.0853,-4.3224],[120.0826,-4.3188],[120.0845,-4.3176],[120.0847,-4.3126],[120.0772,-4.3042],[120.0794,-4.2978],[120.083,-4.2945],[120.0829,-4.2904],[120.0733,-4.2853],[120.0709,-4.2725],[120.0739,-4.2648],[120.0728,-4.2601],[120.0763,-4.2474],[120.0835,-4.2491],[120.0894,-4.2484],[120.0999,-4.2522],[120.1107,-4.2482],[120.1199,-4.2432],[120.1248,-4.2275],[120.1306,-4.2258],[120.1386,-4.2196],[120.1415,-4.2248],[120.1485,-4.2228],[120.1513,-4.225],[120.1614,-4.2278],[120.1659,-4.2257],[120.1737,-4.2266],[120.1923,-4.2369],[120.2199,-4.2373],[120.2205,-4.25],[120.2183,-4.2546],[120.2133,-4.2548],[120.2075,-4.2497],[120.2029,-4.249],[120.1964,-4.2525],[120.1898,-4.2598],[120.1889,-4.264],[120.1776,-4.2856],[120.1682,-4.3171],[120.163,-4.3195],[120.1593,-4.3253],[120.158,-4.3324],[120.1518,-4.3304],[120.1413,-4.3232],[120.1234,-4.3216],[120.1134,-4.3165],[120.1057,-4.321],[120.1034,-4.3252]]],"type":"MultiPolygon"}},{"type":"Feature","properties":{"id_kec":"73.08.19","nama_kec":"Dua Boccoe","id_kab":"7308","nama_kab":"Bone"},"geometry":{"coordinates":[[[120.2232,-4.3744],[120.2121,-4.3906],[120.2065,-4.388],[120.2032,-4.3885],[120.2047,-4.3981],[120.2031,-4.4009],[120.1992,-4.4028],[120.1949,-4.3964],[120.1882,-4.3944],[120.1813,-4.39],[120.1823,-4.3838],[120.1748,-4.3822],[120.1673,-4.3846],[120.1605,-4.3794],[120.1537,-4.3596],[120.1588,-4.3366],[120.1581,-4.3297],[120.1593,-4.3253],[120.163,-4.3195],[120.1682,-4.3171],[120.1776,-4.2856],[120.1889,-4.264],[120.1898,-4.2598],[120.1964,-4.2525],[120.2029,-4.249],[120.2075,-4.2497],[120.2133,-4.2548],[120.2183,-4.2546],[120.2205,-4.25],[120.2199,-4.2373],[120.2245,-4.2351],[120.2318,-4.2422],[120.2319,-4.2483],[120.2342,-4.2551],[120.2336,-4.2615],[120.2374,-4.2675],[120.25,-4.2727],[120.2594,-4.2705],[120.2652,-4.2673],[120.2785,-4.2501],[120.2811,-4.2528],[120.2829,-4.2581],[120.2836,-4.2831],[120.2822,-4.2883],[120.287,-4.2908],[120.294,-4.291],[120.3006,-4.2993],[120.2964,-4.3032],[120.2942,-4.3031],[120.2951,-4.3125],[120.2965,-4.3142],[120.2904,-4.3172],[120.2847,-4.3176],[120.2824,-4.3203],[120.2761,-4.3208],[120.2666,-4.3336],[120.2553,-4.34],[120.2319,-4.3578],[120.2281,-4.3636],[120.2269,-4.3696],[120.2232,-4.3744]]],"type":"MultiPolygon"}},{"type":"Feature","properties":{"id_kec":"73.08.20","nama_kec":"Cenrana","id_kab":"7308","nama_kab":"Bone"},"geometry":{"coordinates":[[[120.297,-4.3925],[120.2813,-4.3972],[120.274,-4.3956],[120.2707,-4.3924],[120.2759,-4.3704],[120.2851,-4.3678],[120.2963,-4.3714],[120.2985,-4.3748],[120.3023,-4.3735],[120.3083,-4.3693],[120.3107,-4.3589],[120.3052,-4.343],[120.3006,-4.3358],[120.3007,-4.3339],[120.3068,-4.3286],[120.308,-4.3246],[120.3119,-4.321],[120.304,-4.311],[120.3005,-4.2992],[120.2949,-4.2917],[120.287,-4.2908],[120.2822,-4.2883],[120.2836,-4.2831],[120.2829,-4.2581],[120.2811,-4.2528],[120.2785,-4.2501],[120.2834,-4.2466],[120.291,-4.2445],[120.30029999999999,-4.2481],[120.3187,-4.2389],[120.3347,-4.2401],[120.3453,-4.2314],[120.3495,-4.2314],[120.3509,-4.2299],[120.3507,-4.226],[120.3572,-4.2224],[120.3612,-4.2218],[120.364,-4.2248],[120.3675,-4.2226],[120.3709,-4.2319],[120.3726,-4.2328],[120.3726,-4.2376],[120.3716,-4.249],[120.3657,-4.2625],[120.3646,-4.2904],[120.3657,-4.2956],[120.3672,-4.2963],[120.3649,-4.2986],[120.3734,-4.2999],[120.3877,-4.3133],[120.3927,-4.3271],[120.3922,-4.3432],[120.3905,-4.3442],[120.3901,-4.3477],[120.3879,-4.3484],[120.3878,-4.3508],[120.384,-4.3513],[120.3862,-4.3537],[120.3749,-4.369],[120.369,-4.3737],[120.363,-4.3694],[120.3609,-4.3707],[120.3612,-4.3781],[120.3636,-4.3818],[120.363,-4.3842],[120.355,-4.3837],[120.3395,-4.3773],[120.3335,-4.3783],[120.3302,-4.377],[120.3206,-4.3845],[120.297,-4.3925]]],"type":"MultiPolygon"}},{"type":"Feature","properties":{"id_kec":"73.08.21","nama_kec":"Tanete Riattang","id_kab":"7308","nama_kab":"Bone"},"geometry":{"coordinates":[[[120.3285,-4.5753],[120.3273,-4.575],[120.3263,-4.5773],[120.3205,-4.5774],[120.3153,-4.5732],[120.3233,-4.5454],[120.326,-4.5424],[120.3246,-4.5394],[120.3215,-4.5382],[120.3185,-4.5345],[120.3183,-4.5316],[120.3231,-4.5273],[120.3145,-4.5163],[120.3183,-4.513],[120.3184,-4.5111],[120.3205,-4.5115],[120.3189,-4.5086],[120.3221,-4.5036],[120.3248,-4.5035],[120.3272,-4.5055],[120.3285,-4.5011],[120.3271,-4.498],[120.3343,-4.4975],[120.3325,-4.495],[120.335,-4.4937],[120.3344,-4.4924],[120.3371,-4.495],[120.3488,-4.497],[120.3546,-4.4937],[120.3598,-4.4972],[120.3598,-4.5029],[120.3529,-4.5148],[120.348,-4.5199],[120.3544,-4.5243],[120.3495,-4.528],[120.3522,-4.5305],[120.3517,-4.532],[120.3472,-4.5388],[120.3441,-4.5403],[120.3411,-4.546],[120.3404,-4.5528],[120.3376,-4.5584],[120.3371,-4.5748],[120.3355,-4.5767],[120.3285,-4.5753]]],"type":"MultiPolygon"}},{"type":"Feature","properties":{"id_kec":"73.08.22","nama_kec":"Tanete Riattang Barat","id_kab":"7308","nama_kab":"Bone"},"geometry":{"coordinates":[[[120.3232,-4.5465],[120.3153,-4.5732],[120.313,-4.5726],[120.308,-4.5674],[120.2967,-4.565],[120.2952,-4.5627],[120.2936,-4.5635],[120.2933,-4.5601],[120.2887,-4.5568],[120.2909,-4.5544],[120.2857,-4.5522],[120.2841,-4.5498],[120.2851,-4.5456],[120.2758,-4.5395],[120.2818,-4.53],[120.2704,-4.5197],[120.2718,-4.5154],[120.2757,-4.5171],[120.2796,-4.5011],[120.285,-4.4984],[120.2939,-4.4908],[120.3054,-4.4893],[120.3091,-4.4844],[120.312,-4.4866],[120.3117,-4.4878],[120.3129,-4.4866],[120.3174,-4.4886],[120.3208,-4.4863],[120.3245,-4.4871],[120.33,-4.4986],[120.3271,-4.498],[120.3285,-4.5011],[120.3272,-4.5055],[120.3248,-4.5035],[120.3221,-4.5036],[120.3189,-4.5086],[120.3205,-4.5115],[120.3184,-4.5111],[120.3183,-4.513],[120.3145,-4.5163],[120.3231,-4.5273],[120.3183,-4.5317],[120.3201,-4.5367],[120.3258,-4.5417],[120.3232,-4.5465]]],"type":"MultiPolygon"}},{"type":"Feature","properties":{"id_kec":"73.08.23","nama_kec":"Tanete Riattang Timur","id_kab":"7308","nama_kab":"Bone"},"geometry":{"coordinates":[[[120.434,-4.558],[120.4353,-4.5564],[120.4385,-4.5563],[120.4371,-4.5609],[120.434,-4.558]],[[120.3864,-4.5702],[120.3851,-4.5695],[120.3803,-4.5739],[120.3664,-4.5717],[120.3622,-4.5733],[120.3453,-4.5711],[120.3435,-4.5731],[120.3382,-4.5734],[120.3364,-4.5684],[120.3411,-4.546],[120.3441,-4.5403],[120.3472,-4.5388],[120.3517,-4.532],[120.3522,-4.5305],[120.3495,-4.528],[120.3544,-4.5243],[120.348,-4.5196],[120.359,-4.5055],[120.3605,-4.4996],[120.3585,-4.4959],[120.3532,-4.4935],[120.3539,-4.4911],[120.3518,-4.4815],[120.353,-4.4801],[120.3577,-4.4802],[120.3637,-4.4856],[120.3675,-4.4806],[120.3695,-4.4819],[120.3735,-4.474],[120.3762,-4.4718],[120.3743,-4.4697],[120.3769,-4.4645],[120.3837,-4.4676],[120.3969,-4.469],[120.4019,-4.4812],[120.3979,-4.4919],[120.3929,-4.4876],[120.3903,-4.4906],[120.3879,-4.4902],[120.3821,-4.5001],[120.3812,-4.5064],[120.3766,-4.5119],[120.3802,-4.5229],[120.3852,-4.5286],[120.3846,-4.5382],[120.3858,-4.5421],[120.393,-4.5405],[120.3858,-4.5423],[120.3849,-4.5487],[120.394,-4.5502],[120.4056,-4.5459],[120.4052,-4.5441],[120.4053,-4.5423],[120.4058,-4.5456],[120.4074,-4.5443],[120.4064,-4.547],[120.3936,-4.5507],[120.3862,-4.5493],[120.3859,-4.5541],[120.3839,-4.5548],[120.3836,-4.5587],[120.3875,-4.5676],[120.3864,-4.5702]],[[120.4761,-4.5343],[120.4754,-4.5309],[120.4815,-4.533],[120.4793,-4.5427],[120.4761,-4.5343]],[[120.4487,-4.5421],[120.447,-4.5371],[120.449,-4.5341],[120.4555,-4.529],[120.462,-4.5298],[120.4629,-4.5347],[120.4604,-4.5418],[120.4559,-4.5434],[120.4487,-4.5421]],[[120.4401,-4.501],[120.4527,-4.5084],[120.4484,-4.5094],[120.444,-4.5066],[120.4371,-4.5102],[120.4301,-4.5186],[120.4233,-4.5182],[120.422,-4.509],[120.4228,-4.5012],[120.4161,-4.4961],[120.4167,-4.4949],[120.4262,-4.5007],[120.4401,-4.501]]],"type":"MultiPolygon"}},{"type":"Feature","properties":{"id_kec":"73.08.24","nama_kec":"Amali","id_kab":"7308","nama_kab":"Bone"},"geometry":{"coordinates":[[[120.1667,-4.3912],[120.1611,-4.4002],[120.1517,-4.4046],[120.1513,-4.4093],[120.156,-4.4218],[120.1522,-4.4282],[120.1528,-4.4312],[120.158,-4.4368],[120.1586,-4.4458],[120.1623,-4.4511],[120.1581,-4.4528],[120.1573,-4.4513],[120.1556,-4.4515],[120.1518,-4.4554],[120.1504,-4.4608],[120.1476,-4.4632],[120.1492,-4.4677],[120.1467,-4.4745],[120.1427,-4.4666],[120.1458,-4.4591],[120.145,-4.4481],[120.1407,-4.4443],[120.1156,-4.4495],[120.1141,-4.4522],[120.1146,-4.4611],[120.1115,-4.4645],[120.1044,-4.4666],[120.0978,-4.4653],[120.0878,-4.4559],[120.0605,-4.4527],[120.0625,-4.4488],[120.062,-4.4401],[120.0646,-4.433],[120.0532,-4.4153],[120.049,-4.3974],[120.0679,-4.4026],[120.0799,-4.4015],[120.0947,-4.3921],[120.0962,-4.3856],[120.0929,-4.3788],[120.0957,-4.3621],[120.0891,-4.3504],[120.0777,-4.3479],[120.0769,-4.3465],[120.0786,-4.3416],[120.0768,-4.3354],[120.0828,-4.3269],[120.1009,-4.3276],[120.1057,-4.321],[120.1134,-4.3165],[120.1234,-4.3216],[120.1413,-4.3232],[120.1518,-4.3304],[120.158,-4.3324],[120.1588,-4.3366],[120.1537,-4.3596],[120.1595,-4.3783],[120.1674,-4.385],[120.1667,-4.3912]]],"type":"MultiPolygon"}},{"type":"Feature","properties":{"id_kec":"73.08.25","nama_kec":"Tellu Limpoe","id_kab":"7308","nama_kab":"Bone"},"geometry":{"coordinates":[[[119.6989,-4.7893],[119.7077,-4.7874],[119.7214,-4.7886],[119.7236,-4.7872],[119.7309,-4.8001],[119.733,-4.8003],[119.7337,-4.7973],[119.7359,-4.7962],[119.7373,-4.7971],[119.7387,-4.7956],[119.7412,-4.7963],[119.7436,-4.7949],[119.7452,-4.7952],[119.7447,-4.7971],[119.7487,-4.7971],[119.7475,-4.7948],[119.7501,-4.7948],[119.7493,-4.7909],[119.7516,-4.7889],[119.7546,-4.7888],[119.7534,-4.7899],[119.7547,-4.7901],[119.7599,-4.7878],[119.7578,-4.7854],[119.76,-4.7852],[119.7599,-4.7832],[119.7575,-4.7836],[119.757,-4.782],[119.7564,-4.784],[119.7545,-4.7825],[119.7554,-4.7751],[119.7574,-4.7751],[119.7635,-4.7699],[119.766,-4.7613],[119.7698,-4.7551],[119.7867,-4.7531],[119.7908,-4.7617],[119.7952,-4.7648],[119.7998,-4.7653],[119.8061,-4.7618],[119.8079,-4.7572],[119.8207,-4.7444],[119.8224,-4.7397],[119.821,-4.7301],[119.8228,-4.7216],[119.8166,-4.7134],[119.8135,-4.7049],[119.787,-4.689],[119.7771,-4.6872],[119.771,-4.6888],[119.7664,-4.6858],[119.76,-4.6848],[119.7583,-4.6798],[119.7612,-4.6672],[119.7563,-4.6583],[119.7579,-4.6507],[119.7541,-4.6417],[119.7576,-4.6323],[119.7576,-4.6268],[119.7641,-4.6237],[119.7636,-4.6178],[119.7653,-4.616],[119.7721,-4.6145],[119.7748,-4.6115],[119.7885,-4.6059],[119.7894,-4.5999],[119.795,-4.5985],[119.7977,-4.5957],[119.8005,-4.5805],[119.7981,-4.5652],[119.8076,-4.5505],[119.803,-4.5356],[119.8083,-4.5367],[119.8114,-4.5343],[119.8127,-4.5304],[119.8214,-4.5273],[119.8513,-4.5323],[119.855,-4.5377],[119.8592,-4.5292],[119.8684,-4.5285],[119.8746,-4.5329],[119.8872,-4.5245],[119.8906,-4.524],[119.9012,-4.5544],[119.9083,-4.5639],[119.9084,-4.5665],[119.9024,-4.5809],[119.895,-4.5845],[119.8833,-4.597],[119.8819,-4.604],[119.8852,-4.6085],[119.8955,-4.6137],[119.9001,-4.6234],[119.9048,-4.6289],[119.9025,-4.6392],[119.9035,-4.6436],[119.9127,-4.6493],[119.9233,-4.659],[119.9258,-4.663],[119.9257,-4.6706],[119.9228,-4.6721],[119.9068,-4.6687],[119.9056,-4.6709],[119.907,-4.6734],[119.907,-4.6797],[119.9039,-4.6869],[119.8931,-4.6998],[119.885,-4.7148],[119.8846,-4.7188],[119.8799,-4.7284],[119.8721,-4.7341],[119.8665,-4.7436],[119.8602,-4.7411],[119.8432,-4.7431],[119.8379,-4.7488],[119.8171,-4.7619],[119.8127,-4.7662],[119.8116,-4.7684],[119.8136,-4.7785],[119.811,-4.7854],[119.813,-4.7935],[119.8066,-4.8088],[119.7888,-4.8089],[119.7842,-4.8062],[119.7785,-4.8175],[119.7745,-4.8189],[119.7735,-4.8219],[119.7714,-4.8213],[119.7677,-4.8243],[119.7651,-4.8189],[119.7651,-4.8149],[119.7629,-4.8132],[119.7636,-4.8078],[119.7596,-4.8049],[119.7518,-4.8032],[119.7427,-4.8068],[119.7283,-4.8171],[119.7263,-4.8235],[119.7247,-4.8211],[119.7212,-4.8217],[119.7159,-4.8178],[119.7131,-4.8114],[119.701,-4.8024],[119.6978,-4.7981],[119.6965,-4.7927],[119.6968,-4.788],[119.6989,-4.7893]]],"type":"MultiPolygon"}},{"type":"Feature","properties":{"id_kec":"73.08.26","nama_kec":"Bengo","id_kab":"7308","nama_kab":"Bone"},"geometry":{"coordinates":[[[120.053,-4.7167],[120.0395,-4.7225],[120.0363,-4.7214],[120.0352,-4.7166],[120.032,-4.7169],[120.0276,-4.7124],[120.0271,-4.7106],[120.0327,-4.7056],[120.0294,-4.7007],[120.0196,-4.6979],[120.0167,-4.7001],[120.0154,-4.7055],[120.0128,-4.7038],[120.0134,-4.6988],[120.0111,-4.6962],[120.0115,-4.6902],[120.0143,-4.6889],[120.0172,-4.6911],[120.0226,-4.6903],[120.0214,-4.6844],[120.0184,-4.6817],[120.0184,-4.6749],[120.0159,-4.6752],[120.0124,-4.6818],[120.0096,-4.6819],[120.0084,-4.6798],[120.0057,-4.6821],[120.0026,-4.6813],[120.0044,-4.678],[120.0018,-4.6733],[120.0067,-4.672],[120.0087,-4.6668],[120.0054,-4.6608],[120.0062,-4.6552],[119.9981,-4.6524],[120.0001,-4.6477],[119.9957,-4.6487],[119.9927,-4.646],[119.9961,-4.6433],[119.9991,-4.6452],[120.0019,-4.6445],[120.0012,-4.6409],[119.9984,-4.639],[119.9999,-4.6362],[119.9992,-4.6303],[119.9914,-4.6309],[119.9906,-4.6294],[119.9918,-4.6222],[119.9966,-4.6226],[119.9986,-4.6165],[120.0023,-4.6141],[120.0003,-4.6087],[120.0043,-4.6041],[120.002,-4.5978],[120.0028,-4.593],[119.9973,-4.5899],[120,-4.5878],[120.0001,-4.5851],[119.9948,-4.5825],[120.001,-4.5794],[120.003,-4.5832],[120.0067,-4.5803],[120.004,-4.5767],[120.0106,-4.5748],[120.0115,-4.5707],[120.0063,-4.5632],[120.0179,-4.5571],[120.0249,-4.5486],[120.046,-4.5478],[120.0474,-4.546],[120.0446,-4.5382],[120.0516,-4.5354],[120.0578,-4.5259],[120.0737,-4.5257],[120.0817,-4.5283],[120.0843,-4.5306],[120.0834,-4.5397],[120.0854,-4.5505],[120.0987,-4.566],[120.0996,-4.5767],[120.1067,-4.5946],[120.105,-4.6048],[120.109,-4.6258],[120.1066,-4.6451],[120.1067,-4.6496],[120.1087,-4.6528],[120.1002,-4.6659],[120.1015,-4.6735],[120.1008,-4.6865],[120.0986,-4.6909],[120.0912,-4.6977],[120.0795,-4.7043],[120.0745,-4.7107],[120.0624,-4.7107],[120.053,-4.7167]]],"type":"MultiPolygon"}},{"type":"Feature","properties":{"id_kec":"73.08.27","nama_kec":"Patimpeng","id_kab":"7308","nama_kab":"Bone"},"geometry":{"coordinates":[[[120.1398,-4.9703],[120.1338,-4.9674],[120.1246,-4.9668],[120.1146,-4.9595],[120.1141,-4.9493],[120.1093,-4.9431],[120.1084,-4.9367],[120.1089,-4.934],[120.1182,-4.9257],[120.1157,-4.9094],[120.1109,-4.9011],[120.1209,-4.9],[120.123,-4.8982],[120.1254,-4.8921],[120.1267,-4.8804],[120.1297,-4.8741],[120.1177,-4.874],[120.1043,-4.8784],[120.1148,-4.8629],[120.1163,-4.8563],[120.1236,-4.8415],[120.1344,-4.835],[120.1423,-4.8374],[120.1472,-4.8164],[120.154,-4.8191],[120.1687,-4.8182],[120.1732,-4.8204],[120.1731,-4.8276],[120.1757,-4.8361],[120.1851,-4.8441],[120.1957,-4.8503],[120.2103,-4.8548],[120.2243,-4.8542],[120.2336,-4.8498],[120.2377,-4.8532],[120.2372,-4.8587],[120.2423,-4.8649],[120.2408,-4.8688],[120.2327,-4.8748],[120.2372,-4.8934],[120.2365,-4.9132],[120.2296,-4.9238],[120.2249,-4.9442],[120.2112,-4.9526],[120.2028,-4.9619],[120.202,-4.965],[120.2063,-4.9699],[120.2081,-4.9786],[120.2047,-4.9812],[120.1902,-4.9867],[120.1818,-4.9939],[120.1668,-4.9908],[120.1519,-4.9937],[120.1498,-4.9785],[120.1398,-4.9703]]],"type":"MultiPolygon"}},{"type":"Feature","properties":{"id_kec":"73.02.01","nama_kec":"Gantarang","id_kab":"7302","nama_kab":"Bulukumba"},"geometry":{"coordinates":[[[[120.169,-5.5587],[120.169,-5.5656],[120.1553,-5.573],[120.1482,-5.5803],[120.1361,-5.5836],[120.1295,-5.5883],[120.1227,-5.5872],[120.1124,-5.5895],[120.1059,-5.5891],[120.1013,-5.5857],[120.0987,-5.5802],[120.1002,-5.5749],[120.0981,-5.5739],[120.1004,-5.5719],[120.0985,-5.5702],[120.0982,-5.567],[120.1,-5.5659],[120.0956,-5.5626],[120.1011,-5.5588],[120.1021,-5.5559],[120.0997,-5.5544],[120.1009,-5.5527],[120.0985,-5.5504],[120.0998,-5.5485],[120.0974,-5.546],[120.0997,-5.5439],[120.0989,-5.5331],[120.0973,-5.5312],[120.098,-5.5255],[120.0959,-5.5197],[120.095,-5.508],[120.0905,-5.4988],[120.0913,-5.491],[120.0872,-5.4871],[120.0836,-5.4782],[120.0703,-5.4626],[120.0699,-5.4596],[120.067,-5.4568],[120.0677,-5.4551],[120.0589,-5.4508],[120.0566,-5.452],[120.0566,-5.4496],[120.0532,-5.4484],[120.0528,-5.4438],[120.0563,-5.4388],[120.05029999999999,-5.4371],[120.04,-5.4238],[120.0389,-5.4198],[120.0318,-5.4141],[120.0298,-5.4099],[120.0375,-5.4086],[120.0356,-5.4103],[120.0363,-5.4143],[120.0396,-5.415],[120.0424,-5.4201],[120.0475,-5.4208],[120.049,-5.4256],[120.0517,-5.4274],[120.0545,-5.4272],[120.0562,-5.4313],[120.0582,-5.4309],[120.0597,-5.4336],[120.0608,-5.4392],[120.0633,-5.4397],[120.0652,-5.4428],[120.0741,-5.4433],[120.0828,-5.4378],[120.0835,-5.4407],[120.0877,-5.4402],[120.0889,-5.4418],[120.0927,-5.4419],[120.102,-5.4477],[120.1036,-5.4533],[120.1056,-5.4543],[120.1052,-5.4568],[120.1093,-5.4588],[120.1087,-5.4619],[120.1118,-5.4623],[120.1117,-5.469],[120.1149,-5.4701],[120.1155,-5.4835],[120.119,-5.4798],[120.1302,-5.4734],[120.139,-5.4752],[120.1394,-5.478],[120.1409,-5.4775],[120.1409,-5.4794],[120.1459,-5.4832],[120.1509,-5.4816],[120.1509,-5.4773],[120.1472,-5.4721],[120.1476,-5.4705],[120.1461,-5.4688],[120.1441,-5.4693],[120.1451,-5.4671],[120.1416,-5.4639],[120.154,-5.4451],[120.1532,-5.4403],[120.1547,-5.4397],[120.1577,-5.4428],[120.1608,-5.441],[120.1729,-5.4537],[120.1745,-5.4537],[120.1738,-5.4563],[120.1773,-5.4582],[120.1807,-5.4628],[120.1832,-5.4616],[120.1835,-5.4648],[120.1864,-5.4668],[120.1875,-5.4659],[120.1852,-5.463],[120.1886,-5.4649],[120.1884,-5.4684],[120.1916,-5.4715],[120.1917,-5.4739],[120.1948,-5.4741],[120.1946,-5.4759],[120.192,-5.4757],[120.1924,-5.4771],[120.194,-5.4783],[120.197,-5.4771],[120.1976,-5.4818],[120.2017,-5.4834],[120.1995,-5.4882],[120.2024,-5.4887],[120.2053,-5.4868],[120.2061,-5.4886],[120.2049,-5.4895],[120.2079,-5.4942],[120.21,-5.4922],[120.2115,-5.493],[120.2099,-5.497],[120.2139,-5.4996],[120.2158,-5.5059],[120.2175,-5.5044],[120.2195,-5.5079],[120.2194,-5.5119],[120.2176,-5.5127],[120.2231,-5.5143],[120.2242,-5.518],[120.2265,-5.5173],[120.2291,-5.5213],[120.2292,-5.5259],[120.2257,-5.532],[120.2122,-5.5351],[120.2049,-5.5386],[120.2022,-5.5347],[120.1996,-5.5346],[120.1903,-5.5407],[120.1911,-5.5426],[120.1831,-5.5507],[120.1798,-5.5511],[120.1788,-5.5539],[120.1761,-5.5549],[120.1714,-5.5535],[120.169,-5.5587]],[[120.1787,-5.5312],[120.1758,-5.5321],[120.1783,-5.5355],[120.1812,-5.536],[120.1818,-5.5319],[120.1787,-5.5312]]]],"type":"MultiPolygon"}},{"type":"Feature","properties":{"id_kec":"73.02.02","nama_kec":"Ujung Bulu","id_kab":"7302","nama_kab":"Bulukumba"},"geometry":{"coordinates":[[[120.1907,-5.5657],[120.1848,-5.5666],[120.1735,-5.5641],[120.169,-5.5656],[120.169,-5.5573],[120.1714,-5.5535],[120.1766,-5.5549],[120.1788,-5.5539],[120.1798,-5.5511],[120.1831,-5.5507],[120.1911,-5.5426],[120.1903,-5.5407],[120.1998,-5.5345],[120.2022,-5.5347],[120.2046,-5.5387],[120.2122,-5.5351],[120.2257,-5.532],[120.2294,-5.5245],[120.2331,-5.523],[120.2316,-5.5278],[120.2399,-5.5306],[120.2381,-5.5332],[120.2417,-5.5337],[120.2391,-5.5374],[120.2186,-5.5411],[120.2124,-5.5493],[120.2014,-5.5552],[120.1907,-5.5657]],[[120.1811,-5.5314],[120.1812,-5.536],[120.1783,-5.5355],[120.1758,-5.5321],[120.1811,-5.5314]]],"type":"MultiPolygon"}},{"type":"Feature","properties":{"id_kec":"73.02.03","nama_kec":"Bonto Bahari","id_kab":"7302","nama_kab":"Bulukumba"},"geometry":{"coordinates":[[[120.479,-5.6762],[120.4793,-5.6808],[120.4737,-5.6807],[120.4768,-5.676],[120.479,-5.6762]],[[120.4293,-5.6393],[120.4353,-5.6422],[120.4435,-5.6418],[120.4456,-5.6447],[120.442,-5.6517],[120.4335,-5.6596],[120.4298,-5.6609],[120.4249,-5.6594],[120.4215,-5.6555],[120.4205,-5.6511],[120.4205,-5.6482],[120.425,-5.6403],[120.4293,-5.6393]],[[120.4594,-5.5733],[120.463,-5.5838],[120.4616,-5.5932],[120.4626,-5.6027],[120.4642,-5.6051],[120.4668,-5.605],[120.4681,-5.6076],[120.4667,-5.6052],[120.4639,-5.6053],[120.4632,-5.6071],[120.467,-5.6097],[120.4684,-5.6086],[120.4673,-5.6098],[120.4683,-5.6147],[120.4732,-5.6195],[120.4721,-5.6227],[120.4674,-5.6196],[120.4603,-5.6205],[120.4559,-5.6145],[120.4485,-5.6085],[120.4425,-5.608],[120.4354,-5.6118],[120.4271,-5.609],[120.3943,-5.5869],[120.3801,-5.5707],[120.3648,-5.5357],[120.3521,-5.5195],[120.3421,-5.5123],[120.3193,-5.5094],[120.3182,-5.5066],[120.3232,-5.5091],[120.3248,-5.5046],[120.3276,-5.5042],[120.3271,-5.5065],[120.3298,-5.5062],[120.3307,-5.505],[120.3292,-5.5033],[120.3312,-5.5033],[120.3333,-5.4985],[120.3304,-5.4984],[120.3316,-5.4951],[120.3297,-5.4932],[120.341,-5.4856],[120.3516,-5.4743],[120.3545,-5.4739],[120.3587,-5.4704],[120.3672,-5.4823],[120.367,-5.4846],[120.3731,-5.4877],[120.3761,-5.4911],[120.3787,-5.4977],[120.3739,-5.5016],[120.3777,-5.5043],[120.394,-5.5045],[120.4061,-5.5076],[120.4216,-5.5054],[120.4313,-5.5083],[120.4472,-5.5069],[120.4485,-5.5117],[120.4467,-5.5265],[120.4489,-5.5308],[120.4501,-5.538],[120.4489,-5.5403],[120.4509,-5.5484],[120.446,-5.5511],[120.4452,-5.5572],[120.4483,-5.5684],[120.4594,-5.5733]]],"type":"MultiPolygon"}},{"type":"Feature","properties":{"id_kec":"73.02.04","nama_kec":"Bontotiro","id_kab":"7302","nama_kab":"Bulukumba"},"geometry":{"coordinates":[[[120.4313,-5.5083],[120.4232,-5.5055],[120.4061,-5.5076],[120.394,-5.5045],[120.3777,-5.5043],[120.3739,-5.5016],[120.3787,-5.4977],[120.3761,-5.4911],[120.3731,-5.4877],[120.367,-5.4846],[120.3672,-5.4823],[120.3587,-5.4704],[120.3545,-5.4739],[120.3516,-5.4743],[120.3419,-5.4845],[120.3405,-5.4804],[120.3325,-5.4769],[120.3303,-5.472],[120.332,-5.4649],[120.328,-5.4647],[120.3297,-5.4549],[120.3319,-5.4519],[120.3285,-5.4486],[120.328,-5.4411],[120.3605,-5.4303],[120.3665,-5.4309],[120.3696,-5.4364],[120.3771,-5.4396],[120.3836,-5.439],[120.3951,-5.4309],[120.3995,-5.4326],[120.4043,-5.4314],[120.41,-5.4407],[120.4154,-5.4379],[120.4155,-5.4403],[120.4173,-5.4394],[120.4236,-5.4445],[120.4247,-5.4521],[120.4226,-5.4591],[120.4249,-5.4638],[120.4242,-5.4654],[120.4283,-5.4689],[120.4333,-5.4691],[120.4367,-5.4727],[120.4493,-5.4744],[120.4511,-5.4768],[120.4511,-5.4787],[120.446,-5.4817],[120.4435,-5.4898],[120.4472,-5.5069],[120.4313,-5.5083]]],"type":"MultiPolygon"}},{"type":"Feature","properties":{"id_kec":"73.02.05","nama_kec":"Hero Lange-Lange","id_kab":"7302","nama_kab":"Bulukumba"},"geometry":{"coordinates":[[[120.4067,-5.4348],[120.4043,-5.4314],[120.3995,-5.4326],[120.3951,-5.4309],[120.3836,-5.439],[120.3771,-5.4396],[120.3696,-5.4364],[120.3665,-5.4309],[120.3602,-5.4303],[120.3336,-5.4402],[120.3288,-5.4404],[120.3278,-5.444],[120.3204,-5.4384],[120.3207,-5.4299],[120.3166,-5.4243],[120.3185,-5.4171],[120.3179,-5.4116],[120.3074,-5.3967],[120.3037,-5.3939],[120.3035,-5.3901],[120.3054,-5.3901],[120.3127,-5.3839],[120.3199,-5.3819],[120.3201,-5.3804],[120.3277,-5.3799],[120.3292,-5.3821],[120.3306,-5.3799],[120.3342,-5.3838],[120.3373,-5.3797],[120.3394,-5.3845],[120.3427,-5.3828],[120.3415,-5.3856],[120.3453,-5.387],[120.3465,-5.3826],[120.3504,-5.3831],[120.3532,-5.3814],[120.3534,-5.3773],[120.355,-5.3776],[120.3561,-5.3751],[120.3782,-5.3621],[120.3929,-5.3591],[120.3944,-5.361],[120.4009,-5.3622],[120.4006,-5.3662],[120.4041,-5.3736],[120.4073,-5.3749],[120.4037,-5.3755],[120.4027,-5.3784],[120.4098,-5.3935],[120.4121,-5.3947],[120.413,-5.4074],[120.4208,-5.4196],[120.4225,-5.4259],[120.4259,-5.4301],[120.4284,-5.43],[120.4303,-5.4397],[120.4337,-5.4452],[120.4324,-5.446],[120.434,-5.4519],[120.4294,-5.4513],[120.4249,-5.4529],[120.4232,-5.4439],[120.4202,-5.4429],[120.4173,-5.4394],[120.4155,-5.4403],[120.4154,-5.4379],[120.41,-5.4407],[120.4067,-5.4348]]],"type":"MultiPolygon"}},{"type":"Feature","properties":{"id_kec":"73.02.06","nama_kec":"Kajang","id_kab":"7302","nama_kab":"Bulukumba"},"geometry":{"coordinates":[[[120.356,-5.376],[120.3549,-5.3777],[120.3534,-5.3773],[120.3532,-5.3814],[120.3504,-5.3831],[120.3465,-5.3826],[120.3453,-5.387],[120.3415,-5.3856],[120.3427,-5.3828],[120.3394,-5.3845],[120.3373,-5.3797],[120.3342,-5.3838],[120.3308,-5.38],[120.3292,-5.3821],[120.3277,-5.3799],[120.3201,-5.3804],[120.3199,-5.3819],[120.3127,-5.3839],[120.3054,-5.3901],[120.3007,-5.3917],[120.2991,-5.3907],[120.2964,-5.3923],[120.2949,-5.3903],[120.2917,-5.3915],[120.2887,-5.3897],[120.2866,-5.391],[120.2805,-5.3896],[120.2707,-5.3904],[120.2692,-5.386],[120.2614,-5.3782],[120.2607,-5.3678],[120.266,-5.3667],[120.2655,-5.3601],[120.2596,-5.3464],[120.2619,-5.3436],[120.2557,-5.3199],[120.2566,-5.3123],[120.2527,-5.3104],[120.2527,-5.3016],[120.2545,-5.3022],[120.2549,-5.3003],[120.2581,-5.2989],[120.258,-5.2972],[120.26,-5.2967],[120.2621,-5.2982],[120.2703,-5.2972],[120.2722,-5.2995],[120.2756,-5.2988],[120.2774,-5.3012],[120.2785,-5.2976],[120.2772,-5.2967],[120.2794,-5.2952],[120.2813,-5.2969],[120.2805,-5.2941],[120.2832,-5.2928],[120.2815,-5.2901],[120.2849,-5.2903],[120.2857,-5.2874],[120.2888,-5.2866],[120.2911,-5.2891],[120.2918,-5.2867],[120.2946,-5.2899],[120.2989,-5.2881],[120.2979,-5.2906],[120.3017,-5.2915],[120.3015,-5.2952],[120.3029,-5.2963],[120.3012,-5.2989],[120.3022,-5.3009],[120.305,-5.3015],[120.3082,-5.2974],[120.3067,-5.2941],[120.3116,-5.2953],[120.3132,-5.2975],[120.3186,-5.2949],[120.3209,-5.2902],[120.3256,-5.2908],[120.3286,-5.2886],[120.3324,-5.29],[120.3362,-5.2871],[120.3417,-5.2927],[120.3426,-5.3014],[120.349,-5.3061],[120.3537,-5.3142],[120.3589,-5.3161],[120.3618,-5.3246],[120.3632,-5.3247],[120.3641,-5.3218],[120.37,-5.3217],[120.3745,-5.3274],[120.3762,-5.3331],[120.3834,-5.3336],[120.3877,-5.3388],[120.3934,-5.3386],[120.3977,-5.3406],[120.4029,-5.339],[120.4068,-5.3488],[120.4069,-5.3586],[120.4038,-5.3592],[120.4067,-5.3621],[120.4028,-5.3606],[120.4009,-5.3622],[120.3944,-5.361],[120.3929,-5.3591],[120.3793,-5.3618],[120.356,-5.376]]],"type":"MultiPolygon"}},{"type":"Feature","properties":{"id_kec":"73.02.07","nama_kec":"Bulukumpa","id_kab":"7302","nama_kab":"Bulukumba"},"geometry":{"coordinates":[[[120.2621,-5.3791],[120.2692,-5.386],[120.2707,-5.3904],[120.2805,-5.3896],[120.2866,-5.391],[120.2887,-5.3897],[120.2912,-5.3912],[120.2741,-5.3988],[120.2769,-5.408],[120.2761,-5.4093],[120.2662,-5.4113],[120.2655,-5.408],[120.2631,-5.4091],[120.2611,-5.4055],[120.2604,-5.407],[120.2567,-5.4048],[120.2501,-5.4083],[120.2485,-5.4053],[120.2471,-5.4078],[120.245,-5.4022],[120.2422,-5.4013],[120.2377,-5.3957],[120.2351,-5.3958],[120.2327,-5.3928],[120.2296,-5.3933],[120.2302,-5.3955],[120.2263,-5.394],[120.2257,-5.3906],[120.2244,-5.3916],[120.2211,-5.3878],[120.2216,-5.3856],[120.2195,-5.3864],[120.2206,-5.3847],[120.2188,-5.3825],[120.211,-5.3821],[120.2082,-5.3843],[120.2061,-5.3809],[120.2042,-5.3823],[120.1995,-5.3812],[120.1948,-5.3776],[120.1909,-5.3781],[120.1909,-5.3807],[120.1879,-5.3808],[120.1851,-5.3786],[120.181,-5.3788],[120.1803,-5.3774],[120.1762,-5.3778],[120.17529999999999,-5.3767],[120.1766,-5.3762],[120.1726,-5.374],[120.1662,-5.3729],[120.1667,-5.3744],[120.1533,-5.3754],[120.1486,-5.3715],[120.1463,-5.3731],[120.145,-5.3716],[120.1409,-5.3717],[120.135,-5.3744],[120.128,-5.374],[120.1237,-5.3723],[120.123,-5.3701],[120.1145,-5.3706],[120.1101,-5.3675],[120.1062,-5.3674],[120.1043,-5.3657],[120.1,-5.3663],[120.0943,-5.363],[120.0959,-5.3683],[120.0934,-5.3747],[120.09,-5.3767],[120.0804,-5.3707],[120.0782,-5.3617],[120.0743,-5.3597],[120.0721,-5.3533],[120.0687,-5.3522],[120.0661,-5.3536],[120.0636,-5.3517],[120.064,-5.3495],[120.0618,-5.3502],[120.0617,-5.3482],[120.054,-5.3489],[120.0521,-5.3467],[120.0447,-5.3489],[120.045,-5.3469],[120.0431,-5.3479],[120.0419,-5.3463],[120.0547,-5.3395],[120.0569,-5.3357],[120.0615,-5.3331],[120.0736,-5.3354],[120.0743,-5.3332],[120.0767,-5.3328],[120.0816,-5.324],[120.0895,-5.3211],[120.0972,-5.3223],[120.0983,-5.3167],[120.1024,-5.317],[120.1061,-5.3137],[120.1077,-5.3162],[120.1143,-5.3135],[120.1156,-5.3146],[120.1216,-5.3107],[120.1249,-5.3119],[120.1251,-5.3067],[120.1301,-5.3077],[120.1301,-5.3049],[120.1349,-5.3004],[120.1361,-5.2945],[120.1405,-5.2899],[120.1402,-5.2884],[120.1501,-5.2997],[120.1608,-5.3037],[120.1692,-5.3113],[120.1741,-5.311],[120.1765,-5.3128],[120.1897,-5.3065],[120.1964,-5.3056],[120.2029,-5.3005],[120.2141,-5.3032],[120.2217,-5.3033],[120.2238,-5.3011],[120.2228,-5.3001],[120.2301,-5.2966],[120.231,-5.2977],[120.2373,-5.2968],[120.2391,-5.2984],[120.2419,-5.2971],[120.2465,-5.2994],[120.2458,-5.3011],[120.2527,-5.3016],[120.2527,-5.3104],[120.2566,-5.3123],[120.2557,-5.3199],[120.2619,-5.3436],[120.2596,-5.3464],[120.2655,-5.3601],[120.266,-5.3667],[120.2607,-5.3678],[120.2621,-5.3791]]],"type":"MultiPolygon"}},{"type":"Feature","properties":{"id_kec":"73.02.08","nama_kec":"Kindang","id_kab":"7302","nama_kab":"Bulukumba"},"geometry":{"coordinates":[[[120.1154,-5.4824],[120.1149,-5.4701],[120.1117,-5.469],[120.1118,-5.4623],[120.1087,-5.4619],[120.1093,-5.4588],[120.1052,-5.4568],[120.1056,-5.4543],[120.1036,-5.4533],[120.102,-5.4477],[120.0927,-5.4419],[120.0889,-5.4418],[120.0877,-5.4402],[120.0835,-5.4407],[120.0828,-5.4378],[120.0741,-5.4433],[120.0652,-5.4428],[120.0633,-5.4397],[120.0608,-5.4392],[120.0597,-5.4336],[120.0582,-5.4309],[120.0562,-5.4313],[120.0545,-5.4272],[120.0517,-5.4274],[120.049,-5.4256],[120.0475,-5.4208],[120.0424,-5.4201],[120.0396,-5.415],[120.0361,-5.4141],[120.0356,-5.4103],[120.0375,-5.4086],[120.0331,-5.4081],[120.0345,-5.4064],[120.0284,-5.393],[120.0263,-5.3932],[120.0225,-5.3899],[120.0158,-5.3899],[120.0117,-5.387],[120.0069,-5.3886],[120.0032,-5.3869],[119.9998,-5.3905],[119.991,-5.389],[119.9854,-5.3921],[119.9799,-5.3903],[119.98,-5.3857],[119.9696,-5.367],[119.9634,-5.3621],[119.9636,-5.3592],[119.9597,-5.3556],[119.9545,-5.3544],[119.9583,-5.3435],[119.9623,-5.3416],[119.9691,-5.3415],[119.9852,-5.3304],[119.9883,-5.33],[119.9952,-5.3229],[120.0054,-5.3225],[120.0125,-5.3257],[120.0138,-5.3309],[120.02,-5.3381],[120.0329,-5.3394],[120.0335,-5.3415],[120.037,-5.3423],[120.0374,-5.3459],[120.0414,-5.3461],[120.0431,-5.3479],[120.0447,-5.3467],[120.0447,-5.3489],[120.0521,-5.3467],[120.054,-5.3489],[120.0594,-5.3494],[120.0616,-5.3482],[120.0618,-5.3502],[120.064,-5.3495],[120.0636,-5.3517],[120.0661,-5.3536],[120.0687,-5.3522],[120.0721,-5.3533],[120.0743,-5.3597],[120.0782,-5.3617],[120.0806,-5.3708],[120.09,-5.3767],[120.0944,-5.3782],[120.0962,-5.3773],[120.1045,-5.3826],[120.1061,-5.3821],[120.1075,-5.3843],[120.1094,-5.3842],[120.1059,-5.3922],[120.1022,-5.3962],[120.1037,-5.3991],[120.1138,-5.404],[120.1176,-5.4095],[120.1231,-5.4103],[120.1374,-5.4254],[120.1396,-5.4254],[120.1392,-5.4275],[120.1415,-5.4274],[120.1462,-5.4338],[120.1524,-5.4373],[120.1512,-5.4395],[120.1546,-5.4427],[120.1416,-5.4639],[120.1451,-5.4671],[120.1441,-5.4693],[120.1461,-5.4688],[120.1476,-5.4705],[120.1472,-5.4721],[120.1509,-5.4773],[120.1509,-5.4816],[120.1459,-5.4832],[120.1409,-5.4794],[120.1409,-5.4775],[120.1394,-5.478],[120.139,-5.4752],[120.1302,-5.4734],[120.119,-5.4798],[120.1155,-5.4835],[120.1154,-5.4824]]],"type":"MultiPolygon"}},{"type":"Feature","properties":{"id_kec":"73.02.09","nama_kec":"Ujung Loe","id_kab":"7302","nama_kab":"Bulukumba"},"geometry":{"coordinates":[[[120.2415,-5.5342],[120.2412,-5.5329],[120.2381,-5.5332],[120.2396,-5.5304],[120.2316,-5.5278],[120.2334,-5.5232],[120.2294,-5.5245],[120.2265,-5.5173],[120.2242,-5.518],[120.2231,-5.5143],[120.2176,-5.5127],[120.2194,-5.5119],[120.2195,-5.5079],[120.2175,-5.5044],[120.2158,-5.5059],[120.2139,-5.4996],[120.2099,-5.497],[120.2113,-5.4928],[120.21,-5.4922],[120.2079,-5.4942],[120.2049,-5.4895],[120.2061,-5.4887],[120.2054,-5.4869],[120.2007,-5.4888],[120.1997,-5.486],[120.2077,-5.4746],[120.2179,-5.4637],[120.2225,-5.4612],[120.228,-5.4531],[120.2394,-5.4445],[120.2451,-5.4444],[120.2474,-5.439],[120.2535,-5.4369],[120.2587,-5.4223],[120.2638,-5.4135],[120.2672,-5.4106],[120.2746,-5.4098],[120.2769,-5.408],[120.2741,-5.3988],[120.2935,-5.3903],[120.2951,-5.3904],[120.2948,-5.3917],[120.2967,-5.3912],[120.2964,-5.3923],[120.3025,-5.3904],[120.3037,-5.3939],[120.3074,-5.3967],[120.3175,-5.4105],[120.3185,-5.4171],[120.3166,-5.4243],[120.3207,-5.4299],[120.3204,-5.4384],[120.3273,-5.4431],[120.3291,-5.4459],[120.3286,-5.4489],[120.3319,-5.4519],[120.3297,-5.4549],[120.328,-5.4647],[120.332,-5.4649],[120.3303,-5.472],[120.3325,-5.4769],[120.3405,-5.4804],[120.3419,-5.4845],[120.3297,-5.4932],[120.3316,-5.4951],[120.3304,-5.4984],[120.3333,-5.4985],[120.3312,-5.5033],[120.3292,-5.5033],[120.3307,-5.505],[120.3298,-5.5062],[120.3271,-5.5065],[120.3281,-5.5047],[120.3267,-5.5041],[120.3238,-5.5053],[120.3232,-5.5091],[120.3185,-5.5065],[120.3177,-5.508],[120.3131,-5.5076],[120.3028,-5.5123],[120.2984,-5.516],[120.2937,-5.5238],[120.2941,-5.5255],[120.2887,-5.5304],[120.2847,-5.5309],[120.2891,-5.5321],[120.2759,-5.5378],[120.2584,-5.536],[120.2452,-5.5373],[120.2414,-5.5365],[120.2415,-5.5342]]],"type":"MultiPolygon"}},{"type":"Feature","properties":{"id_kec":"73.02.10","nama_kec":"Rilau Ale","id_kab":"7302","nama_kab":"Bulukumba"},"geometry":{"coordinates":[[[120.1995,-5.4828],[120.1976,-5.4818],[120.197,-5.4771],[120.194,-5.4783],[120.1924,-5.4771],[120.192,-5.4757],[120.1946,-5.4759],[120.1948,-5.474],[120.1917,-5.4739],[120.1916,-5.4715],[120.1884,-5.4684],[120.1883,-5.4647],[120.1852,-5.463],[120.1875,-5.4659],[120.1864,-5.4668],[120.1835,-5.4648],[120.1832,-5.4616],[120.1807,-5.4628],[120.1773,-5.4582],[120.1738,-5.4563],[120.1745,-5.4537],[120.1729,-5.4537],[120.1608,-5.441],[120.1577,-5.4428],[120.1555,-5.4397],[120.1516,-5.4399],[120.1509,-5.4384],[120.1524,-5.4373],[120.1462,-5.4338],[120.1415,-5.4274],[120.1392,-5.4275],[120.1396,-5.4254],[120.1374,-5.4254],[120.1231,-5.4103],[120.1176,-5.4095],[120.1138,-5.404],[120.1037,-5.3991],[120.1022,-5.3962],[120.1059,-5.3922],[120.1094,-5.3842],[120.1075,-5.3843],[120.1061,-5.3821],[120.1045,-5.3826],[120.0962,-5.3773],[120.0923,-5.3775],[120.0915,-5.3763],[120.0959,-5.3683],[120.0943,-5.363],[120.1,-5.3663],[120.1043,-5.3657],[120.1062,-5.3674],[120.1101,-5.3675],[120.1145,-5.3706],[120.123,-5.3701],[120.1237,-5.3723],[120.128,-5.374],[120.135,-5.3744],[120.1409,-5.3717],[120.145,-5.3716],[120.1463,-5.3731],[120.1486,-5.3715],[120.1531,-5.3753],[120.1585,-5.3756],[120.1667,-5.3744],[120.1657,-5.3733],[120.167,-5.373],[120.1757,-5.3753],[120.1762,-5.3778],[120.1772,-5.3768],[120.181,-5.3788],[120.1851,-5.3786],[120.1862,-5.3805],[120.1909,-5.3807],[120.1905,-5.3783],[120.1948,-5.3776],[120.1995,-5.3812],[120.2042,-5.3823],[120.2061,-5.3809],[120.2082,-5.3843],[120.211,-5.3821],[120.2187,-5.3824],[120.2206,-5.3847],[120.2195,-5.3864],[120.2216,-5.3856],[120.2211,-5.3878],[120.2244,-5.3916],[120.2257,-5.3906],[120.2263,-5.394],[120.2302,-5.3955],[120.2296,-5.3933],[120.2327,-5.3928],[120.2351,-5.3958],[120.2377,-5.3957],[120.2422,-5.4013],[120.245,-5.4022],[120.2471,-5.4078],[120.2485,-5.4053],[120.2501,-5.4083],[120.2567,-5.4048],[120.2604,-5.407],[120.2611,-5.4055],[120.2631,-5.4091],[120.2655,-5.408],[120.2661,-5.4112],[120.2601,-5.4192],[120.2535,-5.4369],[120.2474,-5.439],[120.2451,-5.4444],[120.2394,-5.4445],[120.2334,-5.4485],[120.2279,-5.4533],[120.2225,-5.4612],[120.2179,-5.4637],[120.2077,-5.4746],[120.2051,-5.4799],[120.2007,-5.4837],[120.1995,-5.4828]]],"type":"MultiPolygon"}},{"type":"Feature","properties":{"id_kec":"73.16.01","nama_kec":"Maiwa","id_kab":"7316","nama_kab":"Enrekang"},"geometry":{"coordinates":[[[119.8842,-3.8177],[119.8775,-3.8193],[119.8687,-3.8163],[119.8607,-3.8108],[119.8608,-3.8056],[119.8557,-3.8059],[119.8547,-3.8029],[119.8525,-3.8031],[119.8528,-3.8009],[119.8498,-3.7978],[119.8498,-3.7947],[119.8451,-3.7893],[119.8459,-3.7873],[119.8445,-3.7859],[119.8438,-3.7789],[119.8374,-3.7733],[119.8226,-3.768],[119.82,-3.7519],[119.816,-3.7454],[119.8056,-3.7403],[119.8022,-3.735],[119.8031,-3.7314],[119.7973,-3.7263],[119.7965,-3.7233],[119.7789,-3.7178],[119.7735,-3.7108],[119.79,-3.7041],[119.8003,-3.7036],[119.8143,-3.6995],[119.8133,-3.6832],[119.8152,-3.664],[119.8192,-3.6519],[119.8274,-3.6495],[119.8276,-3.6431],[119.8184,-3.6281],[119.8077,-3.6025],[119.8301,-3.5851],[119.8553,-3.5971],[119.8657,-3.5763],[119.8769,-3.575],[119.8866,-3.5774],[119.8891,-3.5749],[119.8932,-3.5752],[119.8951,-3.5776],[119.8942,-3.5797],[119.8979,-3.5804],[119.8999,-3.5852],[119.8991,-3.5883],[119.9185,-3.5869],[119.9193,-3.5902],[119.9265,-3.5938],[119.9266,-3.6018],[119.9391,-3.6131],[119.9697,-3.6302],[119.9798,-3.6443],[119.9864,-3.6615],[119.9808,-3.6608],[119.9802,-3.6673],[119.9827,-3.6699],[119.9725,-3.6656],[119.9699,-3.6672],[119.9674,-3.6646],[119.951,-3.6601],[119.948,-3.6683],[119.9406,-3.6717],[119.937,-3.676],[119.9271,-3.6792],[119.9227,-3.6858],[119.9237,-3.6905],[119.9217,-3.6941],[119.9249,-3.7007],[119.9313,-3.7029],[119.9327,-3.7092],[119.9372,-3.7089],[119.9349,-3.7173],[119.9315,-3.7195],[119.9386,-3.7197],[119.9387,-3.7234],[119.9365,-3.7246],[119.9384,-3.7265],[119.9394,-3.7319],[119.9381,-3.7357],[119.9407,-3.7385],[119.9405,-3.7524],[119.9441,-3.7566],[119.9402,-3.7586],[119.9406,-3.7619],[119.9439,-3.7657],[119.9478,-3.767],[119.9455,-3.7712],[119.9502,-3.7793],[119.9539,-3.7811],[119.9591,-3.7789],[119.9655,-3.7834],[119.9664,-3.7867],[119.9693,-3.7887],[119.967,-3.7908],[119.9676,-3.7963],[119.9633,-3.7948],[119.9593,-3.8],[119.9602,-3.802],[119.9503,-3.8024],[119.9466,-3.8056],[119.9449,-3.8098],[119.9363,-3.8024],[119.9276,-3.8156],[119.9251,-3.8157],[119.9195,-3.8103],[119.9172,-3.8106],[119.9078,-3.8165],[119.9011,-3.8241],[119.8942,-3.8176],[119.8842,-3.8177]]],"type":"MultiPolygon"}},{"type":"Feature","properties":{"id_kec":"73.16.02","nama_kec":"Enrekang","id_kab":"7316","nama_kab":"Enrekang"},"geometry":{"coordinates":[[[119.7699,-3.5894],[119.7687,-3.5849],[119.7543,-3.577],[119.7367,-3.5772],[119.7203,-3.5808],[119.7202,-3.5656],[119.716,-3.5461],[119.706,-3.5357],[119.7068,-3.5321],[119.6996,-3.5119],[119.7019,-3.5035],[119.6997,-3.4856],[119.7017,-3.4831],[119.7001,-3.4806],[119.7022,-3.4761],[119.7059,-3.4735],[119.69,-3.4614],[119.6856,-3.446],[119.6939,-3.4478],[119.6952,-3.442],[119.6935,-3.4293],[119.6946,-3.4273],[119.6988,-3.427],[119.702,-3.424],[119.6989,-3.424],[119.6981,-3.4222],[119.6973,-3.4036],[119.6949,-3.3947],[119.6986,-3.3846],[119.694,-3.3799],[119.6932,-3.3655],[119.6902,-3.3601],[119.695,-3.3504],[119.6969,-3.3498],[119.7102,-3.35],[119.7169,-3.3532],[119.7219,-3.3529],[119.7218,-3.3692],[119.727,-3.3858],[119.7303,-3.4283],[119.7395,-3.437],[119.7504,-3.4427],[119.7565,-3.4477],[119.7612,-3.4555],[119.7666,-3.4671],[119.7722,-3.4909],[119.7709,-3.5001],[119.7825,-3.5104],[119.7944,-3.5097],[119.7963,-3.5117],[119.798,-3.5111],[119.8013,-3.5012],[119.7995,-3.4988],[119.7998,-3.4944],[119.8059,-3.4854],[119.804,-3.4832],[119.803,-3.4778],[119.8056,-3.4754],[119.8038,-3.4747],[119.8022,-3.47],[119.8037,-3.4701],[119.8046,-3.4676],[119.8155,-3.4639],[119.8319,-3.4618],[119.8359,-3.4654],[119.8464,-3.4818],[119.8603,-3.4817],[119.8627,-3.4793],[119.8721,-3.4804],[119.876,-3.4883],[119.8758,-3.4905],[119.8684,-3.5004],[119.8722,-3.5114],[119.8819,-3.5151],[119.8839,-3.519],[119.8874,-3.5208],[119.8857,-3.529],[119.8778,-3.5357],[119.8751,-3.5424],[119.8764,-3.5435],[119.8765,-3.5493],[119.8785,-3.5515],[119.8771,-3.5532],[119.8805,-3.5539],[119.8818,-3.5568],[119.8802,-3.5586],[119.8831,-3.5594],[119.8847,-3.5674],[119.8885,-3.5716],[119.892,-3.5715],[119.891,-3.5735],[119.8926,-3.5751],[119.8891,-3.5749],[119.8866,-3.5774],[119.8769,-3.575],[119.8657,-3.5763],[119.8553,-3.5971],[119.8301,-3.5851],[119.8077,-3.6025],[119.8062,-3.5992],[119.8038,-3.5996],[119.7859,-3.6073],[119.7699,-3.5894]]],"type":"MultiPolygon"}},{"type":"Feature","properties":{"id_kec":"73.16.03","nama_kec":"Baraka","id_kab":"7316","nama_kab":"Enrekang"},"geometry":{"coordinates":[[[119.8323,-3.4467],[119.8513,-3.4465],[119.849,-3.4288],[119.8438,-3.4179],[119.8293,-3.4255],[119.831,-3.4107],[119.8377,-3.4067],[119.8377,-3.4045],[119.8418,-3.404],[119.8414,-3.3979],[119.8426,-3.3957],[119.8438,-3.3952],[119.8502,-3.3999],[119.8535,-3.399],[119.8556,-3.4046],[119.8674,-3.4032],[119.8683,-3.3876],[119.8703,-3.3849],[119.8727,-3.3852],[119.8739,-3.3832],[119.8905,-3.3765],[119.8997,-3.3685],[119.9072,-3.3577],[119.9242,-3.3577],[120.0213,-3.3785],[120.0181,-3.3869],[120.0076,-3.3982],[119.9961,-3.4032],[119.9829,-3.4012],[119.967,-3.4046],[119.9474,-3.4182],[119.9408,-3.4151],[119.9208,-3.4148],[119.9112,-3.4126],[119.8911,-3.4294],[119.8847,-3.4277],[119.8849,-3.4186],[119.8797,-3.4143],[119.867,-3.4106],[119.8667,-3.4166],[119.8639,-3.4181],[119.8644,-3.4209],[119.8616,-3.4252],[119.8634,-3.4306],[119.8657,-3.4322],[119.8658,-3.4372],[119.8673,-3.4375],[119.866,-3.4411],[119.8699,-3.4449],[119.8712,-3.4507],[119.8947,-3.451],[119.8931,-3.4651],[119.8859,-3.4661],[119.89,-3.4713],[119.8945,-3.4721],[119.8988,-3.4774],[119.9082,-3.492],[119.9073,-3.4997],[119.918,-3.5152],[119.9109,-3.5145],[119.9063,-3.5158],[119.9006,-3.5145],[119.8871,-3.5229],[119.8872,-3.5205],[119.8839,-3.519],[119.8819,-3.5151],[119.8722,-3.5114],[119.8684,-3.5004],[119.8758,-3.4905],[119.876,-3.4883],[119.8721,-3.4804],[119.8627,-3.4793],[119.8603,-3.4817],[119.8464,-3.4818],[119.8359,-3.4654],[119.8319,-3.4618],[119.8323,-3.4467]]],"type":"MultiPolygon"}},{"type":"Feature","properties":{"id_kec":"73.16.04","nama_kec":"Anggeraja","id_kab":"7316","nama_kab":"Enrekang"},"geometry":{"coordinates":[[[119.8025,-3.4712],[119.8038,-3.4747],[119.8056,-3.4754],[119.803,-3.4778],[119.804,-3.4832],[119.8059,-3.4854],[119.7998,-3.4944],[119.7995,-3.4988],[119.8013,-3.5012],[119.798,-3.5111],[119.7963,-3.5117],[119.7944,-3.5097],[119.7825,-3.5104],[119.7709,-3.5001],[119.7722,-3.4909],[119.7666,-3.4671],[119.7565,-3.4477],[119.7504,-3.4427],[119.7395,-3.437],[119.7303,-3.4283],[119.727,-3.3858],[119.7438,-3.3764],[119.758,-3.372],[119.7641,-3.3729],[119.7723,-3.3559],[119.7773,-3.3483],[119.7812,-3.346],[119.7913,-3.3478],[119.7949,-3.3501],[119.8032,-3.3608],[119.8088,-3.3598],[119.8101,-3.3623],[119.8077,-3.3677],[119.8133,-3.3695],[119.8273,-3.3696],[119.8213,-3.3765],[119.8192,-3.3865],[119.8199,-3.4114],[119.825,-3.412],[119.8293,-3.4085],[119.8346,-3.408],[119.831,-3.4107],[119.8293,-3.4256],[119.8323,-3.4467],[119.8319,-3.4618],[119.8155,-3.4639],[119.8046,-3.4676],[119.8025,-3.4712]]],"type":"MultiPolygon"}},{"type":"Feature","properties":{"id_kec":"73.16.05","nama_kec":"Alla","id_kab":"7316","nama_kab":"Enrekang"},"geometry":{"coordinates":[[[119.8089,-3.3602],[119.8032,-3.3608],[119.7938,-3.3497],[119.7963,-3.343],[119.7939,-3.3365],[119.7952,-3.3134],[119.8047,-3.3133],[119.811,-3.3172],[119.8146,-3.3173],[119.8157,-3.3091],[119.82,-3.3009],[119.8221,-3.2907],[119.8189,-3.2764],[119.8349,-3.2761],[119.8425,-3.2683],[119.8434,-3.2726],[119.8506,-3.2789],[119.8506,-3.2807],[119.8466,-3.284],[119.8439,-3.2833],[119.8436,-3.2856],[119.8402,-3.2856],[119.8393,-3.2879],[119.8332,-3.2914],[119.8284,-3.3033],[119.8288,-3.3107],[119.827,-3.3195],[119.8284,-3.322],[119.8389,-3.3227],[119.8511,-3.3302],[119.8586,-3.3446],[119.8585,-3.3575],[119.8402,-3.3632],[119.8251,-3.3703],[119.8077,-3.3677],[119.8101,-3.3623],[119.8089,-3.3602]]],"type":"MultiPolygon"}},{"type":"Feature","properties":{"id_kec":"73.16.06","nama_kec":"Bungin","id_kab":"7316","nama_kab":"Enrekang"},"geometry":{"coordinates":[[[120.0304,-3.5719],[120.0129,-3.613],[120.0055,-3.6234],[119.9993,-3.6274],[119.9962,-3.627],[119.9915,-3.6293],[119.9937,-3.6328],[119.9925,-3.6402],[119.9953,-3.6401],[119.996,-3.6428],[119.9954,-3.6487],[119.9935,-3.6491],[119.9916,-3.6539],[119.9927,-3.6578],[119.9952,-3.66],[119.9878,-3.6619],[119.9851,-3.6595],[119.9846,-3.6546],[119.9798,-3.6443],[119.973,-3.6335],[119.9697,-3.6302],[119.9391,-3.6131],[119.9266,-3.6018],[119.9265,-3.5938],[119.9193,-3.5902],[119.9185,-3.5869],[119.8991,-3.5883],[119.8999,-3.5852],[119.8979,-3.5804],[119.8942,-3.5797],[119.8947,-3.5768],[119.891,-3.5735],[119.892,-3.5715],[119.8885,-3.5716],[119.8847,-3.5674],[119.8831,-3.5594],[119.8802,-3.5586],[119.8818,-3.5568],[119.8805,-3.5539],[119.8771,-3.5532],[119.8785,-3.5515],[119.8765,-3.5493],[119.8752,-3.542],[119.8778,-3.5357],[119.8857,-3.529],[119.8871,-3.5229],[119.9001,-3.5146],[119.919,-3.5153],[119.9209,-3.5132],[119.9328,-3.5169],[119.9398,-3.5157],[119.9411,-3.5134],[119.9502,-3.5192],[119.9515,-3.5161],[119.956,-3.5188],[119.9614,-3.518],[119.9806,-3.5112],[119.9943,-3.4954],[120.0038,-3.4918],[120.0125,-3.4848],[120.017,-3.4801],[120.0215,-3.4706],[120.0252,-3.4665],[120.0459,-3.4613],[120.0515,-3.4561],[120.065,-3.4523],[120.0669,-3.4496],[120.0724,-3.4473],[120.0756,-3.448],[120.0915,-3.4708],[120.0983,-3.4753],[120.099,-3.4777],[120.0961,-3.4831],[120.0973,-3.4979],[120.0949,-3.5027],[120.0889,-3.5076],[120.0767,-3.5088],[120.068,-3.5303],[120.0645,-3.5342],[120.0609,-3.5365],[120.0522,-3.5368],[120.0429,-3.5393],[120.0411,-3.542],[120.0408,-3.5516],[120.0388,-3.5588],[120.0304,-3.5719]]],"type":"MultiPolygon"}},{"type":"Feature","properties":{"id_kec":"73.16.07","nama_kec":"Cendana","id_kab":"7316","nama_kab":"Enrekang"},"geometry":{"coordinates":[[[119.7836,-3.6048],[119.7859,-3.6073],[119.8062,-3.5992],[119.8184,-3.6281],[119.8276,-3.6431],[119.8277,-3.6457],[119.8274,-3.6495],[119.8192,-3.6519],[119.8152,-3.664],[119.8133,-3.6832],[119.8143,-3.6995],[119.8003,-3.7036],[119.79,-3.7041],[119.7735,-3.7108],[119.7593,-3.699],[119.7595,-3.6762],[119.7628,-3.6749],[119.7608,-3.6715],[119.7559,-3.6682],[119.7477,-3.6677],[119.7226,-3.6463],[119.7227,-3.6361],[119.7207,-3.6325],[119.7231,-3.6268],[119.7225,-3.593],[119.7203,-3.5808],[119.7367,-3.5772],[119.7543,-3.577],[119.7687,-3.5849],[119.7699,-3.5894],[119.7836,-3.6048]]],"type":"MultiPolygon"}},{"type":"Feature","properties":{"id_kec":"73.16.08","nama_kec":"Curio","id_kab":"7316","nama_kab":"Enrekang"},"geometry":{"coordinates":[[[119.9072,-3.3577],[119.9091,-3.3531],[119.9101,-3.3381],[119.9045,-3.3378],[119.9037,-3.3397],[119.9014,-3.3397],[119.898,-3.3375],[119.8959,-3.3389],[119.8799,-3.3387],[119.8727,-3.3443],[119.8653,-3.3569],[119.8585,-3.3575],[119.8586,-3.3446],[119.8511,-3.3302],[119.8389,-3.3227],[119.8284,-3.322],[119.827,-3.3195],[119.8288,-3.3107],[119.8284,-3.3033],[119.8332,-3.2914],[119.8393,-3.2879],[119.8402,-3.2856],[119.8436,-3.2856],[119.8442,-3.2832],[119.8466,-3.284],[119.8506,-3.2807],[119.8536,-3.2808],[119.8549,-3.2777],[119.8571,-3.2773],[119.8579,-3.2726],[119.8592,-3.2746],[119.8601,-3.2722],[119.8616,-3.2734],[119.8631,-3.2724],[119.8614,-3.2696],[119.8666,-3.2731],[119.8682,-3.2712],[119.8706,-3.2745],[119.8724,-3.272],[119.871,-3.2695],[119.879,-3.2696],[119.8764,-3.2669],[119.8819,-3.257],[119.8827,-3.2584],[119.8858,-3.2578],[119.8865,-3.2594],[119.8903,-3.2603],[119.8913,-3.2586],[119.8921,-3.2604],[119.8945,-3.2598],[119.8958,-3.2621],[119.9031,-3.2599],[119.9047,-3.2613],[119.9066,-3.2597],[119.9092,-3.2621],[119.9109,-3.2616],[119.9112,-3.2631],[119.9139,-3.2623],[119.922,-3.2644],[119.9255,-3.2719],[119.9261,-3.2775],[119.9286,-3.2809],[119.932,-3.2843],[119.9369,-3.2848],[119.9449,-3.2943],[119.9504,-3.2971],[119.9529,-3.2964],[119.9553,-3.2924],[119.9642,-3.2939],[119.9662,-3.2917],[119.9715,-3.2981],[119.9797,-3.2985],[119.981,-3.3024],[119.9891,-3.3092],[119.9923,-3.3066],[119.9937,-3.303],[119.9964,-3.3026],[119.9991,-3.3048],[120.0058,-3.3182],[120.0021,-3.3339],[120.0134,-3.341],[120.0199,-3.3585],[120.0252,-3.3625],[120.0327,-3.3635],[120.0276,-3.3711],[120.0339,-3.3737],[120.0281,-3.3775],[120.0277,-3.3794],[119.9242,-3.3577],[119.9072,-3.3577]]],"type":"MultiPolygon"}},{"type":"Feature","properties":{"id_kec":"73.16.09","nama_kec":"Malua","id_kab":"7316","nama_kab":"Enrekang"},"geometry":{"coordinates":[[[119.8293,-3.4255],[119.8438,-3.4179],[119.849,-3.4288],[119.8513,-3.4465],[119.8323,-3.4467],[119.8293,-3.4255]],[[119.8467,-3.3973],[119.8426,-3.3957],[119.841,-3.405],[119.8377,-3.4045],[119.8377,-3.4067],[119.8293,-3.4085],[119.825,-3.412],[119.8199,-3.4114],[119.8192,-3.3865],[119.8213,-3.3765],[119.8273,-3.3696],[119.8402,-3.3632],[119.8585,-3.3575],[119.8653,-3.3569],[119.8727,-3.3443],[119.8802,-3.3386],[119.8959,-3.3389],[119.898,-3.3375],[119.9037,-3.3397],[119.9045,-3.3378],[119.9101,-3.3381],[119.9091,-3.3531],[119.9071,-3.358],[119.8997,-3.3685],[119.8905,-3.3765],[119.8739,-3.3832],[119.8727,-3.3852],[119.8703,-3.3849],[119.8683,-3.3876],[119.8674,-3.4032],[119.8556,-3.4046],[119.8535,-3.399],[119.8502,-3.3999],[119.8467,-3.3973]]],"type":"MultiPolygon"}},{"type":"Feature","properties":{"id_kec":"73.16.10","nama_kec":"Buntu Batu","id_kab":"7316","nama_kab":"Enrekang"},"geometry":{"coordinates":[[[119.9082,-3.492],[119.8945,-3.4721],[119.89,-3.4713],[119.8859,-3.4661],[119.8931,-3.4651],[119.8947,-3.451],[119.8712,-3.4507],[119.8699,-3.4449],[119.8664,-3.4417],[119.866,-3.4388],[119.8673,-3.4375],[119.8658,-3.4372],[119.8657,-3.4322],[119.8634,-3.4306],[119.8616,-3.4252],[119.8644,-3.4209],[119.8639,-3.4181],[119.8667,-3.4166],[119.867,-3.4106],[119.8797,-3.4143],[119.8849,-3.4186],[119.8847,-3.4277],[119.8911,-3.4294],[119.9112,-3.4126],[119.9208,-3.4148],[119.9408,-3.4151],[119.9474,-3.4182],[119.967,-3.4046],[119.9829,-3.4012],[119.9961,-3.4032],[120.0076,-3.3982],[120.0181,-3.3869],[120.026,-3.3907],[120.0318,-3.4034],[120.0431,-3.4053],[120.0509,-3.4037],[120.053,-3.4045],[120.0597,-3.4144],[120.0655,-3.4369],[120.0724,-3.4473],[120.0669,-3.4496],[120.065,-3.4523],[120.0515,-3.4561],[120.0459,-3.4613],[120.0252,-3.4665],[120.0215,-3.4706],[120.017,-3.4801],[120.0125,-3.4848],[120.0038,-3.4918],[119.9943,-3.4954],[119.9806,-3.5112],[119.9614,-3.518],[119.956,-3.5188],[119.9515,-3.5161],[119.9502,-3.5192],[119.9414,-3.5135],[119.9398,-3.5157],[119.9328,-3.5169],[119.9209,-3.5132],[119.918,-3.5152],[119.9073,-3.4997],[119.9082,-3.492]]],"type":"MultiPolygon"}},{"type":"Feature","properties":{"id_kec":"73.16.11","nama_kec":"Masalle","id_kab":"7316","nama_kab":"Enrekang"},"geometry":{"coordinates":[[[119.7963,-3.343],[119.7938,-3.3497],[119.7841,-3.3457],[119.7773,-3.3483],[119.7641,-3.3729],[119.758,-3.372],[119.7438,-3.3764],[119.727,-3.3858],[119.7218,-3.3692],[119.7219,-3.3529],[119.7199,-3.3525],[119.7213,-3.3525],[119.7213,-3.3503],[119.7172,-3.3411],[119.7236,-3.3301],[119.7223,-3.3247],[119.7134,-3.3135],[119.7166,-3.2985],[119.7228,-3.2913],[119.7371,-3.2824],[119.7527,-3.279],[119.7568,-3.2765],[119.7635,-3.2765],[119.77,-3.2743],[119.7724,-3.272],[119.7744,-3.2802],[119.7803,-3.2918],[119.7852,-3.2951],[119.7992,-3.2967],[119.7936,-3.3021],[119.7958,-3.3095],[119.7939,-3.3365],[119.7963,-3.343]]],"type":"MultiPolygon"}},{"type":"Feature","properties":{"id_kec":"73.16.12","nama_kec":"Baroko","id_kab":"7316","nama_kab":"Enrekang"},"geometry":{"coordinates":[[[119.8157,-3.3091],[119.8146,-3.3173],[119.811,-3.3172],[119.8047,-3.3133],[119.7952,-3.3134],[119.7958,-3.3095],[119.7936,-3.3021],[119.7992,-3.2967],[119.7852,-3.2951],[119.7803,-3.2918],[119.7777,-3.2874],[119.7724,-3.272],[119.7756,-3.2651],[119.7739,-3.2552],[119.7748,-3.2467],[119.7801,-3.2405],[119.7838,-3.2403],[119.7873,-3.2437],[119.7959,-3.2472],[119.8139,-3.2452],[119.8245,-3.2466],[119.827,-3.2488],[119.831,-3.2487],[119.833,-3.2535],[119.8406,-3.2563],[119.8407,-3.2595],[119.8426,-3.2615],[119.8427,-3.268],[119.8349,-3.2761],[119.8189,-3.2764],[119.8221,-3.2907],[119.82,-3.3009],[119.8157,-3.3091]]],"type":"MultiPolygon"}},{"type":"Feature","properties":{"id_kec":"73.06.01","nama_kec":"Bontonompo","id_kab":"7306","nama_kab":"Gowa"},"geometry":{"coordinates":[[[119.4257,-5.4059],[119.4185,-5.4046],[119.4218,-5.393],[119.4262,-5.3856],[119.4291,-5.3726],[119.4082,-5.3619],[119.4007,-5.361],[119.4063,-5.3517],[119.4017,-5.3486],[119.4001,-5.3442],[119.406,-5.3304],[119.4058,-5.3277],[119.4099,-5.3287],[119.4137,-5.3269],[119.4224,-5.3198],[119.4291,-5.3238],[119.4334,-5.3225],[119.4565,-5.3272],[119.4563,-5.3298],[119.4592,-5.331],[119.4691,-5.3259],[119.4737,-5.3261],[119.4755,-5.3302],[119.4677,-5.3358],[119.4658,-5.3421],[119.4621,-5.3458],[119.4614,-5.351],[119.4577,-5.3553],[119.4496,-5.3564],[119.4475,-5.3654],[119.449,-5.3679],[119.456,-5.3691],[119.4574,-5.3711],[119.457,-5.3756],[119.4474,-5.3831],[119.4416,-5.3852],[119.4397,-5.3879],[119.4415,-5.3939],[119.44,-5.3956],[119.4354,-5.3957],[119.4327,-5.3941],[119.4273,-5.3969],[119.4269,-5.4007],[119.4299,-5.4052],[119.4294,-5.4069],[119.4257,-5.4059]]],"type":"MultiPolygon"}},{"type":"Feature","properties":{"id_kec":"73.06.02","nama_kec":"Bajeng","id_kab":"7306","nama_kab":"Gowa"},"geometry":{"coordinates":[[[119.4644,-5.3127],[119.4673,-5.3197],[119.4626,-5.323],[119.4572,-5.3208],[119.4558,-5.3227],[119.4567,-5.3274],[119.4334,-5.3225],[119.4291,-5.3238],[119.4248,-5.3203],[119.424,-5.3115],[119.4264,-5.3081],[119.4234,-5.3058],[119.4202,-5.3081],[119.4174,-5.3063],[119.4228,-5.3007],[119.4146,-5.2985],[119.417,-5.2959],[119.4228,-5.2953],[119.4249,-5.2897],[119.4171,-5.2874],[119.4078,-5.2772],[119.4124,-5.2721],[119.4139,-5.2637],[119.4154,-5.2641],[119.4173,-5.2607],[119.4223,-5.2586],[119.4242,-5.2551],[119.4277,-5.2545],[119.4284,-5.2387],[119.4297,-5.2362],[119.437,-5.2317],[119.4392,-5.2341],[119.4357,-5.237],[119.4338,-5.2441],[119.431,-5.2478],[119.4411,-5.2478],[119.4413,-5.2599],[119.4431,-5.2614],[119.4456,-5.2715],[119.4552,-5.2821],[119.4717,-5.2853],[119.4711,-5.2872],[119.4734,-5.2876],[119.4743,-5.2843],[119.4854,-5.2865],[119.4859,-5.2887],[119.4892,-5.2897],[119.4977,-5.2892],[119.501,-5.2959],[119.505,-5.2936],[119.5162,-5.2973],[119.5213,-5.2919],[119.5289,-5.2975],[119.5208,-5.3015],[119.5117,-5.3099],[119.5022,-5.3125],[119.5055,-5.317],[119.5045,-5.3209],[119.502,-5.3233],[119.4963,-5.3198],[119.4914,-5.3206],[119.4922,-5.3156],[119.4888,-5.314],[119.4872,-5.3165],[119.4852,-5.3159],[119.4825,-5.3117],[119.4793,-5.3121],[119.4785,-5.314],[119.4709,-5.3151],[119.4676,-5.3126],[119.4644,-5.3127]]],"type":"MultiPolygon"}},{"type":"Feature","properties":{"id_kec":"73.06.03","nama_kec":"Tompobulu","id_kab":"7306","nama_kab":"Gowa"},"geometry":{"coordinates":[[[119.8139,-5.5225],[119.8094,-5.5188],[119.8066,-5.5202],[119.804,-5.5142],[119.7991,-5.5126],[119.8,-5.5092],[119.7975,-5.5063],[119.7988,-5.5027],[119.8043,-5.4998],[119.8014,-5.4936],[119.8019,-5.4883],[119.7992,-5.4859],[119.7972,-5.4791],[119.7927,-5.472],[119.7942,-5.4667],[119.7916,-5.4592],[119.794,-5.4587],[119.7966,-5.4489],[119.8034,-5.4485],[119.8067,-5.4462],[119.8125,-5.4471],[119.8189,-5.4449],[119.8257,-5.4337],[119.8241,-5.4256],[119.8252,-5.4236],[119.8282,-5.4231],[119.8279,-5.4202],[119.8297,-5.4193],[119.8284,-5.4171],[119.8308,-5.4114],[119.8297,-5.4089],[119.8367,-5.4034],[119.8376,-5.3969],[119.8512,-5.3849],[119.867,-5.3614],[119.896,-5.3466],[119.8995,-5.3462],[119.9057,-5.3404],[119.9112,-5.3415],[119.9207,-5.3406],[119.9246,-5.3422],[119.9296,-5.3412],[119.9332,-5.353],[119.9368,-5.3563],[119.932,-5.3637],[119.9302,-5.3714],[119.9332,-5.3791],[119.938,-5.3846],[119.9374,-5.3867],[119.9352,-5.3877],[119.9306,-5.3951],[119.9193,-5.4007],[119.9082,-5.4203],[119.8997,-5.4224],[119.8919,-5.4223],[119.8775,-5.4317],[119.8738,-5.432],[119.8629,-5.4469],[119.8605,-5.4474],[119.8569,-5.4519],[119.8526,-5.4608],[119.8484,-5.4629],[119.837,-5.4813],[119.833,-5.4961],[119.8331,-5.5043],[119.822,-5.5129],[119.8218,-5.5158],[119.8186,-5.5169],[119.8192,-5.52],[119.8176,-5.5227],[119.8151,-5.5248],[119.8139,-5.5225]]],"type":"MultiPolygon"}},{"type":"Feature","properties":{"id_kec":"73.06.04","nama_kec":"Tinggimoncong","id_kab":"7306","nama_kab":"Gowa"},"geometry":{"coordinates":[[[119.8618,-5.2866],[119.8579,-5.2809],[119.8463,-5.2781],[119.8378,-5.2798],[119.8345,-5.2774],[119.8192,-5.2806],[119.795,-5.2822],[119.7864,-5.2855],[119.7678,-5.284],[119.7634,-5.2821],[119.7574,-5.2644],[119.7569,-5.2478],[119.7541,-5.2439],[119.7501,-5.2323],[119.7498,-5.2204],[119.7565,-5.215],[119.758,-5.2082],[119.7523,-5.1931],[119.7516,-5.1846],[119.7655,-5.1909],[119.7684,-5.1975],[119.7735,-5.2001],[119.7753,-5.2069],[119.7803,-5.2087],[119.7857,-5.2081],[119.7897,-5.2109],[119.7984,-5.2114],[119.806,-5.2035],[119.8154,-5.2037],[119.8217,-5.1983],[119.8348,-5.1918],[119.8379,-5.1864],[119.8396,-5.1866],[119.8431,-5.1835],[119.8559,-5.192],[119.8626,-5.1918],[119.8692,-5.1968],[119.8801,-5.1988],[119.8825,-5.2041],[119.8887,-5.2078],[119.8962,-5.2171],[119.9088,-5.2141],[119.9114,-5.2275],[119.918,-5.2362],[119.9176,-5.2427],[119.9311,-5.2622],[119.9374,-5.2982],[119.944,-5.3143],[119.9423,-5.3158],[119.9199,-5.3076],[119.917,-5.3092],[119.9121,-5.3089],[119.9088,-5.3063],[119.9053,-5.3076],[119.9004,-5.3067],[119.8913,-5.2999],[119.886,-5.2986],[119.8831,-5.3012],[119.8766,-5.2996],[119.8733,-5.2957],[119.8691,-5.2938],[119.8681,-5.2896],[119.8618,-5.2866]]],"type":"MultiPolygon"}},{"type":"Feature","properties":{"id_kec":"73.06.05","nama_kec":"Parangloe","id_kab":"7306","nama_kab":"Gowa"},"geometry":{"coordinates":[[[119.6961,-5.2627],[119.6923,-5.2617],[119.6851,-5.2651],[119.6795,-5.2653],[119.6659,-5.2557],[119.6603,-5.2577],[119.6574,-5.2609],[119.6484,-5.2623],[119.6375,-5.2584],[119.6236,-5.2592],[119.6209,-5.2569],[119.6117,-5.2623],[119.601,-5.261],[119.6007,-5.2647],[119.5908,-5.2721],[119.587,-5.2795],[119.5756,-5.2694],[119.5787,-5.2568],[119.5902,-5.2417],[119.5986,-5.2338],[119.5968,-5.2266],[119.5985,-5.2197],[119.5987,-5.1981],[119.5974,-5.1944],[119.5994,-5.1921],[119.6028,-5.194],[119.6041,-5.1932],[119.6035,-5.1896],[119.6006,-5.1864],[119.5915,-5.18],[119.5949,-5.1753],[119.5937,-5.1749],[119.5947,-5.1728],[119.5993,-5.1686],[119.6002,-5.1651],[119.5982,-5.1655],[119.5977,-5.1635],[119.5886,-5.168],[119.5921,-5.1625],[119.5907,-5.1566],[119.6005,-5.1527],[119.6041,-5.1538],[119.6093,-5.1597],[119.628,-5.1612],[119.6259,-5.1697],[119.6278,-5.1724],[119.6335,-5.1746],[119.6323,-5.1714],[119.6416,-5.1722],[119.6428,-5.1768],[119.6466,-5.1788],[119.6507,-5.1774],[119.6572,-5.1683],[119.6674,-5.166],[119.6751,-5.1685],[119.688,-5.1678],[119.6998,-5.1723],[119.7076,-5.1782],[119.7205,-5.1822],[119.7476,-5.1819],[119.7516,-5.1846],[119.7523,-5.1931],[119.758,-5.2082],[119.7565,-5.215],[119.7498,-5.2204],[119.7501,-5.2323],[119.7541,-5.2439],[119.7569,-5.2478],[119.7574,-5.2644],[119.7634,-5.2821],[119.7594,-5.2821],[119.7503,-5.2753],[119.7348,-5.2761],[119.7119,-5.2717],[119.6961,-5.2627]]],"type":"MultiPolygon"}},{"type":"Feature","properties":{"id_kec":"73.06.06","nama_kec":"Bontomarannu","id_kab":"7306","nama_kab":"Gowa"},"geometry":{"coordinates":[[[119.5279,-5.2964],[119.5224,-5.2932],[119.5161,-5.2842],[119.5134,-5.2793],[119.5135,-5.2745],[119.5103,-5.2652],[119.503,-5.261],[119.5017,-5.2572],[119.5042,-5.2523],[119.5044,-5.2471],[119.4957,-5.2431],[119.5004,-5.233],[119.5005,-5.2279],[119.4964,-5.2248],[119.5008,-5.2175],[119.5095,-5.2089],[119.5184,-5.2107],[119.5195,-5.2139],[119.5225,-5.2151],[119.5231,-5.2174],[119.5204,-5.2246],[119.5244,-5.2237],[119.5255,-5.2204],[119.5274,-5.2229],[119.5312,-5.2239],[119.5379,-5.236],[119.5375,-5.2423],[119.5398,-5.2417],[119.5401,-5.244],[119.5422,-5.2444],[119.5402,-5.2469],[119.5407,-5.2504],[119.556,-5.2567],[119.5648,-5.2536],[119.5787,-5.2568],[119.5755,-5.2693],[119.587,-5.2795],[119.5766,-5.29],[119.566,-5.2924],[119.5606,-5.2909],[119.5532,-5.2957],[119.5488,-5.2954],[119.5439,-5.3004],[119.5418,-5.3063],[119.5378,-5.3057],[119.5311,-5.3016],[119.5279,-5.2964]]],"type":"MultiPolygon"}},{"type":"Feature","properties":{"id_kec":"73.06.07","nama_kec":"Pallangga","id_kab":"7306","nama_kab":"Gowa"},"geometry":{"coordinates":[[[119.5143,-5.2963],[119.505,-5.2936],[119.5008,-5.2958],[119.4977,-5.2892],[119.4892,-5.2897],[119.4859,-5.2887],[119.4854,-5.2865],[119.4743,-5.2843],[119.4734,-5.2876],[119.4711,-5.2872],[119.4717,-5.2853],[119.4566,-5.2827],[119.4458,-5.2718],[119.4431,-5.2614],[119.4413,-5.2599],[119.4411,-5.2478],[119.431,-5.2478],[119.4338,-5.2441],[119.4357,-5.237],[119.4392,-5.2341],[119.435,-5.2254],[119.4256,-5.2172],[119.429,-5.2128],[119.4292,-5.2103],[119.426,-5.2089],[119.4273,-5.1923],[119.4335,-5.1896],[119.4396,-5.1921],[119.4488,-5.2077],[119.4594,-5.22],[119.4684,-5.2232],[119.4727,-5.222],[119.476,-5.2291],[119.4867,-5.2408],[119.5041,-5.2466],[119.5042,-5.2523],[119.5017,-5.2572],[119.5027,-5.2602],[119.5041,-5.2624],[119.5103,-5.2652],[119.5135,-5.2745],[119.5134,-5.2793],[119.5213,-5.2919],[119.5162,-5.2973],[119.5143,-5.2963]]],"type":"MultiPolygon"}},{"type":"Feature","properties":{"id_kec":"73.06.08","nama_kec":"Somba Opu","id_kab":"7306","nama_kab":"Gowa"},"geometry":{"coordinates":[[[119.4951,-5.2437],[119.4867,-5.2408],[119.476,-5.2291],[119.4727,-5.222],[119.4684,-5.2232],[119.4594,-5.22],[119.4473,-5.2054],[119.4396,-5.1921],[119.4407,-5.1883],[119.4463,-5.1889],[119.4611,-5.1946],[119.4636,-5.1771],[119.4704,-5.1791],[119.476,-5.1842],[119.4862,-5.1893],[119.4866,-5.1909],[119.4925,-5.1899],[119.5107,-5.1949],[119.5134,-5.1947],[119.5139,-5.1932],[119.5168,-5.1937],[119.5182,-5.1984],[119.5212,-5.2008],[119.5204,-5.2054],[119.5175,-5.2073],[119.5187,-5.2103],[119.5081,-5.2095],[119.5008,-5.2175],[119.4964,-5.2248],[119.5005,-5.2279],[119.4999,-5.2357],[119.4951,-5.2437]]],"type":"MultiPolygon"}},{"type":"Feature","properties":{"id_kec":"73.06.09","nama_kec":"Bungaya","id_kab":"7306","nama_kab":"Gowa"},"geometry":{"coordinates":[[[119.7064,-5.4198],[119.6988,-5.4147],[119.6938,-5.4158],[119.6834,-5.4125],[119.6783,-5.4004],[119.6757,-5.3984],[119.6696,-5.3979],[119.664,-5.4037],[119.6528,-5.4053],[119.649,-5.4083],[119.6445,-5.4081],[119.647,-5.3967],[119.6437,-5.3926],[119.6433,-5.3888],[119.6375,-5.3849],[119.6369,-5.3805],[119.6331,-5.3762],[119.6235,-5.3737],[119.6176,-5.3676],[119.6183,-5.3541],[119.6154,-5.3478],[119.6067,-5.3403],[119.6045,-5.3401],[119.6031,-5.3368],[119.5998,-5.3345],[119.6017,-5.3315],[119.5932,-5.3213],[119.5951,-5.3173],[119.5855,-5.3019],[119.5852,-5.2951],[119.5902,-5.2962],[119.5936,-5.2944],[119.5984,-5.2953],[119.6032,-5.3007],[119.6105,-5.3047],[119.6164,-5.3134],[119.6197,-5.3153],[119.622,-5.3145],[119.6234,-5.3192],[119.6266,-5.3197],[119.6273,-5.3237],[119.6299,-5.3251],[119.6296,-5.33],[119.6334,-5.331],[119.6324,-5.3369],[119.6359,-5.3349],[119.6387,-5.3383],[119.6432,-5.3326],[119.649,-5.314],[119.6478,-5.306],[119.6536,-5.3026],[119.6774,-5.3055],[119.6821,-5.3048],[119.6967,-5.3107],[119.6968,-5.3294],[119.6986,-5.3272],[119.7079,-5.3284],[119.7095,-5.33],[119.7145,-5.3255],[119.7212,-5.3293],[119.735,-5.3275],[119.7562,-5.3283],[119.7561,-5.3127],[119.7639,-5.3107],[119.7714,-5.3024],[119.789,-5.3089],[119.7805,-5.3171],[119.7759,-5.3242],[119.7795,-5.3261],[119.7928,-5.3272],[119.7896,-5.3331],[119.7877,-5.3328],[119.785,-5.3358],[119.7828,-5.3459],[119.7878,-5.3559],[119.792,-5.3588],[119.7901,-5.3598],[119.7939,-5.3642],[119.7973,-5.3817],[119.8029,-5.3906],[119.7998,-5.392],[119.7969,-5.4006],[119.7973,-5.4041],[119.7907,-5.4005],[119.7841,-5.3994],[119.7733,-5.4096],[119.7611,-5.4119],[119.7508,-5.4179],[119.742,-5.4193],[119.7265,-5.4299],[119.72,-5.4312],[119.7076,-5.4381],[119.7064,-5.4198]]],"type":"MultiPolygon"}},{"type":"Feature","properties":{"id_kec":"73.06.10","nama_kec":"Tombolo Pao","id_kab":"7306","nama_kab":"Gowa"},"geometry":{"coordinates":[[[119.9769,-5.2632],[119.976,-5.2671],[119.9731,-5.2705],[119.9741,-5.277],[119.966,-5.2822],[119.9633,-5.2818],[119.9543,-5.2904],[119.9453,-5.3071],[119.944,-5.3143],[119.9374,-5.2982],[119.9311,-5.2622],[119.9176,-5.2427],[119.918,-5.2362],[119.9114,-5.2275],[119.9088,-5.2141],[119.8962,-5.2171],[119.8887,-5.2078],[119.8825,-5.2041],[119.8801,-5.1988],[119.8692,-5.1968],[119.8626,-5.1918],[119.8559,-5.192],[119.8431,-5.1835],[119.8449,-5.1766],[119.8578,-5.1682],[119.8638,-5.1598],[119.8625,-5.1542],[119.8569,-5.15],[119.858,-5.1421],[119.8609,-5.1406],[119.8609,-5.1383],[119.8646,-5.1347],[119.8706,-5.1211],[119.8704,-5.1188],[119.8627,-5.1139],[119.8585,-5.1078],[119.8641,-5.0919],[119.8701,-5.0931],[119.8797,-5.0906],[119.8844,-5.0938],[119.8879,-5.0934],[119.8934,-5.0967],[119.899,-5.1117],[119.9101,-5.1181],[119.9114,-5.1222],[119.922,-5.1324],[119.9303,-5.1341],[119.9383,-5.1293],[119.9525,-5.1346],[119.9583,-5.1345],[119.9655,-5.14],[119.9705,-5.1395],[119.9727,-5.142],[119.9749,-5.1505],[119.9722,-5.1577],[119.9768,-5.1636],[119.986,-5.1675],[120.0035,-5.1654],[120.0093,-5.1708],[120.0203,-5.1766],[120.0225,-5.1833],[120.027,-5.1838],[120.0293,-5.1857],[120.0327,-5.1846],[120.0289,-5.1929],[120.025,-5.1935],[120.0268,-5.1973],[120.026,-5.2004],[120.0231,-5.1977],[120.0147,-5.1999],[120.0105,-5.1976],[120.0065,-5.1986],[120.0039,-5.1967],[120.0029,-5.1978],[120.0041,-5.2004],[120.0014,-5.1986],[119.9998,-5.2],[119.9972,-5.1994],[119.9954,-5.2016],[119.9972,-5.203],[119.9948,-5.2039],[119.9948,-5.2063],[119.9919,-5.2059],[119.9932,-5.2165],[119.9946,-5.219],[119.9963,-5.2179],[119.9972,-5.2189],[119.9963,-5.2249],[119.998,-5.23],[119.9916,-5.2371],[119.9876,-5.2391],[119.9862,-5.2439],[119.9807,-5.2476],[119.976,-5.257],[119.9769,-5.2632]]],"type":"MultiPolygon"}},{"type":"Feature","properties":{"id_kec":"73.06.11","nama_kec":"Biringbulu","id_kab":"7306","nama_kab":"Gowa"},"geometry":{"coordinates":[[[119.7809,-5.4426],[119.786,-5.4441],[119.7945,-5.4538],[119.794,-5.4587],[119.7916,-5.4592],[119.7942,-5.4667],[119.7927,-5.472],[119.7972,-5.4791],[119.7992,-5.4859],[119.8019,-5.4883],[119.8014,-5.4936],[119.8043,-5.4998],[119.7975,-5.5047],[119.8,-5.5092],[119.799,-5.5123],[119.804,-5.5142],[119.8066,-5.5202],[119.8094,-5.5188],[119.8134,-5.5211],[119.8161,-5.535],[119.8089,-5.5352],[119.8096,-5.5377],[119.8137,-5.5396],[119.8124,-5.5409],[119.8085,-5.5398],[119.8066,-5.541],[119.8075,-5.5435],[119.805,-5.5444],[119.8044,-5.5549],[119.7946,-5.5564],[119.7906,-5.5627],[119.7865,-5.5657],[119.7864,-5.5694],[119.782,-5.5669],[119.78,-5.569],[119.7789,-5.5683],[119.7779,-5.5665],[119.7795,-5.5621],[119.7778,-5.5613],[119.774,-5.5688],[119.7692,-5.5696],[119.7664,-5.5663],[119.755,-5.5676],[119.7477,-5.566],[119.7391,-5.561],[119.7303,-5.5613],[119.7292,-5.5576],[119.724,-5.5569],[119.7217,-5.555],[119.7215,-5.5497],[119.7148,-5.5489],[119.706,-5.5446],[119.7009,-5.5307],[119.7048,-5.5225],[119.7051,-5.5169],[119.703,-5.511],[119.7057,-5.5062],[119.6993,-5.5012],[119.6864,-5.5005],[119.672,-5.5145],[119.6696,-5.5143],[119.6649,-5.5075],[119.6629,-5.4936],[119.6583,-5.4864],[119.6621,-5.4845],[119.6642,-5.4785],[119.6545,-5.4731],[119.6537,-5.4697],[119.6427,-5.4705],[119.6311,-5.4754],[119.6388,-5.4584],[119.6483,-5.4528],[119.645,-5.4492],[119.6448,-5.4443],[119.6408,-5.437],[119.6411,-5.4346],[119.643,-5.4343],[119.6391,-5.4308],[119.6362,-5.4312],[119.6376,-5.4254],[119.6338,-5.4242],[119.6308,-5.4273],[119.6299,-5.4246],[119.6323,-5.4206],[119.6272,-5.4198],[119.6288,-5.4171],[119.634,-5.4177],[119.6374,-5.4138],[119.6415,-5.4143],[119.6445,-5.4081],[119.649,-5.4083],[119.6528,-5.4053],[119.664,-5.4037],[119.6696,-5.3979],[119.6757,-5.3984],[119.6783,-5.4004],[119.6834,-5.4125],[119.6938,-5.4158],[119.6988,-5.4147],[119.7064,-5.4198],[119.7076,-5.4381],[119.72,-5.4312],[119.7265,-5.4299],[119.7415,-5.4199],[119.7445,-5.4232],[119.7547,-5.4234],[119.7618,-5.434],[119.7672,-5.4335],[119.7771,-5.4416],[119.7809,-5.4426]]],"type":"MultiPolygon"}},{"type":"Feature","properties":{"id_kec":"73.06.12","nama_kec":"Barombong","id_kab":"7306","nama_kab":"Gowa"},"geometry":{"coordinates":[[[119.4047,-5.2777],[119.3915,-5.2829],[119.3839,-5.2797],[119.3862,-5.2694],[119.3981,-5.2602],[119.3998,-5.2562],[119.4073,-5.2532],[119.4092,-5.2484],[119.4035,-5.2442],[119.404,-5.235],[119.4013,-5.2333],[119.4051,-5.2255],[119.4047,-5.2178],[119.4074,-5.2137],[119.4076,-5.2103],[119.4105,-5.21],[119.4106,-5.2051],[119.4096,-5.2031],[119.4022,-5.1993],[119.3977,-5.2002],[119.3965,-5.198],[119.3931,-5.1988],[119.3906,-5.1952],[119.3907,-5.1932],[119.3958,-5.1916],[119.3952,-5.1877],[119.3965,-5.1865],[119.406,-5.186],[119.408,-5.1827],[119.4128,-5.191],[119.4164,-5.1936],[119.4218,-5.1946],[119.4273,-5.1923],[119.426,-5.2089],[119.4292,-5.2103],[119.429,-5.2128],[119.4256,-5.2172],[119.4378,-5.2295],[119.437,-5.2317],[119.4297,-5.2362],[119.4284,-5.2387],[119.4277,-5.2545],[119.4242,-5.2551],[119.4223,-5.2586],[119.4173,-5.2607],[119.4154,-5.2641],[119.4139,-5.2637],[119.4127,-5.2714],[119.4101,-5.2758],[119.4047,-5.2777]]],"type":"MultiPolygon"}},{"type":"Feature","properties":{"id_kec":"73.06.13","nama_kec":"Pattallassang","id_kab":"7306","nama_kab":"Gowa"},"geometry":{"coordinates":[[[119.575,-5.256],[119.5648,-5.2536],[119.556,-5.2567],[119.5407,-5.2504],[119.5402,-5.2469],[119.5422,-5.2444],[119.5401,-5.244],[119.5398,-5.2417],[119.5375,-5.2423],[119.5379,-5.236],[119.5312,-5.2239],[119.5274,-5.2229],[119.5255,-5.2204],[119.5244,-5.2237],[119.5204,-5.2246],[119.5231,-5.2174],[119.5225,-5.2151],[119.5186,-5.2126],[119.5175,-5.2073],[119.5204,-5.2054],[119.5212,-5.2008],[119.5182,-5.1984],[119.5154,-5.1914],[119.5164,-5.1825],[119.5133,-5.1806],[119.5137,-5.1788],[119.5116,-5.1767],[119.5148,-5.1732],[119.5151,-5.1703],[119.5188,-5.1691],[119.5192,-5.1656],[119.5376,-5.1644],[119.5412,-5.1648],[119.5411,-5.1675],[119.5477,-5.1638],[119.5567,-5.166],[119.561,-5.1684],[119.5604,-5.1698],[119.5634,-5.1723],[119.5659,-5.1713],[119.5717,-5.1749],[119.5773,-5.1714],[119.5815,-5.1722],[119.5977,-5.1635],[119.5982,-5.1655],[119.6002,-5.1651],[119.5993,-5.1686],[119.5947,-5.1728],[119.5937,-5.1749],[119.5949,-5.1753],[119.5915,-5.18],[119.6006,-5.1864],[119.604,-5.1917],[119.6036,-5.1938],[119.5994,-5.1921],[119.5974,-5.1944],[119.5987,-5.1981],[119.5985,-5.2197],[119.5968,-5.2266],[119.5986,-5.2338],[119.5902,-5.2417],[119.5792,-5.2568],[119.575,-5.256]]],"type":"MultiPolygon"}},{"type":"Feature","properties":{"id_kec":"73.06.14","nama_kec":"Manuju","id_kab":"7306","nama_kab":"Gowa"},"geometry":{"coordinates":[[[119.6373,-5.3379],[119.6359,-5.3349],[119.6324,-5.3369],[119.6334,-5.331],[119.6296,-5.33],[119.6299,-5.3251],[119.6275,-5.3241],[119.6263,-5.3193],[119.6234,-5.3192],[119.6232,-5.3154],[119.6164,-5.3134],[119.6105,-5.3047],[119.6032,-5.3007],[119.5984,-5.2953],[119.5927,-5.2946],[119.5933,-5.2934],[119.5891,-5.2911],[119.584,-5.2894],[119.5813,-5.2925],[119.5796,-5.2904],[119.5766,-5.29],[119.5868,-5.2799],[119.5908,-5.2721],[119.6007,-5.2647],[119.601,-5.261],[119.6117,-5.2623],[119.6209,-5.2569],[119.6236,-5.2592],[119.6375,-5.2584],[119.6484,-5.2623],[119.6574,-5.2609],[119.6603,-5.2577],[119.6659,-5.2557],[119.6795,-5.2653],[119.6851,-5.2651],[119.6937,-5.2615],[119.7119,-5.2717],[119.7348,-5.2761],[119.7503,-5.2753],[119.7594,-5.2821],[119.7634,-5.2821],[119.7661,-5.2921],[119.7715,-5.3023],[119.7639,-5.3107],[119.7561,-5.3127],[119.7562,-5.3283],[119.735,-5.3275],[119.7212,-5.3293],[119.7145,-5.3255],[119.7095,-5.33],[119.7079,-5.3284],[119.6986,-5.3272],[119.6968,-5.3294],[119.6967,-5.3107],[119.6821,-5.3048],[119.6774,-5.3055],[119.6536,-5.3026],[119.6478,-5.306],[119.649,-5.314],[119.6447,-5.3282],[119.6425,-5.3342],[119.6387,-5.3383],[119.6373,-5.3379]]],"type":"MultiPolygon"}},{"type":"Feature","properties":{"id_kec":"73.06.15","nama_kec":"Bontolempangan","id_kab":"7306","nama_kab":"Gowa"},"geometry":{"coordinates":[[[119.7906,-5.4489],[119.786,-5.4441],[119.7771,-5.4416],[119.7672,-5.4335],[119.7618,-5.434],[119.7547,-5.4234],[119.7445,-5.4232],[119.7415,-5.4211],[119.742,-5.4193],[119.7508,-5.4179],[119.759,-5.4126],[119.7733,-5.4096],[119.785,-5.3991],[119.7973,-5.4041],[119.7969,-5.4006],[119.7998,-5.392],[119.8029,-5.3906],[119.7973,-5.3817],[119.7939,-5.3642],[119.7901,-5.3598],[119.792,-5.3588],[119.7888,-5.3572],[119.7832,-5.3482],[119.7845,-5.3373],[119.7877,-5.3328],[119.79,-5.3332],[119.7933,-5.3391],[119.8002,-5.3405],[119.8136,-5.332],[119.8219,-5.3295],[119.8269,-5.3289],[119.8308,-5.3309],[119.8364,-5.3312],[119.8386,-5.3289],[119.8463,-5.3265],[119.8528,-5.3285],[119.8598,-5.334],[119.8797,-5.3261],[119.8918,-5.3277],[119.8999,-5.3318],[119.9144,-5.3359],[119.9207,-5.3406],[119.9112,-5.3415],[119.9057,-5.3404],[119.8995,-5.3462],[119.896,-5.3466],[119.867,-5.3614],[119.8512,-5.3849],[119.8376,-5.3969],[119.8367,-5.4034],[119.8297,-5.4089],[119.8308,-5.4114],[119.8284,-5.4171],[119.8297,-5.4193],[119.8279,-5.4202],[119.8282,-5.4231],[119.8252,-5.4236],[119.8241,-5.4256],[119.8257,-5.4337],[119.8189,-5.4449],[119.8125,-5.4471],[119.8067,-5.4462],[119.8034,-5.4485],[119.7966,-5.4489],[119.7945,-5.4538],[119.7906,-5.4489]]],"type":"MultiPolygon"}},{"type":"Feature","properties":{"id_kec":"73.06.16","nama_kec":"Bontonompo Selatan","id_kab":"7306","nama_kab":"Gowa"},"geometry":{"coordinates":[[[119.4219,-5.4686],[119.4234,-5.4638],[119.4191,-5.4542],[119.4284,-5.4513],[119.4313,-5.4586],[119.4297,-5.4605],[119.4254,-5.4601],[119.425,-5.4643],[119.4219,-5.4686]],[[119.4227,-5.4055],[119.4294,-5.4069],[119.4284,-5.4124],[119.4254,-5.4138],[119.4236,-5.417],[119.4239,-5.4227],[119.4282,-5.4265],[119.4327,-5.4278],[119.4354,-5.4316],[119.4333,-5.4378],[119.4286,-5.4396],[119.4187,-5.4383],[119.4198,-5.4333],[119.4171,-5.4193],[119.4215,-5.4104],[119.4098,-5.4109],[119.4075,-5.4083],[119.4013,-5.4078],[119.3994,-5.4133],[119.3955,-5.4165],[119.3923,-5.4159],[119.3914,-5.4137],[119.3846,-5.4141],[119.383,-5.4159],[119.3809,-5.4156],[119.3806,-5.4215],[119.3789,-5.4239],[119.3753,-5.4234],[119.3717,-5.4256],[119.3671,-5.4225],[119.366,-5.4178],[119.3637,-5.4167],[119.3632,-5.4089],[119.3696,-5.4009],[119.3725,-5.3919],[119.3782,-5.3893],[119.3872,-5.3885],[119.3927,-5.3858],[119.3937,-5.3816],[119.3896,-5.3766],[119.3884,-5.3714],[119.3909,-5.3683],[119.3959,-5.3674],[119.3981,-5.3622],[119.4007,-5.361],[119.4082,-5.3619],[119.4291,-5.3726],[119.4262,-5.3856],[119.4218,-5.393],[119.4185,-5.4046],[119.4227,-5.4055]]],"type":"MultiPolygon"}},{"type":"Feature","properties":{"id_kec":"73.06.17","nama_kec":"Parigi","id_kab":"7306","nama_kab":"Gowa"},"geometry":{"coordinates":[[[119.8633,-5.3316],[119.8589,-5.3339],[119.8516,-5.3278],[119.8446,-5.3267],[119.8364,-5.3312],[119.8308,-5.3309],[119.8269,-5.3289],[119.8136,-5.332],[119.8019,-5.3402],[119.7933,-5.3391],[119.7896,-5.3331],[119.7928,-5.3272],[119.7795,-5.3261],[119.7759,-5.3242],[119.7805,-5.3171],[119.789,-5.3089],[119.7714,-5.3024],[119.7661,-5.2921],[119.7634,-5.2821],[119.7678,-5.284],[119.7864,-5.2855],[119.795,-5.2822],[119.8192,-5.2806],[119.8313,-5.2773],[119.8391,-5.2799],[119.8463,-5.2781],[119.8507,-5.2786],[119.852,-5.2803],[119.8589,-5.2814],[119.8616,-5.2873],[119.8681,-5.2896],[119.8691,-5.2938],[119.8733,-5.2957],[119.8766,-5.2996],[119.8831,-5.3012],[119.886,-5.2986],[119.8913,-5.2999],[119.9004,-5.3067],[119.9053,-5.3076],[119.9088,-5.3063],[119.9121,-5.3089],[119.917,-5.3092],[119.9199,-5.3076],[119.9423,-5.3158],[119.9291,-5.3382],[119.9296,-5.3412],[119.927,-5.3422],[119.9205,-5.3405],[119.9144,-5.3359],[119.8999,-5.3318],[119.8909,-5.3275],[119.8797,-5.3261],[119.875,-5.3289],[119.8633,-5.3316]]],"type":"MultiPolygon"}},{"type":"Feature","properties":{"id_kec":"73.06.18","nama_kec":"Bajeng Barat","id_kab":"7306","nama_kab":"Gowa"},"geometry":{"coordinates":[[[119.4171,-5.2874],[119.4249,-5.2897],[119.4228,-5.2953],[119.417,-5.2959],[119.4146,-5.2985],[119.4228,-5.3007],[119.4174,-5.3063],[119.4202,-5.3081],[119.4234,-5.3058],[119.4264,-5.3081],[119.424,-5.3115],[119.425,-5.3198],[119.422,-5.3199],[119.4169,-5.3249],[119.4099,-5.3287],[119.4058,-5.3277],[119.406,-5.3304],[119.3988,-5.3271],[119.3941,-5.3228],[119.3905,-5.3057],[119.3883,-5.3031],[119.3858,-5.3042],[119.3826,-5.3028],[119.3778,-5.2971],[119.3762,-5.2914],[119.3802,-5.2818],[119.3839,-5.2797],[119.3915,-5.2829],[119.4069,-5.2769],[119.4117,-5.2826],[119.4154,-5.2841],[119.4171,-5.2874]]],"type":"MultiPolygon"}},{"type":"Feature","properties":{"id_kec":"73.04.01","nama_kec":"Bangkala","id_kab":"7304","nama_kab":"Jeneponto"},"geometry":{"coordinates":[[[119.5877,-5.6437],[119.5861,-5.6478],[119.5823,-5.6501],[119.5799,-5.6571],[119.5762,-5.6586],[119.5574,-5.649],[119.5472,-5.6381],[119.5457,-5.6339],[119.5467,-5.6228],[119.5449,-5.6195],[119.5501,-5.6133],[119.5505,-5.6036],[119.5538,-5.5994],[119.5533,-5.595],[119.556,-5.595],[119.5575,-5.6051],[119.5604,-5.6113],[119.5638,-5.6121],[119.569,-5.6057],[119.5732,-5.6069],[119.5635,-5.6],[119.5577,-5.5983],[119.5573,-5.5955],[119.5553,-5.5936],[119.5564,-5.5916],[119.5521,-5.5937],[119.5463,-5.586],[119.5413,-5.5831],[119.5448,-5.5828],[119.5544,-5.5727],[119.5484,-5.5697],[119.5476,-5.5677],[119.5494,-5.5659],[119.5522,-5.5646],[119.5591,-5.5714],[119.5614,-5.5679],[119.5597,-5.5508],[119.5629,-5.5483],[119.5672,-5.5481],[119.5668,-5.5384],[119.5685,-5.5363],[119.585,-5.5249],[119.5987,-5.5204],[119.6157,-5.5085],[119.6204,-5.5039],[119.6263,-5.4936],[119.6315,-5.4755],[119.6427,-5.4705],[119.6534,-5.4695],[119.6545,-5.4731],[119.6643,-5.4788],[119.6617,-5.485],[119.6583,-5.4862],[119.6636,-5.4966],[119.6649,-5.5075],[119.6641,-5.5157],[119.6538,-5.5289],[119.6501,-5.5437],[119.6387,-5.5542],[119.6336,-5.5614],[119.6306,-5.5684],[119.6307,-5.5803],[119.6245,-5.5923],[119.6207,-5.5953],[119.6148,-5.6059],[119.6128,-5.6143],[119.6095,-5.6127],[119.6076,-5.6161],[119.6035,-5.6171],[119.5993,-5.6161],[119.5956,-5.6185],[119.5937,-5.6179],[119.5917,-5.6131],[119.5893,-5.6125],[119.5851,-5.6147],[119.5836,-5.6217],[119.5871,-5.6211],[119.5871,-5.6182],[119.5899,-5.622],[119.5876,-5.6265],[119.5869,-5.6384],[119.5881,-5.6385],[119.5889,-5.6416],[119.5874,-5.6418],[119.5877,-5.6437]],[[119.5988,-5.6475],[119.6019,-5.6479],[119.6019,-5.6491],[119.5978,-5.6493],[119.5961,-5.6467],[119.5988,-5.6475]]],"type":"MultiPolygon"}},{"type":"Feature","properties":{"id_kec":"73.04.02","nama_kec":"Tamalatea","id_kab":"7304","nama_kab":"Jeneponto"},"geometry":{"coordinates":[[[119.6882,-5.6744],[119.6768,-5.6866],[119.6738,-5.6879],[119.6668,-5.6891],[119.6589,-5.6836],[119.6474,-5.6821],[119.6476,-5.6797],[119.6408,-5.6721],[119.6397,-5.6641],[119.6405,-5.6602],[119.6472,-5.658],[119.6504,-5.6542],[119.6568,-5.6545],[119.6586,-5.6533],[119.6576,-5.6519],[119.6599,-5.6482],[119.6578,-5.6427],[119.6541,-5.6389],[119.6562,-5.6378],[119.6541,-5.6383],[119.6533,-5.6369],[119.6544,-5.6339],[119.6532,-5.6344],[119.6502,-5.6284],[119.6379,-5.6294],[119.628,-5.6247],[119.617,-5.6251],[119.6148,-5.6218],[119.6165,-5.617],[119.6128,-5.6143],[119.6148,-5.6059],[119.6207,-5.5953],[119.6245,-5.5923],[119.6284,-5.584],[119.6331,-5.5912],[119.6366,-5.592],[119.6441,-5.5903],[119.652,-5.5924],[119.6535,-5.5904],[119.6564,-5.5911],[119.6576,-5.5895],[119.6608,-5.5919],[119.663,-5.591],[119.6604,-5.5961],[119.663,-5.596],[119.6648,-5.6019],[119.6641,-5.6046],[119.669,-5.6082],[119.6698,-5.6123],[119.667,-5.6165],[119.6673,-5.6184],[119.6654,-5.6186],[119.6674,-5.6229],[119.6683,-5.6205],[119.6732,-5.6182],[119.6743,-5.6205],[119.6769,-5.617],[119.68,-5.6206],[119.6839,-5.6201],[119.6884,-5.6166],[119.6903,-5.6174],[119.6919,-5.6149],[119.6931,-5.6196],[119.6954,-5.6177],[119.6986,-5.6203],[119.7062,-5.6124],[119.7164,-5.621],[119.711,-5.6266],[119.719,-5.6309],[119.7198,-5.6346],[119.7104,-5.6323],[119.7085,-5.6353],[119.7093,-5.642],[119.7108,-5.6422],[119.7044,-5.654],[119.7058,-5.6726],[119.7016,-5.6771],[119.6934,-5.6731],[119.6882,-5.6744]]],"type":"MultiPolygon"}},{"type":"Feature","properties":{"id_kec":"73.04.03","nama_kec":"Binamu","id_kab":"7304","nama_kab":"Jeneponto"},"geometry":{"coordinates":[[[119.7777,-5.6692],[119.7795,-5.6739],[119.7756,-5.6894],[119.7779,-5.7023],[119.7643,-5.703],[119.7459,-5.7009],[119.7439,-5.6985],[119.7394,-5.6982],[119.7353,-5.7012],[119.7298,-5.7023],[119.7046,-5.7029],[119.6962,-5.7004],[119.6925,-5.7008],[119.6851,-5.6965],[119.6797,-5.6965],[119.676,-5.6943],[119.673,-5.6949],[119.6668,-5.6891],[119.6768,-5.6866],[119.6905,-5.6731],[119.6942,-5.6734],[119.7006,-5.6771],[119.7036,-5.6761],[119.7062,-5.6694],[119.7044,-5.654],[119.7108,-5.6422],[119.7093,-5.642],[119.7085,-5.6353],[119.7104,-5.6323],[119.7162,-5.6346],[119.7213,-5.6353],[119.723,-5.634],[119.7318,-5.6362],[119.7327,-5.6413],[119.7364,-5.6437],[119.7397,-5.6439],[119.7467,-5.6377],[119.7494,-5.6371],[119.7621,-5.6427],[119.772,-5.6367],[119.7766,-5.6368],[119.7752,-5.6442],[119.779,-5.649],[119.7635,-5.6522],[119.7777,-5.6692]]],"type":"MultiPolygon"}},{"type":"Feature","properties":{"id_kec":"73.04.04","nama_kec":"Batang","id_kab":"7304","nama_kab":"Jeneponto"},"geometry":{"coordinates":[[[119.8216,-5.6318],[119.8097,-5.6455],[119.8116,-5.6494],[119.8098,-5.654],[119.809,-5.6499],[119.8054,-5.65],[119.8003,-5.6533],[119.7997,-5.6519],[119.7975,-5.6537],[119.7821,-5.6552],[119.7752,-5.6442],[119.7798,-5.6241],[119.792,-5.6266],[119.7932,-5.6225],[119.795,-5.6221],[119.7972,-5.6015],[119.7997,-5.6026],[119.81,-5.5975],[119.8168,-5.5862],[119.823,-5.587],[119.8274,-5.5859],[119.829,-5.584],[119.8279,-5.5751],[119.8326,-5.574],[119.8325,-5.5865],[119.8255,-5.5979],[119.8257,-5.6091],[119.8373,-5.6163],[119.8405,-5.6155],[119.8414,-5.6136],[119.8428,-5.6164],[119.862,-5.6233],[119.8606,-5.6279],[119.86279999999999,-5.6331],[119.8579,-5.636],[119.8533,-5.6332],[119.8544,-5.6296],[119.8508,-5.6293],[119.8486,-5.6265],[119.8506,-5.6332],[119.8465,-5.6345],[119.8464,-5.6361],[119.8382,-5.6304],[119.8228,-5.6294],[119.8216,-5.6318]]],"type":"MultiPolygon"}},{"type":"Feature","properties":{"id_kec":"73.04.05","nama_kec":"Kelara","id_kab":"7304","nama_kab":"Jeneponto"},"geometry":{"coordinates":[[[119.8393,-5.571],[119.8279,-5.5751],[119.829,-5.584],[119.8274,-5.5859],[119.8159,-5.5867],[119.81,-5.5975],[119.8005,-5.6022],[119.7985,-5.598],[119.793,-5.5928],[119.7932,-5.5845],[119.7892,-5.5792],[119.7926,-5.5753],[119.7864,-5.5693],[119.7865,-5.5657],[119.7906,-5.5627],[119.7946,-5.5564],[119.8044,-5.5549],[119.805,-5.5444],[119.8075,-5.5435],[119.8066,-5.541],[119.8085,-5.5398],[119.8124,-5.5409],[119.8137,-5.5396],[119.8096,-5.5377],[119.8089,-5.5352],[119.8161,-5.535],[119.8143,-5.5264],[119.8189,-5.5212],[119.8184,-5.5172],[119.8218,-5.5158],[119.822,-5.5129],[119.8331,-5.5043],[119.8328,-5.5015],[119.8532,-5.5127],[119.8547,-5.5211],[119.8604,-5.526],[119.8625,-5.5305],[119.8614,-5.5405],[119.8564,-5.5533],[119.8563,-5.5561],[119.858,-5.5578],[119.8393,-5.571]]],"type":"MultiPolygon"}},{"type":"Feature","properties":{"id_kec":"73.04.06","nama_kec":"Bangkala Barat","id_kab":"7304","nama_kab":"Jeneponto"},"geometry":{"coordinates":[[[119.5259,-5.595],[119.5245,-5.5933],[119.5271,-5.5898],[119.5278,-5.5945],[119.5259,-5.595]],[[119.5186,-5.5882],[119.5202,-5.5894],[119.52,-5.5921],[119.5158,-5.5935],[119.5144,-5.5906],[119.5186,-5.5882]],[[119.5504,-5.57],[119.5544,-5.5725],[119.5523,-5.5751],[119.5448,-5.5828],[119.5346,-5.5863],[119.5308,-5.5809],[119.5249,-5.5786],[119.526,-5.5773],[119.5246,-5.5775],[119.5234,-5.5742],[119.5128,-5.5693],[119.5103,-5.5652],[119.5156,-5.5626],[119.5176,-5.5588],[119.512,-5.5551],[119.5118,-5.5535],[119.5184,-5.5484],[119.5147,-5.5448],[119.515,-5.5407],[119.512,-5.5392],[119.5053,-5.5233],[119.4872,-5.511],[119.4886,-5.5051],[119.4862,-5.4992],[119.4871,-5.4919],[119.4959,-5.4913],[119.4963,-5.4885],[119.5015,-5.4922],[119.5055,-5.4921],[119.506,-5.4909],[119.512,-5.492],[119.5136,-5.4894],[119.5217,-5.4852],[119.5175,-5.4753],[119.5096,-5.4687],[119.508,-5.462],[119.5054,-5.46],[119.5058,-5.4568],[119.5236,-5.4461],[119.5216,-5.4405],[119.5242,-5.4404],[119.5273,-5.4364],[119.5285,-5.437],[119.5304,-5.4317],[119.5364,-5.4352],[119.5419,-5.4335],[119.5496,-5.4365],[119.5509,-5.44],[119.5564,-5.4404],[119.562,-5.4424],[119.5646,-5.4452],[119.5668,-5.4437],[119.5734,-5.4469],[119.5835,-5.4411],[119.6002,-5.4395],[119.6083,-5.441],[119.6119,-5.4375],[119.6328,-5.4349],[119.6362,-5.4312],[119.6394,-5.431],[119.643,-5.4343],[119.6411,-5.4346],[119.6408,-5.437],[119.6448,-5.4443],[119.645,-5.4492],[119.6481,-5.4536],[119.6388,-5.4584],[119.6376,-5.4633],[119.6313,-5.4735],[119.6263,-5.4936],[119.6204,-5.5039],[119.5999,-5.5197],[119.585,-5.5249],[119.5706,-5.5343],[119.5668,-5.5384],[119.5672,-5.5481],[119.5629,-5.5483],[119.5597,-5.5508],[119.5614,-5.5679],[119.5591,-5.5714],[119.5522,-5.5646],[119.5476,-5.5677],[119.5486,-5.57],[119.5504,-5.57]]],"type":"MultiPolygon"}},{"type":"Feature","properties":{"id_kec":"73.04.07","nama_kec":"Bontoramba","id_kab":"7304","nama_kab":"Jeneponto"},"geometry":{"coordinates":[[[119.6911,-5.616],[119.6903,-5.6174],[119.6884,-5.6166],[119.6839,-5.6201],[119.68,-5.6206],[119.6769,-5.617],[119.6743,-5.6205],[119.6732,-5.6182],[119.6683,-5.6205],[119.6674,-5.6229],[119.6654,-5.6186],[119.6673,-5.6184],[119.667,-5.6165],[119.6698,-5.6123],[119.669,-5.6082],[119.6641,-5.6046],[119.6648,-5.6019],[119.663,-5.596],[119.6604,-5.5961],[119.663,-5.591],[119.6608,-5.5919],[119.6576,-5.5895],[119.6564,-5.5911],[119.6535,-5.5904],[119.652,-5.5924],[119.6441,-5.5903],[119.6366,-5.592],[119.6331,-5.5912],[119.6284,-5.584],[119.631,-5.5788],[119.6311,-5.5665],[119.6374,-5.5556],[119.6501,-5.5437],[119.6538,-5.5289],[119.6639,-5.5163],[119.6649,-5.5075],[119.6696,-5.5143],[119.6715,-5.5148],[119.6809,-5.5045],[119.6876,-5.5001],[119.6983,-5.5008],[119.7056,-5.5059],[119.703,-5.511],[119.7051,-5.5169],[119.7048,-5.5225],[119.701,-5.5313],[119.7055,-5.5442],[119.7138,-5.5486],[119.7215,-5.5497],[119.7217,-5.555],[119.724,-5.5569],[119.7292,-5.5576],[119.7307,-5.5622],[119.734,-5.5654],[119.7317,-5.5671],[119.7339,-5.5748],[119.7319,-5.5769],[119.734,-5.5792],[119.7323,-5.5841],[119.737,-5.6007],[119.7316,-5.6053],[119.7259,-5.6134],[119.7164,-5.621],[119.7062,-5.6124],[119.6986,-5.6203],[119.6954,-5.6177],[119.6931,-5.6196],[119.6929,-5.6152],[119.6911,-5.616]]],"type":"MultiPolygon"}},{"type":"Feature","properties":{"id_kec":"73.04.08","nama_kec":"Turatea","id_kab":"7304","nama_kab":"Jeneponto"},"geometry":{"coordinates":[[[119.7467,-5.6377],[119.7397,-5.6439],[119.7351,-5.6434],[119.7327,-5.6413],[119.7318,-5.6362],[119.723,-5.634],[119.7202,-5.6349],[119.719,-5.6309],[119.711,-5.6266],[119.7368,-5.6016],[119.7323,-5.5841],[119.734,-5.5792],[119.7319,-5.5769],[119.7339,-5.5748],[119.7317,-5.5671],[119.734,-5.5654],[119.7303,-5.5613],[119.7391,-5.561],[119.7477,-5.566],[119.755,-5.5676],[119.7664,-5.5663],[119.7692,-5.5696],[119.774,-5.5688],[119.7749,-5.5655],[119.7771,-5.5642],[119.7766,-5.5615],[119.7789,-5.5614],[119.7779,-5.5665],[119.7789,-5.5683],[119.7835,-5.5675],[119.7926,-5.5753],[119.7892,-5.5792],[119.7932,-5.5845],[119.793,-5.5928],[119.7985,-5.598],[119.8005,-5.6022],[119.7975,-5.6012],[119.796,-5.6044],[119.7977,-5.6059],[119.795,-5.6221],[119.7932,-5.6225],[119.792,-5.6266],[119.7798,-5.6241],[119.7766,-5.6368],[119.772,-5.6367],[119.7621,-5.6427],[119.7512,-5.6373],[119.7467,-5.6377]]],"type":"MultiPolygon"}},{"type":"Feature","properties":{"id_kec":"73.04.09","nama_kec":"Arungkeke","id_kab":"7304","nama_kab":"Jeneponto"},"geometry":{"coordinates":[[[119.8101,-5.6886],[119.7928,-5.7014],[119.7782,-5.7015],[119.7756,-5.6894],[119.7782,-5.6834],[119.7792,-5.6709],[119.7704,-5.659],[119.7639,-5.6542],[119.7635,-5.652],[119.779,-5.649],[119.7832,-5.6552],[119.7975,-5.6537],[119.7997,-5.6519],[119.8003,-5.6533],[119.8036,-5.6503],[119.809,-5.6499],[119.8098,-5.654],[119.8116,-5.6494],[119.8097,-5.6455],[119.8228,-5.6294],[119.8382,-5.6304],[119.8426,-5.6344],[119.8396,-5.6351],[119.8412,-5.6385],[119.8363,-5.6399],[119.8397,-5.642],[119.8442,-5.6419],[119.8443,-5.6492],[119.8457,-5.649],[119.8474,-5.6526],[119.8487,-5.651],[119.8537,-5.6556],[119.854,-5.6598],[119.85,-5.6652],[119.84,-5.6722],[119.8223,-5.6732],[119.8101,-5.6886]]],"type":"MultiPolygon"}},{"type":"Feature","properties":{"id_kec":"73.04.10","nama_kec":"Rumbia","id_kab":"7304","nama_kab":"Jeneponto"},"geometry":{"coordinates":[[[119.8757,-5.5257],[119.876,-5.5274],[119.8738,-5.528],[119.8689,-5.5234],[119.8573,-5.5186],[119.8538,-5.5157],[119.8532,-5.5127],[119.8328,-5.5015],[119.837,-5.4813],[119.8484,-5.4629],[119.8526,-5.4608],[119.8569,-5.4519],[119.8605,-5.4474],[119.8629,-5.4469],[119.8738,-5.432],[119.8775,-5.4317],[119.8919,-5.4223],[119.8997,-5.4224],[119.9082,-5.4203],[119.9193,-5.4007],[119.9306,-5.3951],[119.9352,-5.3877],[119.9374,-5.3867],[119.9369,-5.4081],[119.9308,-5.4167],[119.9263,-5.4203],[119.9264,-5.4248],[119.9241,-5.4284],[119.9235,-5.435],[119.9123,-5.4428],[119.9064,-5.4558],[119.8992,-5.4616],[119.8963,-5.4767],[119.8796,-5.4907],[119.8786,-5.4994],[119.8741,-5.5042],[119.8759,-5.5093],[119.8734,-5.5187],[119.8757,-5.5257]]],"type":"MultiPolygon"}},{"type":"Feature","properties":{"id_kec":"73.04.11","nama_kec":"Tarowang","id_kab":"7304","nama_kab":"Jeneponto"},"geometry":{"coordinates":[[[119.8614,-5.6235],[119.8428,-5.6164],[119.8414,-5.6136],[119.8405,-5.6155],[119.8373,-5.6163],[119.8257,-5.6091],[119.8255,-5.5979],[119.8325,-5.5865],[119.8326,-5.574],[119.84,-5.5706],[119.858,-5.5578],[119.8563,-5.5543],[119.8642,-5.5546],[119.8663,-5.5529],[119.8744,-5.5566],[119.8828,-5.5567],[119.8907,-5.5625],[119.9001,-5.5572],[119.902,-5.559],[119.9012,-5.5606],[119.9027,-5.5638],[119.908,-5.5645],[119.9068,-5.5652],[119.9087,-5.57],[119.9048,-5.5722],[119.9074,-5.5771],[119.9058,-5.583],[119.8997,-5.5879],[119.8971,-5.5927],[119.8881,-5.5958],[119.8821,-5.6013],[119.8768,-5.608],[119.8749,-5.6138],[119.872,-5.6141],[119.8706,-5.6109],[119.8669,-5.6089],[119.865,-5.6104],[119.8647,-5.6127],[119.8667,-5.614],[119.8662,-5.6175],[119.8614,-5.6235]]],"type":"MultiPolygon"}},{"type":"Feature","properties":{"id_kec":"73.01.01","nama_kec":"Benteng","id_kab":"7301","nama_kab":"Kepulauan Selayar"},"geometry":{"coordinates":[[[120.4725,-6.1256],[120.4725,-6.1296],[120.4696,-6.1312],[120.4632,-6.1287],[120.4611,-6.1306],[120.4576,-6.1285],[120.4542,-6.1287],[120.4561,-6.1249],[120.457,-6.1163],[120.4635,-6.1077],[120.466,-6.0923],[120.4694,-6.0916],[120.4695,-6.1104],[120.4749,-6.1133],[120.4725,-6.1256]]],"type":"MultiPolygon"}},{"type":"Feature","properties":{"id_kec":"73.01.02","nama_kec":"Bontoharu","id_kab":"7301","nama_kab":"Kepulauan Selayar"},"geometry":{"coordinates":[[[120.4204,-6.1754],[120.4194,-6.184],[120.4204,-6.1869],[120.4246,-6.1905],[120.4269,-6.1967],[120.4203,-6.2069],[120.4146,-6.2087],[120.4108,-6.2073],[120.4073,-6.2021],[120.403,-6.2026],[120.4015,-6.201],[120.3986,-6.2026],[120.3963,-6.1977],[120.3949,-6.1859],[120.3922,-6.1803],[120.3948,-6.1726],[120.3955,-6.1627],[120.4003,-6.1599],[120.4017,-6.1557],[120.4064,-6.128],[120.4085,-6.1227],[120.4125,-6.12],[120.4144,-6.115],[120.4222,-6.116],[120.4255,-6.1082],[120.4285,-6.1056],[120.4315,-6.1058],[120.4323,-6.1106],[120.4294,-6.1125],[120.4274,-6.1192],[120.4234,-6.1222],[120.4221,-6.1202],[120.419,-6.1234],[120.4213,-6.1304],[120.4165,-6.1386],[120.4173,-6.1581],[120.4218,-6.1725],[120.4204,-6.1754]],[[120.4451,-6.1981],[120.4416,-6.1971],[120.4431,-6.1954],[120.4407,-6.1924],[120.4284,-6.1852],[120.4294,-6.1816],[120.4319,-6.1801],[120.4293,-6.1799],[120.4278,-6.1817],[120.4265,-6.1799],[120.4327,-6.1764],[120.4303,-6.1683],[120.4329,-6.1683],[120.4327,-6.1664],[120.4464,-6.1644],[120.4478,-6.1623],[120.4461,-6.1616],[120.4488,-6.1582],[120.4508,-6.1432],[120.4504,-6.1408],[120.4491,-6.143],[120.4479,-6.1404],[120.4535,-6.1293],[120.4576,-6.1285],[120.4611,-6.1306],[120.4632,-6.1287],[120.4696,-6.1312],[120.4725,-6.1296],[120.4749,-6.1133],[120.4695,-6.1104],[120.4695,-6.0915],[120.4729,-6.0906],[120.4757,-6.0936],[120.4798,-6.0934],[120.4801,-6.0912],[120.4822,-6.0913],[120.4822,-6.0938],[120.4837,-6.0926],[120.4901,-6.0933],[120.4923,-6.0954],[120.4952,-6.0933],[120.4965,-6.0952],[120.5012,-6.0942],[120.5079,-6.096],[120.5158,-6.1053],[120.526,-6.1094],[120.5281,-6.1156],[120.5341,-6.1217],[120.5481,-6.1288],[120.5484,-6.1354],[120.5465,-6.1371],[120.5458,-6.1462],[120.5416,-6.1515],[120.543,-6.1552],[120.5388,-6.1569],[120.5386,-6.1642],[120.5354,-6.1693],[120.5366,-6.1715],[120.5348,-6.174],[120.5327,-6.1741],[120.5334,-6.1779],[120.5285,-6.1874],[120.5315,-6.1946],[120.5306,-6.1977],[120.5193,-6.1899],[120.5167,-6.1909],[120.5129,-6.1973],[120.508,-6.1991],[120.5038,-6.2029],[120.4968,-6.1954],[120.4926,-6.1936],[120.474,-6.1946],[120.4668,-6.1981],[120.4569,-6.2074],[120.4473,-6.2114],[120.4454,-6.2081],[120.4465,-6.2062],[120.4444,-6.201],[120.4451,-6.1981]]],"type":"MultiPolygon"}},{"type":"Feature","properties":{"id_kec":"73.01.03","nama_kec":"Bontomatene","id_kab":"7301","nama_kab":"Kepulauan Selayar"},"geometry":{"coordinates":[[[120.5272,-5.9459],[120.5189,-5.9559],[120.5127,-5.9596],[120.4951,-5.959],[120.4866,-5.9571],[120.4819,-5.9585],[120.4615,-5.9579],[120.4457,-5.9557],[120.4471,-5.9206],[120.4527,-5.8905],[120.4531,-5.8469],[120.4558,-5.8431],[120.4572,-5.8268],[120.4593,-5.8222],[120.4611,-5.7943],[120.4749,-5.7739],[120.4837,-5.7678],[120.4932,-5.7677],[120.497,-5.7691],[120.4991,-5.7773],[120.5054,-5.7833],[120.5086,-5.7926],[120.506,-5.7935],[120.5021,-5.8001],[120.5012,-5.8097],[120.5025,-5.813],[120.5064,-5.8178],[120.5079,-5.8233],[120.5107,-5.826],[120.5157,-5.836],[120.5174,-5.8366],[120.5169,-5.8349],[120.5181,-5.8347],[120.5175,-5.8369],[120.5189,-5.8375],[120.5247,-5.8348],[120.5302,-5.8441],[120.5272,-5.8463],[120.5261,-5.8529],[120.5339,-5.8754],[120.5345,-5.8883],[120.5325,-5.89],[120.5322,-5.9007],[120.5342,-5.9097],[120.5329,-5.9115],[120.535,-5.914],[120.5345,-5.9194],[120.5376,-5.9275],[120.5341,-5.9304],[120.5272,-5.9459]],[[120.4896,-5.7404],[120.4926,-5.7515],[120.4914,-5.7529],[120.4849,-5.7554],[120.4738,-5.7497],[120.4735,-5.746],[120.479,-5.7389],[120.4832,-5.7399],[120.4889,-5.7382],[120.4896,-5.7404]]],"type":"MultiPolygon"}},{"type":"Feature","properties":{"id_kec":"73.01.04","nama_kec":"Bontomanai","id_kab":"7301","nama_kab":"Kepulauan Selayar"},"geometry":{"coordinates":[[[120.4685,-6.0921],[120.466,-6.0923],[120.4653,-6.0891],[120.4575,-6.0809],[120.4508,-6.0626],[120.4506,-6.0584],[120.4533,-6.0544],[120.4532,-6.0501],[120.4493,-6.042],[120.4482,-6.0353],[120.4528,-6.0108],[120.4567,-6.0131],[120.4604,-6.011],[120.4627,-6.0117],[120.4636,-6.0101],[120.468,-6.0105],[120.4693,-6.007],[120.4783,-6.0095],[120.4838,-6.013],[120.4903,-6.0109],[120.5028,-6.0135],[120.5196,-6.0082],[120.5226,-6.0101],[120.5275,-6.0093],[120.5374,-6.0011],[120.5435,-5.9905],[120.5499,-5.9847],[120.5521,-5.9773],[120.5528,-5.9795],[120.5516,-5.9805],[120.5539,-5.982],[120.5584,-5.9919],[120.5594,-6.0067],[120.5659,-6.0337],[120.5669,-6.0479],[120.5655,-6.0498],[120.5673,-6.0511],[120.5681,-6.0549],[120.5643,-6.0627],[120.5622,-6.0637],[120.5621,-6.0661],[120.5584,-6.0634],[120.5551,-6.0636],[120.5574,-6.0706],[120.5547,-6.0731],[120.5565,-6.0752],[120.5515,-6.075],[120.5516,-6.0767],[120.5563,-6.079],[120.5573,-6.0813],[120.5561,-6.0898],[120.5539,-6.0886],[120.5524,-6.0901],[120.5555,-6.0938],[120.5545,-6.1045],[120.5526,-6.1081],[120.5472,-6.106],[120.5439,-6.1089],[120.5459,-6.1142],[120.5502,-6.1185],[120.5509,-6.1227],[120.5407,-6.1227],[120.5385,-6.1243],[120.5341,-6.1217],[120.5281,-6.1156],[120.526,-6.1094],[120.5158,-6.1053],[120.5079,-6.096],[120.5012,-6.0942],[120.4965,-6.0952],[120.4952,-6.0933],[120.4923,-6.0954],[120.4901,-6.0933],[120.4837,-6.0926],[120.4822,-6.0938],[120.4822,-6.0913],[120.4801,-6.0912],[120.4788,-6.0936],[120.4757,-6.0936],[120.4729,-6.0906],[120.4685,-6.0921]]],"type":"MultiPolygon"}},{"type":"Feature","properties":{"id_kec":"73.01.05","nama_kec":"Bontosikuyu","id_kab":"7301","nama_kab":"Kepulauan Selayar"},"geometry":{"coordinates":[[[120.2755,-6.6772],[120.2783,-6.6776],[120.2817,-6.6814],[120.2828,-6.6933],[120.2807,-6.6925],[120.2786,-6.6973],[120.2799,-6.6968],[120.2818,-6.7013],[120.2725,-6.6997],[120.2698,-6.6966],[120.271,-6.6772],[120.273,-6.6758],[120.2755,-6.6772]],[[120.4274,-6.6571],[120.427,-6.6566],[120.427,-6.6565],[120.4279,-6.6567],[120.4274,-6.6571]],[[120.4275,-6.6479],[120.427,-6.6488],[120.4289,-6.6492],[120.4262,-6.6503],[120.4261,-6.6476],[120.4275,-6.6479]],[[120.4352,-6.6446],[120.4355,-6.645],[120.4336,-6.6445],[120.4345,-6.6438],[120.4352,-6.6446]],[[120.4367,-6.5812],[120.4399,-6.5853],[120.4389,-6.5905],[120.442,-6.6052],[120.4396,-6.6122],[120.4429,-6.6177],[120.4439,-6.6228],[120.4426,-6.6405],[120.44,-6.6443],[120.431,-6.6404],[120.4325,-6.6398],[120.4267,-6.6416],[120.4257,-6.64],[120.4279,-6.6061],[120.4266,-6.6022],[120.4212,-6.6006],[120.4205,-6.5984],[120.4211,-6.5971],[120.4232,-6.5985],[120.4248,-6.597],[120.4278,-6.586],[120.4337,-6.5813],[120.4367,-6.5812]],[[120.4342,-6.4649],[120.4308,-6.4704],[120.4323,-6.4836],[120.428,-6.4893],[120.4217,-6.4886],[120.4216,-6.4834],[120.4257,-6.4724],[120.4245,-6.4697],[120.4301,-6.4695],[120.4308,-6.4668],[120.4342,-6.4649]],[[120.4337,-6.4533],[120.4337,-6.4537],[120.432,-6.4532],[120.4332,-6.4531],[120.4337,-6.4533]],[[120.4317,-6.453],[120.4311,-6.4528],[120.4305,-6.4531],[120.4296,-6.4531],[120.4313,-6.4527],[120.4317,-6.453]],[[120.4376,-6.655],[120.4364,-6.658],[120.4389,-6.6575],[120.4418,-6.6625],[120.4425,-6.6744],[120.4337,-6.6989],[120.432,-6.7109],[120.4285,-6.7169],[120.4312,-6.6988],[120.4272,-6.6951],[120.4303,-6.6889],[120.4297,-6.6587],[120.4345,-6.6571],[120.4333,-6.6562],[120.4374,-6.6543],[120.438,-6.6525],[120.4376,-6.655]],[[120.5002,-6.4576],[120.4929,-6.4681],[120.4907,-6.4811],[120.4863,-6.4903],[120.4857,-6.4968],[120.4833,-6.4984],[120.4805,-6.494],[120.4797,-6.4767],[120.4776,-6.4621],[120.4756,-6.4574],[120.4737,-6.4376],[120.4685,-6.4304],[120.4601,-6.4085],[120.4605,-6.4029],[120.4664,-6.4032],[120.4683,-6.4064],[120.4701,-6.401],[120.469,-6.3986],[120.4648,-6.3977],[120.4608,-6.3993],[120.46,-6.3942],[120.4568,-6.3908],[120.4578,-6.3881],[120.454,-6.3817],[120.4611,-6.3847],[120.4644,-6.3891],[120.47,-6.3852],[120.4719,-6.3814],[120.4748,-6.368],[120.4724,-6.358],[120.4715,-6.3409],[120.4729,-6.3277],[120.4763,-6.3207],[120.4775,-6.3091],[120.4716,-6.2995],[120.4747,-6.2986],[120.4797,-6.2912],[120.4812,-6.2827],[120.4791,-6.2778],[120.4753,-6.2767],[120.4732,-6.2714],[120.4684,-6.2689],[120.4533,-6.2655],[120.4478,-6.2683],[120.4455,-6.2664],[120.4446,-6.2601],[120.4424,-6.2565],[120.4444,-6.2498],[120.4474,-6.2456],[120.4454,-6.2279],[120.4479,-6.2162],[120.447,-6.2114],[120.4569,-6.2074],[120.4708,-6.1955],[120.4926,-6.1936],[120.4968,-6.1954],[120.5038,-6.2029],[120.508,-6.1991],[120.5129,-6.1973],[120.5167,-6.1909],[120.5193,-6.1899],[120.5306,-6.1977],[120.5298,-6.2045],[120.5262,-6.208],[120.5295,-6.215],[120.5276,-6.215],[120.5263,-6.2178],[120.5298,-6.2212],[120.5265,-6.2207],[120.524,-6.2229],[120.5258,-6.2242],[120.5266,-6.2286],[120.529,-6.2301],[120.528,-6.2338],[120.5308,-6.2352],[120.5295,-6.2379],[120.5311,-6.2405],[120.5298,-6.2412],[120.5298,-6.2449],[120.5321,-6.2466],[120.5374,-6.2458],[120.5383,-6.2476],[120.5384,-6.2534],[120.5363,-6.2553],[120.5341,-6.2649],[120.5349,-6.2696],[120.5375,-6.2713],[120.5361,-6.2744],[120.5381,-6.2758],[120.5391,-6.2797],[120.5373,-6.2831],[120.5385,-6.2859],[120.5373,-6.2883],[120.5392,-6.2919],[120.5379,-6.2974],[120.5353,-6.2984],[120.5378,-6.3069],[120.5366,-6.3097],[120.5382,-6.327],[120.5286,-6.3318],[120.5273,-6.3356],[120.5244,-6.3345],[120.5215,-6.3362],[120.5219,-6.34],[120.5248,-6.3417],[120.5248,-6.3442],[120.5272,-6.3461],[120.5262,-6.3477],[120.5204,-6.3472],[120.5173,-6.3489],[120.5176,-6.3507],[120.5228,-6.3535],[120.5203,-6.3565],[120.5214,-6.3576],[120.5209,-6.3646],[120.5191,-6.3655],[120.5135,-6.3627],[120.5104,-6.3651],[120.5104,-6.3666],[120.5133,-6.3678],[120.5132,-6.372],[120.5096,-6.3783],[120.5054,-6.3811],[120.5056,-6.3851],[120.5076,-6.3869],[120.5071,-6.3891],[120.5051,-6.3892],[120.5064,-6.392],[120.5047,-6.3938],[120.4992,-6.3946],[120.4965,-6.3911],[120.4949,-6.392],[120.4966,-6.3974],[120.4928,-6.3998],[120.4923,-6.4023],[120.4964,-6.4049],[120.4972,-6.4103],[120.5014,-6.4162],[120.5006,-6.4211],[120.4979,-6.4226],[120.503,-6.4359],[120.5099,-6.4427],[120.5095,-6.4453],[120.5025,-6.4485],[120.5002,-6.4576]],[[120.4521,-6.3419],[120.4565,-6.3459],[120.4544,-6.3451],[120.4509,-6.349],[120.4465,-6.3481],[120.4464,-6.347],[120.4498,-6.3468],[120.4485,-6.3443],[120.4502,-6.3436],[120.45,-6.341],[120.4521,-6.3419]],[[120.4568,-6.3239],[120.4605,-6.3239],[120.4628,-6.3269],[120.4567,-6.3305],[120.4544,-6.3292],[120.4536,-6.3252],[120.4497,-6.3239],[120.4532,-6.3217],[120.4568,-6.3239]],[[120.4613,-6.3076],[120.4646,-6.3081],[120.464,-6.3112],[120.4589,-6.3121],[120.4536,-6.3099],[120.456,-6.3074],[120.4613,-6.3076]],[[120.4559,-6.2927],[120.4622,-6.2959],[120.4649,-6.2941],[120.4678,-6.3009],[120.4606,-6.3047],[120.456,-6.3022],[120.4517,-6.2914],[120.4535,-6.2912],[120.4534,-6.2892],[120.4559,-6.2927]]],"type":"MultiPolygon"}},{"type":"Feature","properties":{"id_kec":"73.01.06","nama_kec":"Pasimasunggu","id_kab":"7301","nama_kab":"Kepulauan Selayar"},"geometry":{"coordinates":[[[120.6764,-7.1275],[120.675,-7.128],[120.675,-7.1263],[120.6766,-7.1261],[120.6764,-7.1275]],[[120.7095,-7.0961],[120.7229,-7.0991],[120.7214,-7.1288],[120.7122,-7.1309],[120.7103,-7.134],[120.6989,-7.1337],[120.695,-7.1277],[120.6932,-7.1283],[120.6807,-7.1225],[120.6734,-7.1236],[120.6704,-7.1213],[120.6629,-7.1208],[120.6576,-7.1227],[120.6535,-7.1262],[120.6541,-7.1281],[120.6622,-7.1299],[120.6688,-7.1288],[120.6731,-7.1336],[120.6763,-7.1349],[120.6755,-7.1371],[120.6796,-7.1411],[120.6803,-7.1435],[120.6784,-7.1419],[120.6764,-7.1454],[120.6702,-7.1464],[120.6701,-7.1505],[120.6684,-7.1488],[120.6691,-7.147],[120.6677,-7.1472],[120.6651,-7.1436],[120.6613,-7.1425],[120.6585,-7.1443],[120.6538,-7.1357],[120.6407,-7.1309],[120.6403,-7.129],[120.6367,-7.129],[120.6345,-7.1334],[120.6324,-7.1328],[120.6339,-7.1245],[120.632,-7.1213],[120.6296,-7.1214],[120.6263,-7.1186],[120.6239,-7.1136],[120.6288,-7.1123],[120.6264,-7.1057],[120.6311,-7.104],[120.634,-7.105],[120.6354,-7.099],[120.6318,-7.0938],[120.6271,-7.0919],[120.624,-7.0967],[120.6202,-7.0981],[120.6209,-7.0877],[120.6184,-7.0841],[120.619,-7.0814],[120.6153,-7.0785],[120.6108,-7.0788],[120.6048,-7.075],[120.605,-7.0717],[120.6086,-7.0729],[120.6107,-7.0714],[120.6106,-7.0694],[120.6077,-7.0672],[120.6083,-7.065],[120.6142,-7.066],[120.619,-7.0593],[120.6201,-7.0548],[120.6228,-7.0521],[120.6275,-7.0529],[120.6278,-7.0459],[120.624,-7.0352],[120.6245,-7.0259],[120.6217,-7.0222],[120.6202,-7.0034],[120.6224,-7.0015],[120.6329,-7.0007],[120.6398,-7.0055],[120.6417,-7.0098],[120.6513,-7.0127],[120.6585,-7.0191],[120.6663,-7.0341],[120.6734,-7.0429],[120.6788,-7.0449],[120.6833,-7.0488],[120.7035,-7.0553],[120.6898,-7.0705],[120.6837,-7.082],[120.6871,-7.0861],[120.7095,-7.0961]],[[120.598,-7.0659],[120.5983,-7.0666],[120.6002,-7.0673],[120.5962,-7.0664],[120.5969,-7.065],[120.598,-7.0659]],[[120.5676,-7.0647],[120.5683,-7.0646],[120.5683,-7.0653],[120.5677,-7.0653],[120.5676,-7.0647]],[[120.6035,-7.0647],[120.6016,-7.065],[120.6008,-7.0592],[120.6035,-7.0571],[120.6045,-7.0602],[120.6035,-7.0647]],[[120.6064,-7.0421],[120.6054,-7.0417],[120.6016,-7.0427],[120.6037,-7.0403],[120.6064,-7.0421]],[[120.6184,-7.0417],[120.6181,-7.0398],[120.6206,-7.042],[120.6194,-7.0426],[120.6184,-7.0417]],[[120.613,-7.0401],[120.6126,-7.0416],[120.611,-7.0396],[120.6117,-7.0391],[120.613,-7.0401]],[[120.5906,-7.1052],[120.5895,-7.1056],[120.5894,-7.1041],[120.5915,-7.104],[120.5906,-7.1052]],[[120.563,-7.0732],[120.5642,-7.078],[120.5692,-7.0784],[120.5718,-7.0758],[120.5758,-7.0776],[120.5828,-7.0772],[120.586,-7.0813],[120.5895,-7.0829],[120.5956,-7.0811],[120.6113,-7.0808],[120.6132,-7.0823],[120.6119,-7.0901],[120.6035,-7.0956],[120.6028,-7.0995],[120.5985,-7.0989],[120.5956,-7.1003],[120.5905,-7.0969],[120.5903,-7.0912],[120.5868,-7.0899],[120.5835,-7.0912],[120.5765,-7.0874],[120.5695,-7.089],[120.5673,-7.0936],[120.5636,-7.0926],[120.5591,-7.0886],[120.5567,-7.0805],[120.5548,-7.0803],[120.5596,-7.0734],[120.563,-7.0732]],[[120.5478,-7.0692],[120.5475,-7.0697],[120.5468,-7.0694],[120.547,-7.0692],[120.5478,-7.0692]],[[120.563,-7.0666],[120.5644,-7.0643],[120.5672,-7.0642],[120.5626,-7.0707],[120.5647,-7.0719],[120.5584,-7.0726],[120.5572,-7.0706],[120.5586,-7.0641],[120.5599,-7.0636],[120.5612,-7.0673],[120.563,-7.0666]],[[120.546,-7.0698],[120.5459,-7.0692],[120.5466,-7.0694],[120.5465,-7.0698],[120.546,-7.0698]],[[120.5502,-7.0559],[120.5532,-7.0569],[120.5508,-7.0592],[120.5513,-7.0678],[120.5436,-7.0687],[120.5452,-7.0697],[120.5389,-7.067],[120.5372,-7.0635],[120.5387,-7.0589],[120.5502,-7.0559]],[[120.5372,-7.0606],[120.5375,-7.0604],[120.5377,-7.0607],[120.5375,-7.0607],[120.5372,-7.0606]],[[120.5394,-7.0574],[120.539,-7.0584],[120.5384,-7.0584],[120.5386,-7.0571],[120.5394,-7.0574]],[[120.5405,-7.0543],[120.5425,-7.0546],[120.5422,-7.056],[120.5386,-7.0562],[120.5387,-7.0545],[120.5405,-7.0543]],[[120.5461,-7.0553],[120.5457,-7.0551],[120.5457,-7.0549],[120.5466,-7.0551],[120.5461,-7.0553]],[[120.5453,-7.0548],[120.5453,-7.0549],[120.5453,-7.0551],[120.5452,-7.055],[120.5453,-7.0548]],[[120.5232,-6.9878],[120.5294,-7.0001],[120.5293,-7.004],[120.5181,-6.9911],[120.5157,-6.9901],[120.5196,-6.9889],[120.5189,-6.9876],[120.5213,-6.9864],[120.5232,-6.9878]],[[120.4448,-6.9496],[120.4506,-6.9497],[120.4556,-6.9578],[120.4544,-6.9597],[120.4553,-6.9625],[120.4503,-6.9664],[120.4372,-6.9708],[120.4381,-6.9684],[120.4349,-6.9696],[120.4338,-6.9648],[120.4375,-6.959],[120.4392,-6.9515],[120.4413,-6.9494],[120.4448,-6.9496]]],"type":"MultiPolygon"}},{"type":"Feature","properties":{"id_kec":"73.01.07","nama_kec":"Pasimarannu","id_kab":"7301","nama_kab":"Kepulauan Selayar"},"geometry":{"coordinates":[[[121.2046,-7.5159],[121.2034,-7.5156],[121.2055,-7.5122],[121.2063,-7.5134],[121.2046,-7.5159]],[[121.2112,-7.4961],[121.2173,-7.4972],[121.2178,-7.5006],[121.2133,-7.5084],[121.2075,-7.5118],[121.2154,-7.5011],[121.2124,-7.5022],[121.2115,-7.4997],[121.2097,-7.4994],[121.2111,-7.4987],[121.2029,-7.4994],[121.2024,-7.4983],[121.204,-7.4968],[121.2112,-7.4961]],[[121.1024,-7.3108],[121.1027,-7.3115],[121.1022,-7.3118],[121.1022,-7.3116],[121.1024,-7.3108]],[[121.0982,-7.3034],[121.0996,-7.3044],[121.1022,-7.3084],[121.1024,-7.3102],[121.0993,-7.3046],[121.0963,-7.303],[121.0982,-7.3034]],[[120.9216,-7.2841],[120.9263,-7.2828],[120.942,-7.2837],[120.9483,-7.2819],[120.9505,-7.2831],[120.9608,-7.278],[120.9638,-7.2814],[120.9859,-7.2815],[120.9938,-7.2844],[121.0044,-7.2818],[121.0084,-7.2845],[121.0126,-7.2841],[121.0145,-7.2864],[121.0242,-7.2895],[121.0299,-7.2875],[121.0457,-7.2973],[121.0591,-7.2975],[121.0625,-7.2983],[121.0639,-7.301],[121.0523,-7.3185],[121.0518,-7.3264],[121.0352,-7.3256],[121.0278,-7.3284],[121.014,-7.3305],[121.0128,-7.3321],[121.0039,-7.3327],[120.9859,-7.3267],[120.9757,-7.3249],[120.956,-7.3244],[120.9364,-7.3097],[120.9288,-7.3065],[120.9083,-7.3069],[120.9021,-7.3082],[120.901,-7.3103],[120.8916,-7.3098],[120.8736,-7.3053],[120.8658,-7.2989],[120.8506,-7.2931],[120.8382,-7.2983],[120.8328,-7.2973],[120.8304,-7.2985],[120.8206,-7.2922],[120.806,-7.2879],[120.8046,-7.2817],[120.8014,-7.277],[120.7979,-7.2765],[120.7957,-7.2704],[120.799,-7.2646],[120.81,-7.2626],[120.8143,-7.2588],[120.8278,-7.2608],[120.8394,-7.2598],[120.8514,-7.2651],[120.854,-7.2681],[120.8576,-7.2685],[120.86,-7.2671],[120.8632,-7.2711],[120.8717,-7.2716],[120.8749,-7.2732],[120.8823,-7.2719],[120.8892,-7.2755],[120.9014,-7.2731],[120.906,-7.2777],[120.9127,-7.2788],[120.9162,-7.2833],[120.9216,-7.2841]],[[121.0446,-7.3644],[121.0458,-7.3649],[121.046,-7.3675],[121.042,-7.3663],[121.0418,-7.3642],[121.0446,-7.3644]],[[121.05,-7.3704],[121.0502,-7.3705],[121.0501,-7.3706],[121.05,-7.3706],[121.05,-7.3704]],[[121.0496,-7.3701],[121.0471,-7.3686],[121.047,-7.3681],[121.05,-7.3704],[121.0496,-7.3701]],[[[121.1434,-7.3389],[121.1474,-7.3377],[121.1579,-7.3446],[121.1657,-7.3461],[121.1682,-7.3541],[121.1672,-7.3578],[121.1623,-7.3623],[121.1595,-7.3682],[121.1567,-7.3718],[121.1477,-7.3734],[121.1421,-7.3786],[121.1235,-7.3832],[121.117,-7.3886],[121.1073,-7.3917],[121.0998,-7.3973],[121.0953,-7.3957],[121.0866,-7.3876],[121.0793,-7.3854],[121.0711,-7.3762],[121.064,-7.3746],[121.0602,-7.3715],[121.0621,-7.3702],[121.0737,-7.3695],[121.0822,-7.3628],[121.0837,-7.3512],[121.0793,-7.3429],[121.0783,-7.3302],[121.0812,-7.3183],[121.0807,-7.3072],[121.0821,-7.3038],[121.0957,-7.3041],[121.1022,-7.3118],[121.1011,-7.3134],[121.1022,-7.3157],[121.1068,-7.3187],[121.1152,-7.3161],[121.1146,-7.3148],[121.1112,-7.3152],[121.1147,-7.3145],[121.119,-7.3186],[121.1261,-7.3209],[121.1293,-7.3243],[121.129,-7.3328],[121.1304,-7.3358],[121.1363,-7.3396],[121.1434,-7.3389]],[[121.1151,-7.3155],[121.115,-7.3156],[121.1151,-7.3157],[121.1151,-7.3155]]]],"type":"MultiPolygon"}},{"type":"Feature","properties":{"id_kec":"73.01.08","nama_kec":"Taka Bonerate","id_kab":"7301","nama_kab":"Kepulauan Selayar"},"geometry":{"coordinates":[[[121.4786,-7.1538],[121.4753,-7.1534],[121.4719,-7.1506],[121.4746,-7.1459],[121.4771,-7.146],[121.4806,-7.1499],[121.4786,-7.1538]],[[121.4435,-7.1191],[121.4418,-7.1205],[121.4411,-7.1181],[121.4431,-7.1176],[121.4435,-7.1191]],[[121.2179,-7.0037],[121.2184,-7.0025],[121.2175,-7.0059],[121.2174,-7.0054],[121.2179,-7.0037]],[[121.2106,-6.7225],[121.2111,-6.7223],[121.2112,-6.7228],[121.2106,-6.7229],[121.2106,-6.7225]],[[121.1201,-7.0754],[121.1207,-7.0707],[121.1221,-7.0683],[121.1228,-7.0726],[121.1212,-7.0793],[121.1201,-7.0754]],[[121.1783,-6.8483],[121.1789,-6.8512],[121.1752,-6.848],[121.1774,-6.8476],[121.1781,-6.8457],[121.1783,-6.8483]],[[121.1389,-6.7898],[121.1368,-6.7984],[121.1351,-6.7992],[121.1371,-6.7871],[121.1364,-6.7837],[121.1386,-6.7825],[121.1389,-6.7898]],[[121.2022,-6.7814],[121.2022,-6.7804],[121.2032,-6.7766],[121.2022,-6.7831],[121.2022,-6.7814]],[[121.1704,-6.761],[121.1718,-6.7601],[121.1689,-6.7631],[121.1657,-6.7728],[121.165,-6.7697],[121.1674,-6.7647],[121.1658,-6.7675],[121.1669,-6.7587],[121.17,-6.7576],[121.1707,-6.7594],[121.1715,-6.756],[121.1704,-6.761]],[[121.1399,-6.7632],[121.1407,-6.768],[121.1389,-6.7711],[121.1384,-6.7568],[121.1408,-6.7469],[121.1422,-6.7487],[121.1403,-6.7517],[121.1399,-6.7632]],[[121.1007,-6.7423],[121.1008,-6.7403],[121.1016,-6.7394],[121.1011,-6.7435],[121.1007,-6.7423]],[[121.1024,-6.7327],[121.1026,-6.7302],[121.1053,-6.7314],[121.1038,-6.7335],[121.1024,-6.7327]],[[121.2122,-6.7214],[121.2127,-6.721],[121.2121,-6.7222],[121.2119,-6.7219],[121.2122,-6.7214]],[[121.2111,-6.7212],[121.2104,-6.7212],[121.2097,-6.7204],[121.2108,-6.7206],[121.2111,-6.7212]],[[121.2066,-6.7193],[121.2073,-6.7195],[121.2068,-6.7204],[121.2065,-6.7202],[121.2066,-6.7193]],[[121.2144,-6.7182],[121.2148,-6.7181],[121.2146,-6.719],[121.2143,-6.7188],[121.2144,-6.7182]],[[121.0965,-7.0623],[121.0988,-7.058],[121.0998,-7.0633],[121.0958,-7.0674],[121.0965,-7.0623]],[[121.0626,-7.0452],[121.0628,-7.0414],[121.0639,-7.0393],[121.0639,-7.045],[121.063,-7.0464],[121.0626,-7.0452]],[[121.0735,-6.7592],[121.0732,-6.7607],[121.074,-6.7643],[121.0699,-6.7607],[121.0724,-6.7571],[121.0715,-6.758],[121.07,-6.7568],[121.0719,-6.7566],[121.0724,-6.7544],[121.0735,-6.7592]],[[121.1,-6.7441],[121.1003,-6.744],[121.1008,-6.7444],[121.1005,-6.7445],[121.1,-6.7441]],[[120.7896,-6.961],[120.7858,-6.9605],[120.788,-6.9565],[120.7943,-6.9579],[120.7896,-6.961]],[[121,-6.9452],[121.0004,-6.9425],[121.0013,-6.9425],[121.0004,-6.9449],[121.0016,-6.948],[121,-6.9452]],[[120.7917,-6.8802],[120.7907,-6.8818],[120.7902,-6.8824],[120.7906,-6.881],[120.7925,-6.8791],[120.7917,-6.8802]],[[120.8135,-6.831],[120.8135,-6.8359],[120.8106,-6.8384],[120.8079,-6.8443],[120.8024,-6.8484],[120.7988,-6.8653],[120.7958,-6.8664],[120.7936,-6.8623],[120.7918,-6.8208],[120.7891,-6.8174],[120.7867,-6.818],[120.7823,-6.8126],[120.7796,-6.799],[120.7834,-6.7884],[120.7866,-6.7866],[120.7887,-6.7787],[120.7922,-6.7791],[120.7912,-6.781],[120.7939,-6.7826],[120.7928,-6.7797],[120.7939,-6.7802],[120.7977,-6.7858],[120.8074,-6.7946],[120.8073,-6.8072],[120.8101,-6.8127],[120.809,-6.8184],[120.8135,-6.831]],[[120.972,-6.7514],[120.9692,-6.7611],[120.9675,-6.7648],[120.9665,-6.7532],[120.9688,-6.7508],[120.972,-6.7514]],[[120.978,-6.7038],[120.9753,-6.7049],[120.9747,-6.705],[120.9776,-6.7028],[120.978,-6.7038]],[[121.087,-6.7245],[121.0879,-6.7254],[121.0812,-6.7238],[121.0843,-6.7223],[121.087,-6.7245]],[[121.0814,-6.723],[121.0795,-6.7235],[121.0789,-6.7232],[121.0799,-6.721],[121.0814,-6.723]],[[121.0951,-6.7182],[121.0942,-6.7182],[121.0943,-6.717],[121.0946,-6.717],[121.0951,-6.7182]],[[121.0577,-6.5704],[121.0583,-6.5711],[121.0582,-6.5721],[121.0577,-6.5726],[121.0577,-6.5704]],[[121.2106,-6.7192],[121.2111,-6.7162],[121.2133,-6.7172],[121.2112,-6.7198],[121.2106,-6.7192]],[[121.1564,-6.7183],[121.1526,-6.7221],[121.1492,-6.7331],[121.1478,-6.7357],[121.1449,-6.7362],[121.1436,-6.7411],[121.1424,-6.7385],[121.1412,-6.7455],[121.1402,-6.7439],[121.1417,-6.7376],[121.1482,-6.7293],[121.1529,-6.7169],[121.1538,-6.7177],[121.1546,-6.7154],[121.1564,-6.7183]],[[121.1714,-6.5553],[121.1711,-6.5527],[121.1712,-6.5523],[121.1719,-6.5544],[121.1716,-6.5571],[121.1714,-6.5553]],[[121.1333,-6.4958],[121.1325,-6.495],[121.1318,-6.4904],[121.1354,-6.494],[121.1352,-6.4968],[121.1333,-6.4958]],[[121.1305,-6.4616],[121.1259,-6.4542],[121.126,-6.4537],[121.1301,-6.4593],[121.1323,-6.464],[121.1305,-6.4616]],[[121.0239,-6.5766],[121.0234,-6.5708],[121.0248,-6.5656],[121.0254,-6.5758],[121.024,-6.5788],[121.0239,-6.5766]],[[120.9974,-6.5411],[120.9972,-6.5355],[120.9996,-6.5313],[120.9995,-6.5461],[120.9974,-6.5411]],[[120.9503,-6.5217],[120.9526,-6.5117],[120.9541,-6.5087],[120.9499,-6.5231],[120.9503,-6.5217]],[[120.989,-6.5039],[120.9859,-6.5039],[120.9808,-6.505],[120.9799,-6.5049],[120.9971,-6.4948],[121.0015,-6.4941],[120.9961,-6.5022],[120.989,-6.5039]],[[121.0979,-6.5708],[121.098,-6.5681],[121.0989,-6.5653],[121.1003,-6.5697],[121.0984,-6.5741],[121.0979,-6.5708]],[[121.0785,-6.567],[121.0792,-6.5648],[121.0794,-6.5649],[121.0801,-6.567],[121.0784,-6.5694],[121.0785,-6.567]],[[121.0383,-6.5361],[121.0371,-6.5358],[121.0357,-6.5363],[121.0369,-6.5356],[121.0383,-6.5361]],[[121.0954,-6.4122],[121.0957,-6.4087],[121.0965,-6.4058],[121.0979,-6.411],[121.0954,-6.4122]]],"type":"MultiPolygon"}},{"type":"Feature","properties":{"id_kec":"73.01.09","nama_kec":"Pasilambena","id_kab":"7301","nama_kab":"Kepulauan Selayar"},"geometry":{"coordinates":[[[121.8037,-7.4848],[121.8039,-7.4838],[121.8041,-7.4839],[121.8037,-7.4853],[121.8037,-7.4848]],[[121.422,-7.451],[121.4285,-7.4594],[121.428,-7.4638],[121.4248,-7.4659],[121.4231,-7.4658],[121.4233,-7.4642],[121.4205,-7.4646],[121.416,-7.4624],[121.4129,-7.4572],[121.4153,-7.4504],[121.4196,-7.4496],[121.422,-7.451]],[[121.8018,-7.4912],[121.8022,-7.4867],[121.803,-7.4863],[121.8031,-7.49],[121.8018,-7.4912]],[[121.7981,-7.4724],[121.8022,-7.4765],[121.8034,-7.4811],[121.8005,-7.4874],[121.7974,-7.4883],[121.7905,-7.4867],[121.7835,-7.4891],[121.7797,-7.4878],[121.7723,-7.4889],[121.7532,-7.4953],[121.7387,-7.4945],[121.7349,-7.4927],[121.7259,-7.4939],[121.7235,-7.4926],[121.7237,-7.4888],[121.734,-7.4904],[121.7391,-7.4861],[121.7471,-7.484],[121.7563,-7.4858],[121.7716,-7.4805],[121.7796,-7.476],[121.7866,-7.4775],[121.7917,-7.4748],[121.792,-7.4725],[121.7981,-7.4724]],[[121.7817,-7.422],[121.7806,-7.4238],[121.7742,-7.4224],[121.7714,-7.4242],[121.7593,-7.4218],[121.7548,-7.423],[121.7457,-7.4136],[121.7444,-7.4077],[121.746,-7.3987],[121.7446,-7.3974],[121.745,-7.3845],[121.7468,-7.3791],[121.7499,-7.3797],[121.7538,-7.3761],[121.7542,-7.3521],[121.7592,-7.3447],[121.7639,-7.3464],[121.7698,-7.3446],[121.7723,-7.3395],[121.7806,-7.3388],[121.7854,-7.334],[121.7906,-7.3349],[121.8165,-7.3302],[121.8275,-7.3331],[121.8396,-7.3494],[121.8382,-7.3702],[121.8397,-7.3718],[121.8295,-7.3842],[121.8225,-7.3978],[121.802,-7.4068],[121.7893,-7.418],[121.7817,-7.422]],[[121.7627,-7.2614],[121.7652,-7.2609],[121.77,-7.2639],[121.7788,-7.2726],[121.7794,-7.2755],[121.7734,-7.2864],[121.7594,-7.2878],[121.7541,-7.2867],[121.7485,-7.2899],[121.7274,-7.2946],[121.7278,-7.2906],[121.7303,-7.2884],[121.7301,-7.2782],[121.7311,-7.2776],[121.7322,-7.2804],[121.7362,-7.2795],[121.7405,-7.2724],[121.7443,-7.271],[121.746,-7.2663],[121.748,-7.2679],[121.752,-7.2672],[121.756,-7.2634],[121.7617,-7.2659],[121.7618,-7.2629],[121.7598,-7.2608],[121.7627,-7.2614]],[[121.755,-7.2238],[121.7557,-7.2299],[121.7471,-7.2342],[121.7436,-7.2316],[121.742,-7.2327],[121.7385,-7.2297],[121.7495,-7.2245],[121.7475,-7.224],[121.7479,-7.2228],[121.7543,-7.2224],[121.755,-7.2238]],[[121.74698,-7.24012],[121.7471,-7.2403],[121.7474,-7.241],[121.74698,-7.24012]],[[121.74698,-7.24012],[121.7462,-7.239],[121.7461,-7.2383],[121.74698,-7.24012]]],"type":"MultiPolygon"}},{"type":"Feature","properties":{"id_kec":"73.01.10","nama_kec":"Pasimasunggu Timur","id_kab":"7301","nama_kab":"Kepulauan Selayar"},"geometry":{"coordinates":[[[120.7454,-7.0775],[120.7537,-7.0795],[120.7646,-7.0776],[120.7772,-7.0693],[120.7782,-7.068],[120.7763,-7.0681],[120.777,-7.0654],[120.7826,-7.0597],[120.7847,-7.059],[120.7868,-7.0604],[120.783,-7.0849],[120.7832,-7.0976],[120.782,-7.1007],[120.7777,-7.104],[120.7673,-7.1354],[120.7638,-7.1313],[120.7633,-7.1339],[120.7601,-7.1314],[120.7597,-7.1344],[120.7568,-7.1355],[120.7539,-7.1337],[120.7543,-7.1312],[120.7589,-7.1306],[120.7489,-7.1292],[120.7476,-7.1305],[120.7458,-7.1282],[120.7343,-7.1344],[120.7286,-7.1287],[120.7214,-7.1288],[120.7229,-7.0991],[120.7107,-7.097],[120.6871,-7.0861],[120.6837,-7.082],[120.6898,-7.0705],[120.7048,-7.055],[120.7189,-7.061],[120.7363,-7.0744],[120.7454,-7.0775]],[[120.7535,-7.0214],[120.7535,-7.0212],[120.7538,-7.0211],[120.7537,-7.0216],[120.7535,-7.0214]],[[120.7528,-7.0194],[120.7529,-7.0185],[120.7538,-7.0178],[120.7537,-7.0193],[120.7528,-7.0194]]],"type":"MultiPolygon"}},{"type":"Feature","properties":{"id_kec":"73.01.11","nama_kec":"Buki","id_kab":"7301","nama_kab":"Kepulauan Selayar"},"geometry":{"coordinates":[[[120.5176,-6.0089],[120.5028,-6.0135],[120.4903,-6.0109],[120.4838,-6.013],[120.4783,-6.0095],[120.4693,-6.007],[120.468,-6.0105],[120.4636,-6.0101],[120.4627,-6.0117],[120.4604,-6.011],[120.4567,-6.0131],[120.4528,-6.0108],[120.4491,-6.0017],[120.4509,-5.9795],[120.4459,-5.9635],[120.4457,-5.9557],[120.4615,-5.9579],[120.4819,-5.9585],[120.4866,-5.9571],[120.4951,-5.959],[120.5127,-5.9596],[120.5189,-5.9559],[120.527,-5.9464],[120.5341,-5.9304],[120.5376,-5.9275],[120.5382,-5.9314],[120.5409,-5.9317],[120.5434,-5.9358],[120.5438,-5.9422],[120.5462,-5.9449],[120.5463,-5.9533],[120.5493,-5.9588],[120.5496,-5.9652],[120.5529,-5.9699],[120.5536,-5.9746],[120.5499,-5.9847],[120.5435,-5.9905],[120.5345,-6.0044],[120.5248,-6.0101],[120.5196,-6.0082],[120.5176,-6.0089]]],"type":"MultiPolygon"}},{"type":"Feature","properties":{"id_kec":"73.71.01","nama_kec":"Mariso","id_kab":"7371","nama_kab":"Kota Makassar"},"geometry":{"coordinates":[[[119.4104,-5.1788],[119.4112,-5.1769],[119.4121,-5.1776],[119.4107,-5.1799],[119.4104,-5.1788]],[[119.4106,-5.1662],[119.4087,-5.1666],[119.4068,-5.1711],[119.4061,-5.1658],[119.3997,-5.158],[119.408,-5.1448],[119.4094,-5.1487],[119.4154,-5.1484],[119.4176,-5.1619],[119.4132,-5.1613],[119.4119,-5.1667],[119.4106,-5.1662]]],"type":"MultiPolygon"}},{"type":"Feature","properties":{"id_kec":"73.71.02","nama_kec":"Mamajang","id_kab":"7371","nama_kab":"Kota Makassar"},"geometry":{"coordinates":[[[119.4123,-5.1737],[119.41,-5.1797],[119.4085,-5.1798],[119.4081,-5.1759],[119.4033,-5.1729],[119.403,-5.1712],[119.4057,-5.169],[119.4072,-5.1712],[119.4087,-5.1666],[119.4119,-5.1667],[119.4132,-5.1613],[119.4176,-5.1619],[119.4158,-5.1521],[119.4252,-5.1521],[119.4257,-5.156],[119.422,-5.1677],[119.4137,-5.165],[119.4123,-5.1737]]],"type":"MultiPolygon"}},{"type":"Feature","properties":{"id_kec":"73.71.03","nama_kec":"Makassar","id_kab":"7371","nama_kab":"Kota Makassar"},"geometry":{"coordinates":[[[119.4234,-5.1519],[119.4186,-5.1521],[119.4175,-5.1457],[119.4212,-5.1462],[119.4204,-5.1393],[119.4187,-5.1396],[119.4177,-5.1355],[119.433,-5.135],[119.4353,-5.1439],[119.4295,-5.149],[119.4262,-5.1495],[119.4257,-5.1525],[119.4234,-5.1519]]],"type":"MultiPolygon"}},{"type":"Feature","properties":{"id_kec":"73.71.04","nama_kec":"Ujung Pandang","id_kab":"7371","nama_kab":"Kota Makassar"},"geometry":{"coordinates":[[[119.4175,-5.1477],[119.4186,-5.1521],[119.4158,-5.1521],[119.4154,-5.1484],[119.4094,-5.1487],[119.4033,-5.1368],[119.4041,-5.1326],[119.4017,-5.133],[119.4032,-5.1308],[119.4083,-5.1329],[119.4166,-5.1321],[119.4187,-5.1396],[119.4204,-5.1393],[119.4212,-5.1462],[119.4175,-5.1457],[119.4175,-5.1477]],[[119.4029,-5.1357],[119.403,-5.1358],[119.4029,-5.1359],[119.4029,-5.1357]],[[119.3892,-5.1312],[119.3905,-5.1356],[119.394,-5.1375],[119.3932,-5.1391],[119.3898,-5.137],[119.3892,-5.1312]],[[119.343,-5.1262],[119.3422,-5.125],[119.3423,-5.1238],[119.3439,-5.1255],[119.343,-5.1262]],[[119.3924,-5.1282],[119.3955,-5.121],[119.3965,-5.12],[119.3924,-5.1286],[119.3924,-5.1282]],[[119.4002,-5.1153],[119.4003,-5.1155],[119.4001,-5.1155],[119.4001,-5.1154],[119.4002,-5.1153]],[[119.4032,-5.1339],[119.4031,-5.1338],[119.4034,-5.1339],[119.4032,-5.1339]],[[119.3999,-5.1141],[119.4003,-5.1132],[119.4013,-5.1138],[119.4,-5.1149],[119.3999,-5.1141]],[[119.4001,-5.1151],[119.4002,-5.1151],[119.4002,-5.1153],[119.4,-5.1152],[119.4001,-5.1151]],[[119.3996,-5.1145],[119.3998,-5.1146],[119.3994,-5.1147],[119.3994,-5.1145],[119.3996,-5.1145]]],"type":"MultiPolygon"}},{"type":"Feature","properties":{"id_kec":"73.71.05","nama_kec":"Wajo","id_kab":"7371","nama_kab":"Kota Makassar"},"geometry":{"coordinates":[[[119.4163,-5.1308],[119.4167,-5.1321],[119.4134,-5.1331],[119.4065,-5.1328],[119.4032,-5.1308],[119.4052,-5.1268],[119.4076,-5.1263],[119.4065,-5.1257],[119.4078,-5.119],[119.4112,-5.1195],[119.4117,-5.116],[119.4167,-5.1161],[119.4183,-5.1266],[119.4157,-5.1269],[119.4163,-5.1308]]],"type":"MultiPolygon"}},{"type":"Feature","properties":{"id_kec":"73.71.06","nama_kec":"Bontoala","id_kab":"7371","nama_kab":"Kota Makassar"},"geometry":{"coordinates":[[[119.4305,-5.1346],[119.4175,-5.1356],[119.4157,-5.1269],[119.4183,-5.1266],[119.4173,-5.1204],[119.4204,-5.1207],[119.422,-5.1169],[119.4222,-5.1246],[119.425,-5.1265],[119.4256,-5.1292],[119.4282,-5.1279],[119.4296,-5.13],[119.432,-5.1302],[119.4305,-5.1346]]],"type":"MultiPolygon"}},{"type":"Feature","properties":{"id_kec":"73.71.07","nama_kec":"Tallo","id_kab":"7371","nama_kab":"Kota Makassar"},"geometry":{"coordinates":[[[119.4378,-5.13],[119.4345,-5.1287],[119.4296,-5.13],[119.4282,-5.1279],[119.4256,-5.1292],[119.425,-5.1265],[119.4222,-5.1246],[119.4225,-5.1177],[119.421,-5.1152],[119.4246,-5.1151],[119.4257,-5.1118],[119.4306,-5.113],[119.4316,-5.109],[119.4282,-5.111],[119.4256,-5.1068],[119.4287,-5.1048],[119.4366,-5.1045],[119.4372,-5.1057],[119.4385,-5.103],[119.4454,-5.1002],[119.4496,-5.1028],[119.442,-5.1095],[119.4467,-5.116],[119.4528,-5.1141],[119.4561,-5.1176],[119.4599,-5.1183],[119.4624,-5.1133],[119.4656,-5.1121],[119.4677,-5.114],[119.4668,-5.1175],[119.4682,-5.1211],[119.4704,-5.1208],[119.4709,-5.1175],[119.4725,-5.117],[119.4745,-5.1197],[119.4781,-5.1193],[119.4799,-5.1207],[119.4756,-5.1281],[119.4711,-5.1254],[119.4612,-5.1253],[119.4603,-5.1206],[119.4515,-5.1228],[119.4488,-5.125],[119.4455,-5.1245],[119.4429,-5.1302],[119.4378,-5.13]]],"type":"MultiPolygon"}},{"type":"Feature","properties":{"id_kec":"73.71.08","nama_kec":"Ujung Tanah","id_kab":"7371","nama_kab":"Kota Makassar"},"geometry":{"coordinates":[[[119.2664,-5.1459],[119.2655,-5.15],[119.2627,-5.1533],[119.2638,-5.1513],[119.2625,-5.146],[119.2664,-5.1459]],[[119.2889,-5.1033],[119.2895,-5.1054],[119.2851,-5.1102],[119.2842,-5.1042],[119.2855,-5.1026],[119.2889,-5.1033]],[[119.317,-5.0885],[119.3153,-5.0808],[119.3186,-5.0767],[119.3223,-5.0799],[119.3198,-5.0876],[119.3178,-5.0895],[119.317,-5.0885]],[[119.3219,-5.0552],[119.3215,-5.0525],[119.3244,-5.054],[119.3229,-5.0559],[119.3219,-5.0552]],[[119.4083,-5.0731],[119.4093,-5.0722],[119.4115,-5.0725],[119.41,-5.0744],[119.4083,-5.0731]],[[119.4037,-5.0739],[119.4047,-5.0728],[119.4029,-5.0714],[119.4029,-5.0683],[119.4046,-5.0659],[119.4096,-5.0691],[119.4043,-5.0754],[119.4037,-5.0739]],[[119.3528,-5.0537],[119.3545,-5.0517],[119.3565,-5.0531],[119.3545,-5.0552],[119.3528,-5.0537]],[[119.4108,-5.0367],[119.4122,-5.0354],[119.4139,-5.036],[119.4126,-5.0376],[119.4108,-5.0367]],[[119.274,-5.0506],[119.2737,-5.0529],[119.2706,-5.0536],[119.2707,-5.0502],[119.274,-5.0506]],[[119.3313,-5.0533],[119.3286,-5.0555],[119.3258,-5.0548],[119.3247,-5.0501],[119.3229,-5.0497],[119.3236,-5.0473],[119.3214,-5.0456],[119.3226,-5.0424],[119.3271,-5.0412],[119.3296,-5.0421],[119.332,-5.0462],[119.3313,-5.0533]],[[119.2766,-5.044],[119.2774,-5.0459],[119.2729,-5.047],[119.2737,-5.0429],[119.2766,-5.044]],[[119.2777,-5.0327],[119.2807,-5.0378],[119.2778,-5.0413],[119.2753,-5.0417],[119.2761,-5.0381],[119.2741,-5.0359],[119.2756,-5.0356],[119.2764,-5.0329],[119.2747,-5.0322],[119.2746,-5.0335],[119.2738,-5.032],[119.2777,-5.0327]],[[119.4095,-5.0285],[119.4122,-5.0303],[119.4077,-5.0329],[119.4053,-5.0287],[119.4095,-5.0285]],[[119.3285,-5.022],[119.3296,-5.0207],[119.3301,-5.021],[119.3293,-5.0223],[119.3285,-5.022]],[[119.4173,-5.1204],[119.4167,-5.1161],[119.4117,-5.116],[119.4112,-5.1195],[119.4078,-5.119],[119.4093,-5.1132],[119.4128,-5.1112],[119.4145,-5.1121],[119.4145,-5.1106],[119.417,-5.1081],[119.4146,-5.1107],[119.4151,-5.1124],[119.4187,-5.1115],[119.4183,-5.1102],[119.4239,-5.1075],[119.4209,-5.1099],[119.4219,-5.1115],[119.4257,-5.1087],[119.4284,-5.111],[119.4316,-5.109],[119.4306,-5.113],[119.4251,-5.1121],[119.4246,-5.1151],[119.421,-5.1152],[119.422,-5.1169],[119.4204,-5.1207],[119.4173,-5.1204]],[[119.4059,-5.0872],[119.4061,-5.0944],[119.405,-5.0948],[119.4065,-5.0981],[119.4042,-5.1016],[119.401,-5.1007],[119.4,-5.0968],[119.3979,-5.0965],[119.3977,-5.0949],[119.4025,-5.0926],[119.4001,-5.0909],[119.4007,-5.0863],[119.4059,-5.0872]],[[119.4109,-5.0772],[119.4119,-5.0811],[119.4081,-5.0831],[119.4034,-5.0826],[119.4034,-5.0798],[119.4061,-5.0768],[119.4109,-5.0772]],[[119.4235,-5.058],[119.4223,-5.0522],[119.4267,-5.0505],[119.4307,-5.0574],[119.4281,-5.0588],[119.4235,-5.058]],[[119.4213,-5.0456],[119.4183,-5.0455],[119.4183,-5.0409],[119.4229,-5.0438],[119.4231,-5.0451],[119.4213,-5.0456]],[[119.3207,-5.036],[119.3214,-5.0345],[119.3227,-5.0354],[119.3217,-5.0364],[119.3207,-5.036]],[[119.3252,-5.0058],[119.3275,-5.0159],[119.3297,-5.018],[119.3259,-5.0215],[119.3252,-5.02],[119.3234,-5.0208],[119.3255,-5.0181],[119.3216,-5.0171],[119.3233,-5.0152],[119.3228,-5.0062],[119.3252,-5.0058]]],"type":"MultiPolygon"}},{"type":"Feature","properties":{"id_kec":"73.71.09","nama_kec":"Panakkukang","id_kab":"7371","nama_kab":"Kota Makassar"},"geometry":{"coordinates":[[[119.4504,-5.1649],[119.4483,-5.1672],[119.444,-5.1627],[119.4396,-5.162],[119.4357,-5.1473],[119.4344,-5.1468],[119.4353,-5.1439],[119.433,-5.135],[119.4305,-5.1346],[119.4331,-5.1289],[119.4429,-5.1302],[119.4455,-5.1245],[119.4488,-5.125],[119.4515,-5.1228],[119.4603,-5.1206],[119.4612,-5.1253],[119.4687,-5.1261],[119.4688,-5.1281],[119.4769,-5.132],[119.4688,-5.1381],[119.4738,-5.1467],[119.4785,-5.1429],[119.4842,-5.15],[119.4813,-5.1526],[119.4822,-5.1544],[119.4792,-5.1547],[119.4767,-5.1505],[119.4739,-5.149],[119.4603,-5.1493],[119.4584,-5.1546],[119.4598,-5.1606],[119.4504,-5.1649]]],"type":"MultiPolygon"}},{"type":"Feature","properties":{"id_kec":"73.71.10","nama_kec":"Tamalate","id_kab":"7371","nama_kab":"Kota Makassar"},"geometry":{"coordinates":[[[119.3907,-5.197],[119.3936,-5.1989],[119.3966,-5.1981],[119.3977,-5.2002],[119.4022,-5.1993],[119.4096,-5.2031],[119.4106,-5.2051],[119.4105,-5.21],[119.4076,-5.2103],[119.4074,-5.2137],[119.4047,-5.2178],[119.4051,-5.2255],[119.4013,-5.2333],[119.3981,-5.2325],[119.3918,-5.2261],[119.3921,-5.2175],[119.3838,-5.2144],[119.3841,-5.2095],[119.3825,-5.2046],[119.3803,-5.2053],[119.3824,-5.2041],[119.3787,-5.1951],[119.3871,-5.1836],[119.3879,-5.1608],[119.3893,-5.1587],[119.3898,-5.1582],[119.3903,-5.1581],[119.3888,-5.1617],[119.396,-5.1557],[119.4007,-5.1466],[119.4037,-5.1444],[119.4041,-5.1469],[119.4003,-5.1497],[119.402,-5.1535],[119.399,-5.1569],[119.4066,-5.1668],[119.4029,-5.1721],[119.4081,-5.1759],[119.4085,-5.1798],[119.4107,-5.1799],[119.4121,-5.1776],[119.4137,-5.165],[119.422,-5.1677],[119.423,-5.1666],[119.428,-5.1691],[119.4298,-5.1668],[119.434,-5.1689],[119.4313,-5.1741],[119.4397,-5.1791],[119.4412,-5.1883],[119.4391,-5.1924],[119.4335,-5.1896],[119.4195,-5.1946],[119.4135,-5.1918],[119.408,-5.1827],[119.406,-5.186],[119.3955,-5.1874],[119.3962,-5.1909],[119.3942,-5.1928],[119.3907,-5.1932],[119.3907,-5.197]]],"type":"MultiPolygon"}},{"type":"Feature","properties":{"id_kec":"73.71.11","nama_kec":"Biringkanaya","id_kab":"7371","nama_kab":"Kota Makassar"},"geometry":{"coordinates":[[[119.5107,-5.0691],[119.5137,-5.068],[119.5138,-5.0647],[119.5161,-5.0623],[119.5277,-5.064],[119.5325,-5.0719],[119.5363,-5.0736],[119.5381,-5.0798],[119.5414,-5.0834],[119.5374,-5.0937],[119.5389,-5.0999],[119.5409,-5.1007],[119.5405,-5.1034],[119.5387,-5.1042],[119.5419,-5.1064],[119.5428,-5.1115],[119.5403,-5.1168],[119.5394,-5.1244],[119.5361,-5.1308],[119.5283,-5.1324],[119.5275,-5.1372],[119.5213,-5.1434],[119.5199,-5.1491],[119.5172,-5.1506],[119.5143,-5.148],[119.5152,-5.1452],[119.5176,-5.1453],[119.5185,-5.1435],[119.5173,-5.1429],[119.5189,-5.1361],[119.5119,-5.1325],[119.5107,-5.1342],[119.5074,-5.1343],[119.5099,-5.1273],[119.5066,-5.1238],[119.509,-5.1197],[119.5054,-5.1185],[119.5032,-5.1156],[119.5006,-5.116],[119.5029,-5.113],[119.4927,-5.1089],[119.4946,-5.1078],[119.4941,-5.1052],[119.4984,-5.1031],[119.5009,-5.0979],[119.4986,-5.096],[119.5008,-5.0958],[119.5034,-5.0926],[119.5041,-5.0885],[119.5004,-5.0867],[119.5015,-5.0829],[119.4962,-5.0851],[119.4875,-5.0766],[119.48,-5.0733],[119.4764,-5.0756],[119.4684,-5.0716],[119.4711,-5.0654],[119.478,-5.059],[119.4846,-5.0596],[119.4859,-5.0627],[119.4875,-5.0614],[119.4863,-5.0642],[119.4879,-5.0658],[119.4885,-5.0633],[119.493,-5.0669],[119.4925,-5.0655],[119.4948,-5.0635],[119.4959,-5.0676],[119.4976,-5.0668],[119.5018,-5.0695],[119.5049,-5.0674],[119.5107,-5.0691]]],"type":"MultiPolygon"}},{"type":"Feature","properties":{"id_kec":"73.71.12","nama_kec":"Manggala","id_kab":"7371","nama_kab":"Kota Makassar"},"geometry":{"coordinates":[[[119.5119,-5.1762],[119.5133,-5.1806],[119.5164,-5.1825],[119.515,-5.1872],[119.5159,-5.1928],[119.5134,-5.1947],[119.4925,-5.1899],[119.4866,-5.1909],[119.4862,-5.1893],[119.476,-5.1842],[119.4704,-5.1791],[119.4637,-5.1778],[119.4631,-5.1715],[119.4524,-5.1676],[119.4504,-5.1649],[119.4598,-5.1606],[119.4584,-5.1546],[119.4603,-5.1493],[119.4739,-5.149],[119.4767,-5.1505],[119.4792,-5.1547],[119.4822,-5.1544],[119.4815,-5.1522],[119.4851,-5.1488],[119.4894,-5.1515],[119.4932,-5.1507],[119.502,-5.162],[119.5135,-5.1621],[119.5136,-5.1654],[119.5153,-5.1632],[119.5186,-5.1648],[119.5188,-5.1691],[119.5151,-5.1703],[119.5148,-5.1732],[119.5119,-5.1762]]],"type":"MultiPolygon"}},{"type":"Feature","properties":{"id_kec":"73.71.13","nama_kec":"Rappocini","id_kab":"7371","nama_kab":"Kota Makassar"},"geometry":{"coordinates":[[[119.4516,-5.1906],[119.4414,-5.1886],[119.4397,-5.1791],[119.4313,-5.1741],[119.434,-5.1689],[119.4298,-5.1668],[119.428,-5.1691],[119.4223,-5.1664],[119.4257,-5.156],[119.426,-5.1498],[119.4295,-5.149],[119.4326,-5.1453],[119.4344,-5.1451],[119.4357,-5.1473],[119.4396,-5.162],[119.444,-5.1627],[119.4483,-5.1672],[119.4506,-5.1651],[119.4524,-5.1676],[119.4636,-5.1721],[119.4611,-5.1946],[119.4516,-5.1906]]],"type":"MultiPolygon"}},{"type":"Feature","properties":{"id_kec":"73.71.14","nama_kec":"Tamalanrea","id_kab":"7371","nama_kab":"Kota Makassar"},"geometry":{"coordinates":[[[119.4913,-5.1509],[119.4894,-5.1515],[119.4831,-5.1485],[119.4785,-5.1429],[119.4738,-5.1467],[119.4689,-5.1388],[119.4769,-5.132],[119.4688,-5.1281],[119.4687,-5.1261],[119.4711,-5.1254],[119.4756,-5.1281],[119.4793,-5.1237],[119.4792,-5.1198],[119.4745,-5.1197],[119.4725,-5.117],[119.4709,-5.1175],[119.4704,-5.1208],[119.4682,-5.1211],[119.4668,-5.1175],[119.4677,-5.114],[119.4656,-5.1121],[119.4624,-5.1133],[119.4599,-5.1183],[119.4561,-5.1176],[119.4528,-5.1141],[119.4467,-5.116],[119.442,-5.1095],[119.4537,-5.1005],[119.4497,-5.0966],[119.4498,-5.0896],[119.4467,-5.0855],[119.4506,-5.0862],[119.4588,-5.0828],[119.4613,-5.0834],[119.4661,-5.0779],[119.4684,-5.0716],[119.4764,-5.0756],[119.48,-5.0733],[119.4875,-5.0766],[119.4962,-5.0851],[119.5015,-5.0829],[119.5004,-5.0867],[119.5041,-5.0885],[119.5034,-5.0926],[119.5008,-5.0958],[119.4986,-5.096],[119.5009,-5.0979],[119.4984,-5.1031],[119.4941,-5.1052],[119.4946,-5.1078],[119.4927,-5.1089],[119.5029,-5.113],[119.5006,-5.116],[119.5032,-5.1156],[119.5054,-5.1185],[119.509,-5.1197],[119.5066,-5.1238],[119.5099,-5.1273],[119.5074,-5.1343],[119.5107,-5.1342],[119.5119,-5.1325],[119.5178,-5.1344],[119.5193,-5.1371],[119.5176,-5.1453],[119.5152,-5.1452],[119.5143,-5.148],[119.51,-5.147],[119.5082,-5.1515],[119.5027,-5.1465],[119.4989,-5.151],[119.4913,-5.1509]]],"type":"MultiPolygon"}},{"type":"Feature","properties":{"id_kec":"73.73.01","nama_kec":"Wara","id_kab":"7373","nama_kab":"Kota Palopo"},"geometry":{"coordinates":[[[120.1815,-3.0205],[120.1867,-3.0163],[120.1874,-3.0118],[120.1822,-3.0081],[120.1838,-3.0083],[120.1843,-3.0059],[120.186,-3.0058],[120.1887,-2.997],[120.1967,-2.9938],[120.1984,-2.9945],[120.1973,-2.9986],[120.2048,-3.0117],[120.1989,-3.0149],[120.2013,-3.0233],[120.19,-3.0272],[120.19,-3.0252],[120.184,-3.019],[120.1834,-3.0225],[120.1815,-3.0205]]],"type":"MultiPolygon"}},{"type":"Feature","properties":{"id_kec":"73.73.02","nama_kec":"Wara Utara","id_kab":"7373","nama_kab":"Kota Palopo"},"geometry":{"coordinates":[[[120.1907,-2.9803],[120.1977,-2.9811],[120.1975,-2.9835],[120.2011,-2.9871],[120.1963,-2.9891],[120.1964,-2.994],[120.1793,-2.9981],[120.176,-2.9939],[120.1692,-2.9761],[120.181,-2.9762],[120.183,-2.9786],[120.1872,-2.9768],[120.1899,-2.9781],[120.1907,-2.9803]]],"type":"MultiPolygon"}},{"type":"Feature","properties":{"id_kec":"73.73.03","nama_kec":"Wara Selatan","id_kab":"7373","nama_kab":"Kota Palopo"},"geometry":{"coordinates":[[[120.2275,-3.0449],[120.2222,-3.0517],[120.2131,-3.0577],[120.2099,-3.0479],[120.2075,-3.0459],[120.201,-3.0453],[120.202,-3.0385],[120.2001,-3.0336],[120.1967,-3.0307],[120.2013,-3.0233],[120.1989,-3.0149],[120.2048,-3.0117],[120.2087,-3.017],[120.216,-3.0196],[120.2211,-3.0185],[120.2229,-3.0162],[120.2237,-3.0196],[120.2224,-3.0207],[120.2257,-3.0267],[120.2278,-3.0386],[120.2298,-3.042],[120.2275,-3.0449]]],"type":"MultiPolygon"}},{"type":"Feature","properties":{"id_kec":"73.73.04","nama_kec":"Tellu Wanua","id_kab":"7373","nama_kab":"Kota Palopo"},"geometry":{"coordinates":[[[120.1882,-2.935],[120.19,-2.933],[120.1882,-2.9307],[120.1838,-2.9308],[120.1813,-2.9284],[120.1731,-2.9296],[120.1506,-2.9288],[120.1514,-2.9205],[120.1553,-2.9145],[120.1497,-2.9064],[120.1431,-2.9076],[120.1461,-2.9128],[120.142,-2.9129],[120.1337,-2.9176],[120.119,-2.9142],[120.114,-2.9114],[120.1209,-2.9106],[120.1316,-2.9051],[120.14,-2.9033],[120.1433,-2.8964],[120.1468,-2.8974],[120.1594,-2.8893],[120.1709,-2.8868],[120.1742,-2.8892],[120.1774,-2.8876],[120.1797,-2.8917],[120.182,-2.8903],[120.1928,-2.8916],[120.1995,-2.8902],[120.2141,-2.8966],[120.2165,-2.8959],[120.2208,-2.9026],[120.2173,-2.9034],[120.2182,-2.9075],[120.2157,-2.9128],[120.2181,-2.9212],[120.2198,-2.9217],[120.219,-2.9246],[120.2208,-2.9239],[120.2223,-2.9273],[120.2234,-2.9251],[120.2244,-2.9274],[120.2267,-2.9268],[120.2262,-2.9293],[120.2287,-2.9326],[120.2278,-2.9339],[120.2305,-2.9342],[120.2296,-2.9358],[120.2328,-2.9401],[120.2273,-2.9396],[120.2286,-2.9427],[120.2249,-2.9426],[120.2263,-2.9443],[120.2242,-2.947],[120.2271,-2.9481],[120.2298,-2.9526],[120.2275,-2.9562],[120.223,-2.9548],[120.2163,-2.957],[120.2135,-2.956],[120.2133,-2.9498],[120.2152,-2.9477],[120.2131,-2.9463],[120.2129,-2.9435],[120.2111,-2.9431],[120.2095,-2.9444],[120.2032,-2.9431],[120.1965,-2.9499],[120.1882,-2.935]]],"type":"MultiPolygon"}},{"type":"Feature","properties":{"id_kec":"73.73.05","nama_kec":"Wara Timur","id_kab":"7373","nama_kab":"Kota Palopo"},"geometry":{"coordinates":[[[120.2222,-3.0165],[120.2211,-3.0185],[120.216,-3.0196],[120.2076,-3.0159],[120.1973,-2.9986],[120.1984,-2.9945],[120.1967,-2.9938],[120.1963,-2.9891],[120.1974,-2.988],[120.2014,-2.987],[120.2036,-2.9899],[120.21,-2.9864],[120.2108,-2.9874],[120.2069,-2.9914],[120.2124,-2.9938],[120.2134,-2.9957],[120.211,-2.9982],[120.2174,-3.0013],[120.2177,-3.0048],[120.2194,-3.0047],[120.2218,-3.0076],[120.2222,-3.0165]]],"type":"MultiPolygon"}},{"type":"Feature","properties":{"id_kec":"73.73.06","nama_kec":"Wara Barat","id_kab":"7373","nama_kab":"Kota Palopo"},"geometry":{"coordinates":[[[120.1816,-3.0091],[120.1814,-3.0102],[120.1802,-3.0083],[120.178,-3.0091],[120.1787,-3.0066],[120.1736,-3.0013],[120.1685,-3.0038],[120.161,-3.002],[120.1481,-2.9891],[120.1327,-2.9928],[120.1243,-2.9984],[120.1145,-3.0008],[120.1068,-3.006],[120.0989,-3.0078],[120.0859,-3.0073],[120.0774,-3.002],[120.0718,-3.001],[120.0618,-2.9919],[120.0624,-2.9903],[120.0562,-2.9877],[120.053,-2.9844],[120.0591,-2.9677],[120.0571,-2.9643],[120.0509,-2.9603],[120.0483,-2.954],[120.0558,-2.9532],[120.0608,-2.9487],[120.0708,-2.9349],[120.0762,-2.934],[120.0796,-2.9309],[120.0834,-2.932],[120.0941,-2.9178],[120.0982,-2.9183],[120.114,-2.9114],[120.119,-2.9142],[120.1345,-2.9175],[120.142,-2.9129],[120.1461,-2.9128],[120.1431,-2.9076],[120.1497,-2.9064],[120.1553,-2.9145],[120.1509,-2.9223],[120.1507,-2.9308],[120.1553,-2.9479],[120.1546,-2.9533],[120.159,-2.9603],[120.1601,-2.9689],[120.1617,-2.9715],[120.1692,-2.976],[120.176,-2.9939],[120.1791,-2.998],[120.1805,-2.9972],[120.1817,-2.9985],[120.1908,-2.9956],[120.1887,-2.997],[120.186,-3.0058],[120.1816,-3.0091]]],"type":"MultiPolygon"}},{"type":"Feature","properties":{"id_kec":"73.73.07","nama_kec":"Sendana","id_kab":"7373","nama_kab":"Kota Palopo"},"geometry":{"coordinates":[[[120.1359,-3.085],[120.1343,-3.0803],[120.1267,-3.0756],[120.1235,-3.0691],[120.1177,-3.0654],[120.1125,-3.054],[120.109,-3.0509],[120.1075,-3.046],[120.1092,-3.0398],[120.1182,-3.0375],[120.1179,-3.0361],[120.1221,-3.0359],[120.1324,-3.0265],[120.1443,-3.0286],[120.147,-3.0257],[120.1528,-3.0236],[120.1556,-3.0254],[120.1614,-3.0229],[120.1679,-3.024],[120.1693,-3.0264],[120.1717,-3.0251],[120.1785,-3.0257],[120.1828,-3.0246],[120.184,-3.019],[120.19,-3.0252],[120.19,-3.0272],[120.2013,-3.0233],[120.1966,-3.0302],[120.2001,-3.0336],[120.2024,-3.0398],[120.2008,-3.0447],[120.2075,-3.0459],[120.2099,-3.0479],[120.2131,-3.0577],[120.2062,-3.0597],[120.1985,-3.0567],[120.1944,-3.0577],[120.1893,-3.0545],[120.1847,-3.0555],[120.1779,-3.0537],[120.1722,-3.0548],[120.1656,-3.0573],[120.1637,-3.0688],[120.1602,-3.0718],[120.1538,-3.0709],[120.1534,-3.0733],[120.15,-3.0732],[120.1485,-3.081],[120.1415,-3.0844],[120.1403,-3.0867],[120.1359,-3.085]]],"type":"MultiPolygon"}},{"type":"Feature","properties":{"id_kec":"73.73.08","nama_kec":"Mungkajang","id_kab":"7373","nama_kab":"Kota Palopo"},"geometry":{"coordinates":[[[120.1121,-3.0559],[120.1,-3.0474],[120.0931,-3.0357],[120.0871,-3.0343],[120.0846,-3.0309],[120.0829,-3.0311],[120.086,-3.0217],[120.0831,-3.0123],[120.0843,-3.0064],[120.0877,-3.0079],[120.0989,-3.0078],[120.1068,-3.006],[120.1145,-3.0008],[120.1243,-2.9984],[120.1327,-2.9928],[120.1486,-2.9891],[120.1513,-2.9936],[120.161,-3.002],[120.1685,-3.0038],[120.1736,-3.0013],[120.1787,-3.0066],[120.178,-3.0091],[120.1802,-3.0083],[120.1814,-3.0102],[120.1823,-3.0089],[120.1874,-3.0118],[120.1867,-3.0163],[120.183,-3.0181],[120.1813,-3.0209],[120.1834,-3.0225],[120.1823,-3.0249],[120.1717,-3.0251],[120.1693,-3.0264],[120.1679,-3.024],[120.1614,-3.0229],[120.1556,-3.0254],[120.1528,-3.0236],[120.147,-3.0257],[120.1443,-3.0286],[120.1324,-3.0265],[120.1221,-3.0359],[120.1179,-3.0361],[120.1182,-3.0375],[120.1092,-3.0398],[120.1078,-3.0481],[120.1125,-3.054],[120.1121,-3.0559]]],"type":"MultiPolygon"}},{"type":"Feature","properties":{"id_kec":"73.73.09","nama_kec":"Bara","id_kab":"7373","nama_kab":"Kota Palopo"},"geometry":{"coordinates":[[[120.2019,-2.9663],[120.2,-2.9663],[120.1994,-2.9619],[120.2031,-2.9649],[120.2019,-2.9663]],[[120.1977,-2.9633],[120.1968,-2.9636],[120.1967,-2.9632],[120.1979,-2.9625],[120.1977,-2.9633]],[[120.2021,-2.9583],[120.2036,-2.9585],[120.2038,-2.9594],[120.2003,-2.9589],[120.2021,-2.9583]],[[120.1593,-2.9615],[120.1546,-2.9533],[120.1553,-2.9479],[120.1506,-2.9288],[120.1731,-2.9296],[120.1813,-2.9284],[120.1838,-2.9308],[120.1881,-2.9307],[120.1899,-2.9328],[120.1881,-2.9357],[120.1904,-2.9407],[120.1945,-2.9443],[120.1939,-2.947],[120.1965,-2.9499],[120.2004,-2.9446],[120.2036,-2.943],[120.2092,-2.9443],[120.2129,-2.9435],[120.2131,-2.9463],[120.2152,-2.9477],[120.2133,-2.9498],[120.2135,-2.956],[120.2115,-2.9547],[120.2097,-2.9569],[120.1994,-2.9573],[120.199,-2.9608],[120.193,-2.9619],[120.1896,-2.9686],[120.1904,-2.9762],[120.1839,-2.9786],[120.181,-2.9762],[120.1692,-2.9761],[120.1617,-2.9715],[120.1598,-2.9681],[120.1593,-2.9615]]],"type":"MultiPolygon"}},{"type":"Feature","properties":{"id_kec":"73.72.01","nama_kec":"Bacukiki","id_kab":"7372","nama_kab":"Kota Parepare"},"geometry":{"coordinates":[[[119.6906,-4.0761],[119.6817,-4.0763],[119.6765,-4.0735],[119.6696,-4.0723],[119.6463,-4.0769],[119.6406,-4.077],[119.6396,-4.0753],[119.6343,-4.074],[119.6384,-4.0589],[119.6416,-4.055],[119.6452,-4.0555],[119.6498,-4.0512],[119.6466,-4.0441],[119.6473,-4.0405],[119.6405,-4.037],[119.6398,-4.0347],[119.64,-4.0323],[119.6426,-4.0309],[119.6416,-4.0283],[119.6471,-4.0263],[119.6502,-4.0211],[119.6499,-4.0182],[119.6467,-4.017],[119.6423,-4.0176],[119.6396,-4.0198],[119.6329,-4.0198],[119.6361,-4.017],[119.6373,-4.013],[119.6403,-4.0131],[119.6404,-4.0085],[119.6416,-4.0107],[119.6468,-4.0126],[119.6501,-4.0101],[119.6547,-4.0102],[119.6602,-4.0014],[119.6603,-3.9981],[119.6573,-3.996],[119.6574,-3.9945],[119.6607,-3.9917],[119.6651,-3.991],[119.6672,-3.9853],[119.6729,-3.9857],[119.6713,-3.9798],[119.6748,-3.9794],[119.6755,-3.978],[119.6833,-3.9863],[119.6859,-3.9934],[119.6921,-3.9946],[119.6932,-3.9998],[119.691,-4.0017],[119.6895,-4.0082],[119.6855,-4.0114],[119.6935,-4.0161],[119.6985,-4.0138],[119.6956,-4.0179],[119.7019,-4.0192],[119.7022,-4.0217],[119.6994,-4.0227],[119.7005,-4.0306],[119.698,-4.0342],[119.6986,-4.0392],[119.7017,-4.0403],[119.6978,-4.0454],[119.6979,-4.0515],[119.7065,-4.0606],[119.7084,-4.0709],[119.715,-4.0725],[119.7146,-4.0768],[119.707,-4.0794],[119.7004,-4.0766],[119.6906,-4.0761]]],"type":"MultiPolygon"}},{"type":"Feature","properties":{"id_kec":"73.72.02","nama_kec":"Ujung","id_kab":"7372","nama_kab":"Kota Parepare"},"geometry":{"coordinates":[[[[119.6202,-4.0161],[119.6212,-4.0023],[119.624,-4.0036],[119.623,-4.0077],[119.6263,-4.0082],[119.6262,-4.0106],[119.6303,-4.0116],[119.6329,-4.0099],[119.6357,-4.0115],[119.6381,-4.0098],[119.639,-4.0066],[119.6456,-4.0018],[119.6519,-3.9917],[119.6518,-3.9818],[119.6546,-3.98],[119.6555,-3.9759],[119.6616,-3.9693],[119.6614,-3.9676],[119.666,-3.9641],[119.6672,-3.9681],[119.6754,-3.9785],[119.6713,-3.9798],[119.6729,-3.9857],[119.6672,-3.9853],[119.6651,-3.991],[119.6607,-3.9917],[119.6574,-3.9945],[119.6573,-3.996],[119.6603,-3.9981],[119.6602,-4.0014],[119.6548,-4.0101],[119.6501,-4.0101],[119.6468,-4.0126],[119.6416,-4.0107],[119.6405,-4.0085],[119.6403,-4.0132],[119.6373,-4.013],[119.6351,-4.0179],[119.6303,-4.0156],[119.6285,-4.0199],[119.6227,-4.0201],[119.6202,-4.0161]],[[119.6214,-4.0036],[119.6213,-4.0036],[119.6213,-4.0043],[119.6214,-4.0043],[119.6214,-4.0036]]]],"type":"MultiPolygon"}},{"type":"Feature","properties":{"id_kec":"73.72.03","nama_kec":"Soreang","id_kab":"7372","nama_kab":"Kota Parepare"},"geometry":{"coordinates":[[[119.6385,-4.0075],[119.6359,-4.0114],[119.6329,-4.0099],[119.6303,-4.0116],[119.6262,-4.0106],[119.6263,-4.0082],[119.623,-4.0077],[119.624,-4.0036],[119.6263,-4.0043],[119.6303,-4.0018],[119.6353,-3.9871],[119.6353,-3.981],[119.6404,-3.9799],[119.6452,-3.9739],[119.6514,-3.9729],[119.6641,-3.9613],[119.666,-3.9641],[119.6614,-3.9676],[119.6616,-3.9693],[119.6555,-3.9759],[119.6546,-3.98],[119.6516,-3.9822],[119.6515,-3.9925],[119.6456,-4.0018],[119.6385,-4.0075]],[[119.6288,-4.0021],[119.6291,-4.0024],[119.6288,-4.0022],[119.6288,-4.0021]]],"type":"MultiPolygon"}},{"type":"Feature","properties":{"id_kec":"73.72.04","nama_kec":"Bacukiki Barat","id_kab":"7372","nama_kab":"Kota Parepare"},"geometry":{"coordinates":[[[119.6339,-4.0742],[119.6293,-4.0742],[119.6259,-4.0698],[119.6202,-4.0671],[119.6229,-4.0595],[119.6219,-4.0564],[119.6172,-4.0525],[119.6236,-4.0476],[119.6259,-4.0383],[119.6227,-4.0201],[119.6285,-4.0199],[119.6303,-4.0156],[119.6351,-4.0179],[119.6332,-4.0203],[119.6396,-4.0198],[119.6423,-4.0176],[119.6467,-4.017],[119.6499,-4.0182],[119.6502,-4.0209],[119.6471,-4.0263],[119.6415,-4.0284],[119.6426,-4.0309],[119.64,-4.0323],[119.6398,-4.0347],[119.6405,-4.037],[119.6473,-4.0405],[119.6466,-4.0441],[119.6498,-4.0512],[119.6452,-4.0555],[119.6416,-4.055],[119.6384,-4.0589],[119.6339,-4.0742]],[[119.6235,-4.0461],[119.6234,-4.046],[119.6235,-4.0459],[119.6236,-4.0461],[119.6235,-4.0461]]],"type":"MultiPolygon"}},{"type":"Feature","properties":{"id_kec":"73.17.01","nama_kec":"Basse Sangtempe","id_kab":"7317","nama_kab":"Luwu"},"geometry":{"coordinates":[[[120.1162,-3.2595],[120.1089,-3.2674],[120.1089,-3.2735],[120.0859,-3.2792],[120.0794,-3.2822],[120.0719,-3.2894],[120.0653,-3.299],[120.0619,-3.3015],[120.0576,-3.3021],[120.0525,-3.3068],[120.0528,-3.3131],[120.0485,-3.3145],[120.0484,-3.3179],[120.0355,-3.3204],[120.0308,-3.3176],[120.0312,-3.3099],[120.0282,-3.2955],[120.0252,-3.2909],[120.0241,-3.2806],[120.013,-3.2721],[120.0013,-3.2679],[119.9954,-3.2612],[119.995,-3.2556],[119.9899,-3.2555],[119.9822,-3.2504],[119.9805,-3.245],[119.9802,-3.2245],[119.9875,-3.218],[119.9917,-3.211],[119.9917,-3.2046],[119.9894,-3.1987],[119.9862,-3.1962],[119.9841,-3.1887],[119.9856,-3.184],[119.9912,-3.1806],[119.9963,-3.1732],[120.0057,-3.1765],[120.0077,-3.1726],[119.9991,-3.1564],[120.0028,-3.1461],[120.005,-3.1442],[120.0055,-3.1417],[120.0038,-3.14],[120.0049,-3.1394],[120.0065,-3.1275],[120.0168,-3.1194],[120.0168,-3.1121],[120.0214,-3.0971],[120.02,-3.0915],[120.0212,-3.0812],[120.0288,-3.0686],[120.0375,-3.0654],[120.0418,-3.0675],[120.0445,-3.0658],[120.0489,-3.0544],[120.0664,-3.0505],[120.0688,-3.0477],[120.0663,-3.0348],[120.0744,-3.0294],[120.079,-3.0318],[120.0846,-3.0309],[120.0871,-3.0343],[120.0931,-3.0357],[120.1,-3.0474],[120.1125,-3.0562],[120.1177,-3.0654],[120.1235,-3.0691],[120.1267,-3.0756],[120.1351,-3.0812],[120.1368,-3.0861],[120.1408,-3.0865],[120.1415,-3.0844],[120.1485,-3.081],[120.1514,-3.0895],[120.1491,-3.0963],[120.1505,-3.1047],[120.1478,-3.1202],[120.139,-3.1274],[120.1292,-3.1315],[120.1343,-3.1368],[120.1338,-3.1525],[120.138,-3.1595],[120.1372,-3.1662],[120.1432,-3.173],[120.1459,-3.1787],[120.1458,-3.1833],[120.156,-3.1926],[120.1613,-3.1941],[120.1625,-3.2012],[120.1663,-3.2036],[120.1702,-3.2105],[120.1679,-3.2153],[120.1677,-3.2309],[120.1691,-3.2366],[120.176,-3.242],[120.1766,-3.2498],[120.1802,-3.2553],[120.1795,-3.2599],[120.1767,-3.2658],[120.1771,-3.2702],[120.1708,-3.2695],[120.1681,-3.2707],[120.1672,-3.2634],[120.165,-3.265],[120.1645,-3.2639],[120.1613,-3.2649],[120.1593,-3.2624],[120.1574,-3.2643],[120.1557,-3.2623],[120.154,-3.2636],[120.1532,-3.2599],[120.1494,-3.2619],[120.1451,-3.2602],[120.1446,-3.2649],[120.1435,-3.2626],[120.1412,-3.264],[120.1333,-3.2599],[120.1355,-3.2669],[120.1343,-3.2685],[120.1329,-3.2674],[120.1327,-3.2631],[120.1307,-3.2663],[120.125,-3.2609],[120.1235,-3.2654],[120.1228,-3.2625],[120.1191,-3.2616],[120.1216,-3.259],[120.1162,-3.258],[120.1162,-3.2595]]],"type":"MultiPolygon"}},{"type":"Feature","properties":{"id_kec":"73.17.02","nama_kec":"Larompong","id_kab":"7317","nama_kab":"Luwu"},"geometry":{"coordinates":[[[120.3712,-3.5938],[120.3585,-3.5955],[120.3569,-3.5971],[120.3448,-3.5909],[120.3391,-3.5857],[120.3289,-3.5855],[120.3249,-3.5883],[120.3247,-3.5827],[120.3139,-3.5781],[120.3096,-3.578],[120.3063,-3.5798],[120.3014,-3.5862],[120.2976,-3.5971],[120.2958,-3.6104],[120.2928,-3.6123],[120.2861,-3.6044],[120.2824,-3.6054],[120.2857,-3.6104],[120.2862,-3.6151],[120.2848,-3.6159],[120.2868,-3.6174],[120.286,-3.6192],[120.2872,-3.6207],[120.2893,-3.6202],[120.2893,-3.6232],[120.2916,-3.6255],[120.294,-3.6245],[120.2946,-3.6282],[120.2864,-3.6299],[120.2806,-3.6255],[120.2781,-3.6318],[120.2702,-3.6277],[120.2682,-3.6203],[120.2509,-3.6097],[120.2428,-3.6009],[120.2307,-3.5924],[120.2209,-3.5914],[120.2076,-3.5944],[120.2058,-3.5862],[120.1976,-3.5838],[120.192,-3.5664],[120.1929,-3.5608],[120.1917,-3.5473],[120.189,-3.5449],[120.1879,-3.5396],[120.1821,-3.5344],[120.1821,-3.5241],[120.1796,-3.52],[120.179,-3.5082],[120.1829,-3.5134],[120.1872,-3.514],[120.2024,-3.51],[120.2098,-3.5098],[120.2123,-3.507],[120.2189,-3.505],[120.2442,-3.5087],[120.2566,-3.5069],[120.2753,-3.509],[120.2815,-3.5082],[120.2883,-3.505],[120.2974,-3.5061],[120.3066,-3.5043],[120.3131,-3.507],[120.3248,-3.5053],[120.3261,-3.5063],[120.3264,-3.5048],[120.3304,-3.5057],[120.3423,-3.5012],[120.35,-3.5025],[120.3579,-3.5014],[120.3708,-3.4932],[120.3768,-3.493],[120.3823,-3.4979],[120.3796,-3.4983],[120.3799,-3.5047],[120.3812,-3.5087],[120.3853,-3.5122],[120.3872,-3.517],[120.3871,-3.5222],[120.3922,-3.5271],[120.3987,-3.5287],[120.4021,-3.5315],[120.3998,-3.5343],[120.3996,-3.5375],[120.4012,-3.5394],[120.3998,-3.5418],[120.4002,-3.5475],[120.4007,-3.5511],[120.4033,-3.5525],[120.4051,-3.5575],[120.4048,-3.5589],[120.4009,-3.5602],[120.3899,-3.5613],[120.3897,-3.5648],[120.3875,-3.5675],[120.3886,-3.5696],[120.3832,-3.5782],[120.3804,-3.59],[120.3763,-3.5944],[120.3712,-3.5938]]],"type":"MultiPolygon"}},{"type":"Feature","properties":{"id_kec":"73.17.03","nama_kec":"Suli","id_kab":"7317","nama_kab":"Luwu"},"geometry":{"coordinates":[[[120.3789,-3.4948],[120.3756,-3.4926],[120.3717,-3.4929],[120.3552,-3.5021],[120.3568,-3.4972],[120.3559,-3.4906],[120.3622,-3.4881],[120.3626,-3.4865],[120.3588,-3.471],[120.351,-3.4702],[120.3496,-3.4682],[120.3499,-3.4643],[120.3479,-3.4631],[120.3461,-3.4673],[120.3436,-3.4668],[120.3419,-3.4696],[120.3432,-3.4705],[120.3436,-3.4688],[120.3457,-3.4685],[120.3449,-3.4723],[120.3406,-3.4728],[120.344,-3.475],[120.3405,-3.476],[120.3362,-3.4801],[120.3329,-3.479],[120.3303,-3.4823],[120.3278,-3.4807],[120.3275,-3.4832],[120.3254,-3.4806],[120.3209,-3.4809],[120.3177,-3.4782],[120.316,-3.4789],[120.3142,-3.4741],[120.3102,-3.4759],[120.3108,-3.4724],[120.3046,-3.4735],[120.3047,-3.4676],[120.3022,-3.4674],[120.2946,-3.4608],[120.3066,-3.4494],[120.302,-3.44],[120.2962,-3.4384],[120.2913,-3.4149],[120.2976,-3.4117],[120.3038,-3.4109],[120.3108,-3.4045],[120.3193,-3.4029],[120.3216,-3.4082],[120.3259,-3.41],[120.3334,-3.4093],[120.3388,-3.412],[120.3456,-3.406],[120.3547,-3.4045],[120.358,-3.4051],[120.3607,-3.4085],[120.3666,-3.4066],[120.3752,-3.4134],[120.3856,-3.4143],[120.394,-3.4176],[120.4019,-3.4171],[120.4043,-3.4269],[120.4039,-3.4333],[120.3963,-3.4411],[120.3921,-3.4419],[120.3895,-3.4454],[120.3921,-3.4553],[120.3906,-3.4552],[120.3887,-3.46],[120.3901,-3.4658],[120.3889,-3.4699],[120.3913,-3.4763],[120.3894,-3.4826],[120.3914,-3.4885],[120.387,-3.4913],[120.3853,-3.4955],[120.3831,-3.496],[120.3823,-3.4979],[120.3789,-3.4948]]],"type":"MultiPolygon"}},{"type":"Feature","properties":{"id_kec":"73.17.04","nama_kec":"Bajo","id_kab":"7317","nama_kab":"Luwu"},"geometry":{"coordinates":[[[120.2822,-3.3926],[120.2834,-3.3819],[120.2941,-3.3808],[120.2911,-3.3725],[120.2948,-3.3659],[120.2949,-3.3612],[120.2934,-3.3575],[120.2856,-3.3522],[120.2859,-3.3491],[120.2833,-3.3478],[120.28,-3.3365],[120.2683,-3.3333],[120.2657,-3.3186],[120.2622,-3.3145],[120.2745,-3.305],[120.2779,-3.2996],[120.2874,-3.2979],[120.2877,-3.2998],[120.2981,-3.3001],[120.2956,-3.3111],[120.2998,-3.3164],[120.3126,-3.3237],[120.3193,-3.3319],[120.3261,-3.333],[120.3222,-3.3401],[120.3244,-3.3502],[120.3264,-3.3506],[120.3304,-3.3471],[120.337,-3.3484],[120.3432,-3.3476],[120.3458,-3.3525],[120.3433,-3.3593],[120.3265,-3.3755],[120.3236,-3.3819],[120.3193,-3.4029],[120.3108,-3.4045],[120.3038,-3.4109],[120.2891,-3.4145],[120.2865,-3.412],[120.2821,-3.4108],[120.277,-3.4048],[120.2822,-3.3926]]],"type":"MultiPolygon"}},{"type":"Feature","properties":{"id_kec":"73.17.06","nama_kec":"Walenrang","id_kab":"7317","nama_kab":"Luwu"},"geometry":{"coordinates":[[[120.0494,-2.9211],[120.0581,-2.9122],[120.0578,-2.9076],[120.0597,-2.9037],[120.0714,-2.9033],[120.0784,-2.8998],[120.0891,-2.8979],[120.0887,-2.8915],[120.0914,-2.8862],[120.099,-2.8792],[120.1025,-2.8727],[120.0997,-2.8588],[120.1021,-2.854],[120.1101,-2.8502],[120.1125,-2.8464],[120.121,-2.8443],[120.1267,-2.8409],[120.1317,-2.8367],[120.1375,-2.8284],[120.1443,-2.8269],[120.146,-2.8242],[120.1511,-2.8241],[120.154,-2.8249],[120.1574,-2.8287],[120.1638,-2.8304],[120.1649,-2.8322],[120.1803,-2.8349],[120.1703,-2.8424],[120.1679,-2.8477],[120.1587,-2.8507],[120.1597,-2.8547],[120.1579,-2.8574],[120.1583,-2.8624],[120.1654,-2.8737],[120.173,-2.8765],[120.1711,-2.8867],[120.1594,-2.8893],[120.1468,-2.8974],[120.1433,-2.8964],[120.14,-2.9033],[120.136,-2.9035],[120.1238,-2.9097],[120.114,-2.9114],[120.0982,-2.9183],[120.0941,-2.9178],[120.0834,-2.932],[120.0796,-2.9309],[120.0762,-2.934],[120.0708,-2.9349],[120.0608,-2.9487],[120.0558,-2.9532],[120.0483,-2.954],[120.0432,-2.9381],[120.0436,-2.9341],[120.0462,-2.9304],[120.0436,-2.9247],[120.0494,-2.9211]]],"type":"MultiPolygon"}},{"type":"Feature","properties":{"id_kec":"73.17.07","nama_kec":"Belopa","id_kab":"7317","nama_kab":"Luwu"},"geometry":{"coordinates":[[[120.3704,-3.3838],[120.3799,-3.3844],[120.38,-3.3827],[120.399,-3.3823],[120.4002,-3.384],[120.3976,-3.3843],[120.3974,-3.3856],[120.4037,-3.3837],[120.404,-3.3848],[120.3979,-3.3856],[120.3983,-3.3871],[120.4021,-3.388],[120.4011,-3.395],[120.3993,-3.3956],[120.4036,-3.3993],[120.404,-3.4132],[120.4013,-3.4175],[120.3983,-3.4179],[120.3967,-3.4164],[120.394,-3.4176],[120.3856,-3.4143],[120.3752,-3.4134],[120.3666,-3.4066],[120.3607,-3.4085],[120.358,-3.4051],[120.3547,-3.4045],[120.3456,-3.406],[120.3388,-3.412],[120.3334,-3.4093],[120.3229,-3.4092],[120.3205,-3.4069],[120.3192,-3.4022],[120.3236,-3.3819],[120.3274,-3.3741],[120.3387,-3.3634],[120.3426,-3.3733],[120.3535,-3.3742],[120.3579,-3.3769],[120.3608,-3.3822],[120.3704,-3.3838]]],"type":"MultiPolygon"}},{"type":"Feature","properties":{"id_kec":"73.17.08","nama_kec":"Bua","id_kab":"7317","nama_kab":"Luwu"},"geometry":{"coordinates":[[[120.2643,-3.1675],[120.2606,-3.1753999999999998],[120.2631,-3.1778],[120.262,-3.1798],[120.2633,-3.1832],[120.2586,-3.1848],[120.2435,-3.1838],[120.2426,-3.1826],[120.2405,-3.1842],[120.2375,-3.1836],[120.2353,-3.1793],[120.2119,-3.1778],[120.2043,-3.173],[120.2006,-3.1756],[120.1923,-3.1731],[120.1777,-3.1774],[120.17,-3.1721],[120.1559,-3.1835],[120.1462,-3.1804],[120.1423,-3.1714],[120.1372,-3.1662],[120.138,-3.1595],[120.1338,-3.1525],[120.1343,-3.1368],[120.1292,-3.1315],[120.139,-3.1274],[120.1478,-3.1202],[120.1505,-3.1047],[120.1491,-3.0963],[120.1516,-3.0909],[120.1485,-3.0807],[120.1503,-3.0728],[120.1534,-3.0733],[120.1545,-3.0707],[120.1602,-3.0718],[120.1637,-3.0688],[120.1656,-3.0573],[120.1742,-3.0542],[120.1847,-3.0555],[120.1893,-3.0545],[120.1944,-3.0577],[120.1985,-3.0567],[120.2076,-3.0596],[120.216,-3.0567],[120.2222,-3.0517],[120.2288,-3.0432],[120.2337,-3.0486],[120.2357,-3.0479],[120.2396,-3.0501],[120.2408,-3.0489],[120.2443,-3.0503],[120.2454,-3.0487],[120.2478,-3.0498],[120.2476,-3.0465],[120.2501,-3.0475],[120.2498,-3.0503999999999998],[120.2531,-3.0515],[120.2543,-3.059],[120.2587,-3.065],[120.2581,-3.0695],[120.2597,-3.071],[120.2625,-3.0825],[120.2611,-3.1056],[120.2593,-3.1107],[120.2603,-3.1268],[120.2568,-3.1353],[120.2521,-3.1414],[120.252,-3.1472],[120.2546,-3.1584],[120.2656,-3.1665],[120.2643,-3.1675]]],"type":"MultiPolygon"}},{"type":"Feature","properties":{"id_kec":"73.17.09","nama_kec":"Lamasi","id_kab":"7317","nama_kab":"Luwu"},"geometry":{"coordinates":[[[120.173,-2.8334],[120.1649,-2.8322],[120.1638,-2.8304],[120.1574,-2.8287],[120.154,-2.8249],[120.1511,-2.8241],[120.146,-2.8242],[120.1443,-2.8269],[120.1375,-2.8284],[120.1354,-2.8304],[120.1329,-2.827],[120.1342,-2.8211],[120.1331,-2.8141],[120.1367,-2.8112],[120.1467,-2.8083],[120.1488,-2.8043],[120.1512,-2.8038],[120.1503,-2.8017],[120.1591,-2.793],[120.1634,-2.7896],[120.1657,-2.7896],[120.1646,-2.784],[120.1727,-2.7816],[120.1768,-2.7768],[120.1765,-2.7729],[120.1797,-2.7699],[120.19,-2.7663],[120.1949,-2.7692],[120.1965,-2.7713],[120.1957,-2.7726],[120.2039,-2.7791],[120.2032,-2.7813],[120.2057,-2.7816],[120.2099,-2.7878],[120.2121,-2.7897],[120.2137,-2.788],[120.2163,-2.7889],[120.2222,-2.7976],[120.2273,-2.7991],[120.2265,-2.8027],[120.2285,-2.8032],[120.2283,-2.8058],[120.2314,-2.8083],[120.2314,-2.8108],[120.2283,-2.812],[120.2252,-2.8161],[120.2119,-2.8195],[120.2089,-2.8241],[120.1894,-2.8208],[120.184,-2.8251],[120.1803,-2.8349],[120.173,-2.8334]]],"type":"MultiPolygon"}},{"type":"Feature","properties":{"id_kec":"73.17.10","nama_kec":"Larompong Selatan","id_kab":"7317","nama_kab":"Luwu"},"geometry":{"coordinates":[[[120.4118,-3.651],[120.4124,-3.6582],[120.4152,-3.6598],[120.4141,-3.6626],[120.4094,-3.6638],[120.41,-3.6652],[120.4083,-3.6674],[120.402,-3.6615],[120.3979,-3.6608],[120.3922,-3.6625],[120.3876,-3.6588],[120.3613,-3.6549],[120.3578,-3.6523],[120.3506,-3.6522],[120.3499,-3.6504],[120.3437,-3.65],[120.3347,-3.6536],[120.3281,-3.6499],[120.3227,-3.6518],[120.3218,-3.6497],[120.3047,-3.6486],[120.2898,-3.6398],[120.2828,-3.6329],[120.2781,-3.6318],[120.2806,-3.6255],[120.2864,-3.6299],[120.2947,-3.6278],[120.294,-3.6245],[120.2916,-3.6255],[120.2893,-3.6232],[120.2893,-3.6202],[120.2872,-3.6207],[120.286,-3.6192],[120.2868,-3.6174],[120.2848,-3.6159],[120.2862,-3.6151],[120.2857,-3.6104],[120.2824,-3.6054],[120.2861,-3.6044],[120.2928,-3.6123],[120.2958,-3.6104],[120.2976,-3.5971],[120.3014,-3.5862],[120.3063,-3.5798],[120.3113,-3.5778],[120.3247,-3.5827],[120.3249,-3.5883],[120.3289,-3.5855],[120.3369,-3.5851],[120.3569,-3.5971],[120.3585,-3.5955],[120.3666,-3.594],[120.3763,-3.5944],[120.3804,-3.59],[120.3832,-3.5782],[120.3886,-3.5696],[120.3875,-3.5675],[120.3897,-3.5648],[120.3899,-3.5613],[120.4049,-3.5589],[120.4055,-3.561],[120.4088,-3.5619],[120.4097,-3.5641],[120.4128,-3.5642],[120.416,-3.5683],[120.4186,-3.5857],[120.4196,-3.6071],[120.4179,-3.617],[120.4156,-3.6198],[120.4182,-3.6265],[120.4158,-3.6293],[120.4178,-3.6322],[120.4118,-3.6403],[120.4151,-3.6418],[120.4117,-3.6416],[120.4123,-3.6451],[120.4144,-3.6457],[120.4118,-3.651]]],"type":"MultiPolygon"}},{"type":"Feature","properties":{"id_kec":"73.17.11","nama_kec":"Ponrang","id_kab":"7317","nama_kab":"Luwu"},"geometry":{"coordinates":[[[120.2959,-3.2521],[120.2898,-3.2469],[120.2831,-3.2373],[120.2689,-3.2463],[120.2633,-3.2471],[120.2614,-3.2507],[120.2548,-3.2545],[120.245,-3.2455],[120.2534,-3.2403],[120.2525,-3.2384],[120.2558,-3.233],[120.2624,-3.2312],[120.2637,-3.2291],[120.2629,-3.2234],[120.257,-3.2182],[120.2586,-3.2118],[120.2569,-3.2055],[120.2541,-3.2028],[120.2493,-3.2067],[120.2428,-3.2056],[120.2346,-3.2124],[120.2291,-3.2145],[120.2186,-3.2096],[120.2133,-3.2097],[120.2097,-3.2125],[120.2014,-3.2066],[120.197,-3.2099],[120.1931,-3.2102],[120.1888,-3.2084],[120.1829,-3.2115],[120.1729,-3.2112],[120.1702,-3.2105],[120.1663,-3.2036],[120.1633,-3.2025],[120.1613,-3.1941],[120.156,-3.1926],[120.1477,-3.1857],[120.1458,-3.1833],[120.1462,-3.1804],[120.1559,-3.1835],[120.17,-3.1721],[120.1777,-3.1774],[120.1923,-3.1731],[120.2006,-3.1756],[120.2043,-3.173],[120.2119,-3.1778],[120.2353,-3.1793],[120.2375,-3.1836],[120.2405,-3.1842],[120.2426,-3.1826],[120.2435,-3.1838],[120.2586,-3.1848],[120.2633,-3.1832],[120.262,-3.1798],[120.2631,-3.1778],[120.2606,-3.1753999999999998],[120.263,-3.1724],[120.2636,-3.1674],[120.2664,-3.1665],[120.2716,-3.1682],[120.2752,-3.1653],[120.2776,-3.1671],[120.2812,-3.1656],[120.2913,-3.1686],[120.2919,-3.1707],[120.2934,-3.1702],[120.2987,-3.1753999999999998],[120.304,-3.1779],[120.3102,-3.1779],[120.3134,-3.1803],[120.3211,-3.1813],[120.3262,-3.1856],[120.3281,-3.1846],[120.3387,-3.1873],[120.3562,-3.1982],[120.36,-3.1961],[120.3669,-3.1981],[120.3626,-3.2049],[120.3596,-3.215],[120.3442,-3.219],[120.3383,-3.2188],[120.3362,-3.2229],[120.3265,-3.2282],[120.3214,-3.2363],[120.3062,-3.2483],[120.3016,-3.2559],[120.2978,-3.2547],[120.2959,-3.2521]]],"type":"MultiPolygon"}},{"type":"Feature","properties":{"id_kec":"73.17.12","nama_kec":"Latimojong","id_kab":"7317","nama_kab":"Luwu"},"geometry":{"coordinates":[[[120.0983,-3.4787],[120.0983,-3.4753],[120.0915,-3.4708],[120.0781,-3.4506],[120.0724,-3.4473],[120.066,-3.438],[120.0597,-3.4144],[120.053,-3.4045],[120.0509,-3.4037],[120.0431,-3.4053],[120.0318,-3.4034],[120.026,-3.3907],[120.0181,-3.3869],[120.0213,-3.3785],[120.0277,-3.3794],[120.0298,-3.3761],[120.04,-3.3718],[120.0438,-3.3587],[120.0435,-3.3517],[120.0363,-3.3406],[120.0373,-3.3387],[120.03,-3.3197],[120.0308,-3.3176],[120.0355,-3.3204],[120.0484,-3.3179],[120.0485,-3.3145],[120.0528,-3.3131],[120.0525,-3.3068],[120.0576,-3.3021],[120.0619,-3.3015],[120.0653,-3.299],[120.0719,-3.2894],[120.0794,-3.2822],[120.0859,-3.2792],[120.1089,-3.2735],[120.1089,-3.2674],[120.1162,-3.258],[120.1216,-3.259],[120.1191,-3.2616],[120.1228,-3.2625],[120.1235,-3.2654],[120.125,-3.2609],[120.1307,-3.2663],[120.1327,-3.2631],[120.1329,-3.2674],[120.1343,-3.2685],[120.1355,-3.2669],[120.1336,-3.2598],[120.1412,-3.264],[120.1435,-3.2626],[120.1446,-3.2649],[120.1457,-3.26],[120.1494,-3.2619],[120.1532,-3.2599],[120.154,-3.2636],[120.1557,-3.2623],[120.1574,-3.2643],[120.1593,-3.2624],[120.1613,-3.2649],[120.1645,-3.2639],[120.165,-3.265],[120.1672,-3.2634],[120.1681,-3.2707],[120.1708,-3.2695],[120.1766,-3.2702],[120.1746,-3.2738],[120.1727,-3.2917],[120.1637,-3.2988],[120.1627,-3.3174],[120.1639,-3.326],[120.162,-3.331],[120.175,-3.3358],[120.176,-3.3423],[120.1803,-3.3446],[120.1876,-3.3559],[120.1915,-3.3573],[120.1964,-3.3619],[120.1998,-3.3625],[120.2029,-3.3608],[120.2117,-3.3699],[120.2131,-3.3808],[120.2113,-3.3821],[120.2063,-3.3808],[120.2024,-3.386],[120.203,-3.3903],[120.1968,-3.3934],[120.1837,-3.3885],[120.1806,-3.3894],[120.1798,-3.4019],[120.1779,-3.4048],[120.1788,-3.4135],[120.1731,-3.4147],[120.1707,-3.4168],[120.1682,-3.4262],[120.17,-3.4304],[120.1689,-3.434],[120.1596,-3.4424],[120.1604,-3.4496],[120.1642,-3.4558],[120.1569,-3.4727],[120.1579,-3.4844],[120.1615,-3.4886],[120.1655,-3.4885],[120.1698,-3.4915],[120.1754,-3.497],[120.1741,-3.5005],[120.1715,-3.5007],[120.1706,-3.498],[120.1678,-3.4976],[120.1495,-3.5023],[120.1454,-3.5004],[120.1358,-3.5008],[120.1251,-3.491],[120.117,-3.4866],[120.1026,-3.4877],[120.1015,-3.4853],[120.0986,-3.4858],[120.0961,-3.4831],[120.0983,-3.4787]]],"type":"MultiPolygon"}},{"type":"Feature","properties":{"id_kec":"73.17.13","nama_kec":"Kamanre","id_kab":"7317","nama_kab":"Luwu"},"geometry":{"coordinates":[[[120.3243,-3.3497],[120.3222,-3.3401],[120.3261,-3.333],[120.3193,-3.3319],[120.3126,-3.3237],[120.2998,-3.3164],[120.2956,-3.3111],[120.2981,-3.3001],[120.2877,-3.2998],[120.2873,-3.298],[120.2905,-3.2946],[120.2977,-3.2935],[120.3001,-3.2914],[120.3065,-3.2899],[120.3101,-3.2917],[120.3122,-3.2907],[120.3162,-3.2917],[120.3213,-3.2948],[120.3252,-3.2943],[120.3292,-3.2969],[120.3323,-3.2962],[120.3325,-3.2986],[120.3369,-3.2951],[120.3417,-3.2984],[120.3428,-3.2965],[120.3493,-3.2972],[120.3538,-3.2952],[120.36279999999999,-3.2956],[120.3709,-3.289],[120.3772,-3.2874],[120.3811,-3.2811],[120.3853,-3.2801],[120.3869,-3.285],[120.3989,-3.2891],[120.4017,-3.2941],[120.4063,-3.2976],[120.4066,-3.3057],[120.4012,-3.3086],[120.3974,-3.3146],[120.3981,-3.3236],[120.4015,-3.333],[120.3988,-3.3325],[120.3967,-3.3345],[120.3957,-3.3331],[120.3826,-3.3323],[120.3766,-3.3358],[120.3684,-3.3362],[120.3449,-3.3502],[120.3432,-3.3476],[120.337,-3.3484],[120.3304,-3.3471],[120.3256,-3.351],[120.3243,-3.3497]],[[120.276,-3.2908],[120.2792,-3.2877],[120.2847,-3.2877],[120.283,-3.291],[120.276,-3.2908]]],"type":"MultiPolygon"}},{"type":"Feature","properties":{"id_kec":"73.17.14","nama_kec":"Belopa Utara","id_kab":"7317","nama_kab":"Luwu"},"geometry":{"coordinates":[[[120.3738,-3.3839],[120.3608,-3.3822],[120.3579,-3.3769],[120.3535,-3.3742],[120.3426,-3.3733],[120.3386,-3.3644],[120.3388,-3.3626],[120.3444,-3.3579],[120.345,-3.3502],[120.3684,-3.3362],[120.3766,-3.3358],[120.3826,-3.3323],[120.3957,-3.3331],[120.3967,-3.3345],[120.3988,-3.3325],[120.4024,-3.332],[120.4045,-3.3406],[120.4013,-3.3489],[120.3993,-3.3495],[120.402,-3.3559],[120.3975,-3.3658],[120.399,-3.3669],[120.3989,-3.3723],[120.4004,-3.3741],[120.399,-3.3823],[120.3738,-3.3839]]],"type":"MultiPolygon"}},{"type":"Feature","properties":{"id_kec":"73.17.15","nama_kec":"Walenrang Barat","id_kab":"7317","nama_kab":"Luwu"},"geometry":{"coordinates":[[[120.0517,-2.8338],[120.0621,-2.8369],[120.0739,-2.8492],[120.0764,-2.8487],[120.0786,-2.8509],[120.0811,-2.8497],[120.0853,-2.8521],[120.0961,-2.8515],[120.1021,-2.854],[120.0997,-2.8588],[120.1025,-2.8727],[120.099,-2.8792],[120.0914,-2.8862],[120.0887,-2.8915],[120.0891,-2.8979],[120.0784,-2.8998],[120.0714,-2.9033],[120.0597,-2.9037],[120.0578,-2.9076],[120.0581,-2.9122],[120.0509,-2.9201],[120.0436,-2.9247],[120.0431,-2.9229],[120.0292,-2.9157],[120.024,-2.9105],[120.0167,-2.9089],[120.0121,-2.905],[120.0046,-2.9019],[120.0025,-2.8989],[120.0028,-2.8914],[120.0012,-2.8877],[119.9977,-2.8855],[119.991,-2.8768],[119.9899,-2.87],[119.9836,-2.8606],[119.9677,-2.8591],[119.9629,-2.8561],[119.9597,-2.8506],[119.9554,-2.8472],[119.9538,-2.8348],[119.9517,-2.8302],[119.9597,-2.8149],[119.9602,-2.8063],[119.9567,-2.8014],[119.9505,-2.8003999999999998],[119.9482,-2.7929],[119.9413,-2.7807],[119.9351,-2.7791],[119.9261,-2.7816],[119.9201,-2.7777],[119.9092,-2.7785],[119.9024,-2.7748],[119.898,-2.7757],[119.8816,-2.7633],[119.8743,-2.7544],[119.8723,-2.7501],[119.8721,-2.7407],[119.8774,-2.7371],[119.899,-2.7336],[119.9018,-2.7264],[119.9078,-2.7234],[119.9157,-2.723],[119.9269,-2.7283],[119.9481,-2.7173],[119.9571,-2.7177],[119.986,-2.7087],[119.9939,-2.7021],[119.9964,-2.7108],[120.0073,-2.7272],[120.0063,-2.7322],[120.0079,-2.7357],[120.0117,-2.7382],[120.0181,-2.7378999999999998],[120.0242,-2.7488],[120.0297,-2.7522],[120.0331,-2.7604],[120.0297,-2.7642],[120.03,-2.768],[120.0441,-2.7764],[120.0487,-2.7829],[120.049,-2.7911],[120.0549,-2.7954],[120.0543,-2.8096],[120.057,-2.8164],[120.0571,-2.8219],[120.0517,-2.8306],[120.0517,-2.8338]]],"type":"MultiPolygon"}},{"type":"Feature","properties":{"id_kec":"73.17.16","nama_kec":"Walenrang Utara","id_kab":"7317","nama_kab":"Luwu"},"geometry":{"coordinates":[[[120.0931,-2.8511],[120.0862,-2.8522],[120.0811,-2.8497],[120.0786,-2.8509],[120.0764,-2.8487],[120.0739,-2.8492],[120.0621,-2.8369],[120.0517,-2.8338],[120.0517,-2.8306],[120.0571,-2.8219],[120.057,-2.8164],[120.0543,-2.8096],[120.0549,-2.7954],[120.049,-2.7911],[120.0487,-2.7829],[120.0441,-2.7764],[120.03,-2.768],[120.0297,-2.7642],[120.0331,-2.7604],[120.0297,-2.7522],[120.0242,-2.7488],[120.0181,-2.7378999999999998],[120.0117,-2.7382],[120.0079,-2.7357],[120.0063,-2.7322],[120.0073,-2.7272],[119.9964,-2.7108],[119.9939,-2.7021],[120.0157,-2.6977],[120.0459,-2.701],[120.0501,-2.6971],[120.0574,-2.694],[120.0603,-2.6905],[120.0648,-2.6907],[120.0688,-2.6959],[120.0719,-2.6974],[120.0822,-2.6954],[120.0901,-2.6852],[120.094,-2.6748],[120.1019,-2.6659],[120.1113,-2.6718],[120.1241,-2.6744],[120.1298,-2.6737],[120.1346,-2.6771],[120.1384,-2.6818],[120.1398,-2.6903],[120.136,-2.6979],[120.1336,-2.6976],[120.1309,-2.7031],[120.1392,-2.7085],[120.1376,-2.7105],[120.1418,-2.7134],[120.1451,-2.7192],[120.1596,-2.7263],[120.1539,-2.7273],[120.157,-2.7312],[120.1667,-2.7333],[120.1684,-2.7355],[120.1711,-2.736],[120.1738,-2.7498],[120.179,-2.7557],[120.1824,-2.7639],[120.1868,-2.7672],[120.1768,-2.7725],[120.1767,-2.777],[120.1727,-2.7816],[120.1646,-2.784],[120.1657,-2.7896],[120.1634,-2.7896],[120.1591,-2.793],[120.1503,-2.8017],[120.1512,-2.8038],[120.1488,-2.8043],[120.1467,-2.8083],[120.1367,-2.8112],[120.1332,-2.8137],[120.133,-2.8198],[120.1342,-2.8211],[120.1329,-2.827],[120.136,-2.8303],[120.1317,-2.8367],[120.1228,-2.8436],[120.1125,-2.8464],[120.1101,-2.8502],[120.1021,-2.854],[120.0931,-2.8511]]],"type":"MultiPolygon"}},{"type":"Feature","properties":{"id_kec":"73.17.17","nama_kec":"Walenrang Timur","id_kab":"7317","nama_kab":"Luwu"},"geometry":{"coordinates":[[[120.2464,-2.915],[120.2445,-2.9199],[120.245,-2.9229],[120.2463,-2.923],[120.245,-2.925],[120.2499,-2.9256],[120.2548,-2.9373],[120.2645,-2.9352],[120.2662,-2.9385],[120.2555,-2.9459],[120.2516,-2.9437],[120.2495,-2.9466],[120.2468,-2.9453],[120.2384,-2.9475],[120.2313,-2.9538],[120.2277,-2.9509],[120.2271,-2.9481],[120.2241,-2.9465],[120.2263,-2.9443],[120.2254,-2.9421],[120.2286,-2.9427],[120.2269,-2.9398],[120.2327,-2.9397],[120.2296,-2.9358],[120.2305,-2.9342],[120.2278,-2.9339],[120.2287,-2.9326],[120.2262,-2.9293],[120.2267,-2.9268],[120.2244,-2.9274],[120.2234,-2.9251],[120.2223,-2.9273],[120.2208,-2.9239],[120.2191,-2.9248],[120.2198,-2.9217],[120.2182,-2.9214],[120.2162,-2.9154],[120.2157,-2.9126],[120.2182,-2.9075],[120.2173,-2.9034],[120.2208,-2.9028],[120.217,-2.8964],[120.2083,-2.8946],[120.1995,-2.8902],[120.1928,-2.8916],[120.182,-2.8903],[120.1797,-2.8917],[120.1774,-2.8876],[120.1735,-2.889],[120.1711,-2.8867],[120.173,-2.8765],[120.1654,-2.8737],[120.1583,-2.8624],[120.1579,-2.8574],[120.1597,-2.8547],[120.1587,-2.8505],[120.1679,-2.8477],[120.1703,-2.8424],[120.1803,-2.8349],[120.1828,-2.8383],[120.1886,-2.8382],[120.1917,-2.8451],[120.195,-2.8413],[120.1976,-2.8428],[120.1983,-2.8457],[120.201,-2.8442],[120.1996,-2.8474],[120.2046,-2.8493],[120.2108,-2.8494],[120.2119,-2.8472],[120.2125,-2.8495],[120.2163,-2.8455],[120.2207,-2.8447],[120.2291,-2.8479],[120.231,-2.8527],[120.2295,-2.8548],[120.2323,-2.8569],[120.2292,-2.8599],[120.2307,-2.8645],[120.2292,-2.8652],[120.2317,-2.866],[120.2293,-2.8669],[120.2301,-2.8757],[120.2316,-2.8744],[120.233,-2.8753],[120.2327,-2.8777],[120.2353,-2.8785],[120.2346,-2.8804],[120.2361,-2.8802],[120.2363,-2.8831],[120.2386,-2.8835],[120.2389,-2.8857],[120.2408,-2.8861],[120.2406,-2.8892],[120.2439,-2.8919],[120.2427,-2.8934],[120.2451,-2.8923],[120.2457,-2.8988],[120.247,-2.9002],[120.2487,-2.8985],[120.2484,-2.9003],[120.2506,-2.9015],[120.2478,-2.9022],[120.2474,-2.9037],[120.2463,-2.9022],[120.2462,-2.904],[120.2448,-2.9032],[120.2416,-2.9065],[120.2447,-2.9078],[120.2462,-2.9066],[120.2455,-2.9084],[120.2481,-2.9088],[120.2464,-2.915]]],"type":"MultiPolygon"}},{"type":"Feature","properties":{"id_kec":"73.17.18","nama_kec":"Lamasi Timur","id_kab":"7317","nama_kab":"Luwu"},"geometry":{"coordinates":[[[120.2681,-2.8951],[120.2832,-2.9017],[120.2817,-2.9041],[120.2848,-2.9053],[120.2847,-2.9087],[120.287,-2.9091],[120.2879,-2.9158],[120.2859,-2.9212],[120.2832,-2.921],[120.2794,-2.9287],[120.2713,-2.934],[120.2686,-2.9328],[120.2645,-2.9352],[120.2548,-2.9373],[120.2499,-2.9256],[120.245,-2.925],[120.2463,-2.923],[120.245,-2.9229],[120.2445,-2.9199],[120.2483,-2.9091],[120.2455,-2.9084],[120.2462,-2.9066],[120.2447,-2.9078],[120.2416,-2.9065],[120.2448,-2.9032],[120.2462,-2.904],[120.2463,-2.9022],[120.2474,-2.9037],[120.2478,-2.9022],[120.2506,-2.9015],[120.2484,-2.9003],[120.2487,-2.8985],[120.247,-2.9002],[120.2457,-2.8988],[120.2451,-2.8923],[120.2427,-2.8934],[120.2439,-2.8919],[120.2406,-2.8892],[120.2408,-2.8861],[120.2389,-2.8857],[120.2386,-2.8835],[120.2363,-2.8831],[120.2361,-2.8802],[120.2346,-2.8804],[120.2353,-2.8785],[120.2327,-2.8777],[120.233,-2.8753],[120.23,-2.8754],[120.2293,-2.8669],[120.2317,-2.866],[120.2292,-2.8652],[120.2307,-2.8645],[120.2292,-2.8599],[120.2323,-2.8569],[120.2295,-2.8548],[120.231,-2.853],[120.2296,-2.8485],[120.2207,-2.8447],[120.2163,-2.8455],[120.2125,-2.8495],[120.2119,-2.8472],[120.2108,-2.8494],[120.2046,-2.8493],[120.1996,-2.8474],[120.201,-2.8442],[120.1983,-2.8457],[120.1976,-2.8428],[120.195,-2.8413],[120.1917,-2.8451],[120.1886,-2.8382],[120.1828,-2.8383],[120.1803,-2.8349],[120.1847,-2.8241],[120.1901,-2.8205],[120.2055,-2.824],[120.2104,-2.8238],[120.2119,-2.8195],[120.2252,-2.8161],[120.2283,-2.812],[120.2314,-2.8108],[120.2377,-2.8143],[120.2449,-2.8149],[120.2448,-2.8213],[120.2476,-2.8221],[120.2491,-2.8266],[120.2509,-2.8235],[120.2604,-2.8238],[120.2582,-2.8264],[120.2589,-2.8292],[120.2565,-2.8301],[120.2553,-2.8333],[120.2556,-2.8383],[120.2611,-2.8416],[120.2602,-2.8478],[120.2644,-2.8485],[120.2662,-2.8516],[120.2677,-2.8511],[120.27,-2.8537],[120.2713,-2.8569],[120.2704,-2.8599],[120.2768,-2.8676],[120.2738,-2.8728],[120.2733,-2.8765],[120.2746,-2.8774],[120.273,-2.8786],[120.2741,-2.8834],[120.2713,-2.8866],[120.2725,-2.8886],[120.267,-2.8914],[120.2681,-2.8951]]],"type":"MultiPolygon"}},{"type":"Feature","properties":{"id_kec":"73.17.19","nama_kec":"Suli Barat","id_kab":"7317","nama_kab":"Luwu"},"geometry":{"coordinates":[[[120.3519,-3.5025],[120.3423,-3.5012],[120.3304,-3.5057],[120.3264,-3.5048],[120.3261,-3.5063],[120.3248,-3.5053],[120.3131,-3.507],[120.3066,-3.5043],[120.2974,-3.5061],[120.2883,-3.505],[120.2815,-3.5082],[120.2753,-3.509],[120.2566,-3.5069],[120.2442,-3.5087],[120.2189,-3.505],[120.2123,-3.507],[120.2098,-3.5098],[120.1842,-3.514],[120.1741,-3.5005],[120.1754,-3.497],[120.1668,-3.4893],[120.16,-3.4876],[120.1579,-3.4844],[120.1569,-3.4727],[120.1642,-3.4558],[120.1604,-3.4496],[120.1596,-3.4424],[120.1689,-3.434],[120.17,-3.4304],[120.1682,-3.4262],[120.1699,-3.4183],[120.1758,-3.4137],[120.1828,-3.4157],[120.1914,-3.414],[120.1955,-3.4157],[120.2182,-3.4062],[120.2335,-3.4019],[120.2349,-3.406],[120.238,-3.407],[120.2409,-3.4052],[120.2435,-3.3992],[120.2475,-3.3989],[120.2569,-3.4062],[120.2626,-3.4033],[120.2677,-3.4036],[120.2725,-3.406],[120.2769,-3.4046],[120.2821,-3.4108],[120.2909,-3.4143],[120.2962,-3.4384],[120.302,-3.44],[120.3056,-3.4456],[120.3066,-3.4494],[120.2946,-3.4608],[120.3022,-3.4674],[120.3047,-3.4676],[120.3046,-3.4735],[120.3108,-3.4724],[120.3102,-3.4759],[120.3142,-3.4741],[120.316,-3.4789],[120.3177,-3.4782],[120.3209,-3.4809],[120.3254,-3.4806],[120.3275,-3.4832],[120.3278,-3.4807],[120.3303,-3.4823],[120.3329,-3.479],[120.3362,-3.4801],[120.3405,-3.476],[120.344,-3.475],[120.3406,-3.4728],[120.3449,-3.4723],[120.3457,-3.4685],[120.3436,-3.4688],[120.3432,-3.4705],[120.3419,-3.4696],[120.3436,-3.4668],[120.3461,-3.4673],[120.3472,-3.4633],[120.3499,-3.4643],[120.3496,-3.4682],[120.351,-3.4702],[120.3588,-3.471],[120.3626,-3.4872],[120.3559,-3.4906],[120.3568,-3.4946],[120.3557,-3.5009],[120.3519,-3.5025]]],"type":"MultiPolygon"}},{"type":"Feature","properties":{"id_kec":"73.17.20","nama_kec":"Bajo Barat","id_kab":"7317","nama_kab":"Luwu"},"geometry":{"coordinates":[[[120.2676,-3.4038],[120.2605,-3.4036],[120.2569,-3.4062],[120.2475,-3.3989],[120.2435,-3.3992],[120.2409,-3.4052],[120.238,-3.407],[120.2349,-3.406],[120.2335,-3.4019],[120.2182,-3.4062],[120.1955,-3.4157],[120.1905,-3.414],[120.1828,-3.4157],[120.1786,-3.4138],[120.1779,-3.4048],[120.1798,-3.4019],[120.1806,-3.3894],[120.1837,-3.3885],[120.195,-3.3935],[120.1987,-3.3929],[120.203,-3.3903],[120.2024,-3.386],[120.2063,-3.3808],[120.2125,-3.3816],[120.2131,-3.3749],[120.2117,-3.3699],[120.2029,-3.3608],[120.1998,-3.3625],[120.1964,-3.3619],[120.1915,-3.3573],[120.1876,-3.3559],[120.1803,-3.3446],[120.176,-3.3423],[120.175,-3.3358],[120.1778,-3.3345],[120.1864,-3.3367],[120.1943,-3.3417],[120.2034,-3.3333],[120.2083,-3.3308],[120.2082,-3.3134],[120.213,-3.3106],[120.214,-3.3075],[120.2321,-3.309],[120.2387,-3.3016],[120.2481,-3.3001],[120.2528,-3.2954],[120.2542,-3.2973],[120.2482,-3.3058],[120.2485,-3.3107],[120.2573,-3.3175],[120.2622,-3.3145],[120.2657,-3.3186],[120.2683,-3.3333],[120.28,-3.3365],[120.2833,-3.3478],[120.2859,-3.3491],[120.2856,-3.3522],[120.2934,-3.3575],[120.2949,-3.3612],[120.2948,-3.3659],[120.2911,-3.3725],[120.2941,-3.3808],[120.2831,-3.3823],[120.2822,-3.3926],[120.277,-3.4048],[120.2725,-3.406],[120.2676,-3.4038]]],"type":"MultiPolygon"}},{"type":"Feature","properties":{"id_kec":"73.17.21","nama_kec":"Ponrang Selatan","id_kab":"7317","nama_kab":"Luwu"},"geometry":{"coordinates":[[[120.3436,-3.2968],[120.3417,-3.2984],[120.3369,-3.2951],[120.3325,-3.2986],[120.3323,-3.2962],[120.3292,-3.2969],[120.3252,-3.2943],[120.3213,-3.2948],[120.3162,-3.2917],[120.3122,-3.2907],[120.3101,-3.2917],[120.3071,-3.2899],[120.3001,-3.2914],[120.2982,-3.2933],[120.291,-3.288],[120.2913,-3.282],[120.2895,-3.2777],[120.2899,-3.2633],[120.2978,-3.2547],[120.3016,-3.2559],[120.3039,-3.2541],[120.3062,-3.2483],[120.3214,-3.2363],[120.3265,-3.2282],[120.3362,-3.2229],[120.3383,-3.2188],[120.3442,-3.219],[120.3596,-3.215],[120.3626,-3.2049],[120.3659,-3.1996],[120.3722,-3.1992],[120.3793,-3.2024],[120.3809,-3.2017],[120.3835,-3.21],[120.381,-3.2235],[120.3879,-3.229],[120.3858,-3.2408],[120.3886,-3.2446],[120.3884,-3.2511],[120.3904,-3.2513],[120.397,-3.258],[120.4057,-3.2608],[120.4112,-3.2587],[120.4118,-3.2544],[120.4176,-3.2484],[120.416,-3.2572],[120.4182,-3.263],[120.4209,-3.2646],[120.4196,-3.2696],[120.4134,-3.275],[120.4083,-3.2758],[120.4054,-3.2782],[120.3989,-3.2891],[120.3873,-3.2852],[120.3863,-3.2809],[120.3845,-3.2801],[120.3806,-3.2815],[120.3772,-3.2874],[120.3709,-3.289],[120.3641,-3.2953],[120.3436,-3.2968]]],"type":"MultiPolygon"}},{"type":"Feature","properties":{"id_kec":"73.24.01","nama_kec":"Mangkutana","id_kab":"7324","nama_kab":"Luwu Timur"},"geometry":{"coordinates":[[[120.8497,-2.5],[120.8473,-2.5018],[120.844,-2.4987],[120.8419,-2.5003],[120.8407,-2.4968],[120.8404,-2.4995],[120.838,-2.4978],[120.8379,-2.5003],[120.8356,-2.4985],[120.8365,-2.4999],[120.8353,-2.5014],[120.8346,-2.5001],[120.8328,-2.5008],[120.8324,-2.4989],[120.8278,-2.5023],[120.8278,-2.5],[120.8245,-2.5009],[120.8241,-2.4977],[120.8226,-2.4985],[120.8223,-2.5013],[120.8205,-2.4982],[120.813,-2.4977],[120.8122,-2.4993],[120.8089,-2.5],[120.8073,-2.5034],[120.8007,-2.5054],[120.7944,-2.5029],[120.7914,-2.4985],[120.7868,-2.498],[120.7857,-2.495],[120.7828,-2.4936],[120.7789,-2.4956],[120.778,-2.4933],[120.7793,-2.4919],[120.7763,-2.4909],[120.7718,-2.4787],[120.7668,-2.4801],[120.7654,-2.4832],[120.7635,-2.4809],[120.7649,-2.4769],[120.755,-2.4724],[120.7507,-2.4754],[120.7494,-2.4786],[120.7382,-2.4768],[120.7299,-2.4813],[120.7253,-2.482],[120.7225,-2.4785],[120.7146,-2.4796],[120.7083,-2.4759],[120.7013,-2.4756],[120.7,-2.4712],[120.6973,-2.4698],[120.6956,-2.4662],[120.6855,-2.4615],[120.6801,-2.454],[120.6759,-2.443],[120.6709,-2.439],[120.6712,-2.4356],[120.6679,-2.4298],[120.669,-2.4279],[120.6646,-2.4249],[120.6691,-2.4198],[120.6625,-2.4176],[120.6619,-2.4161],[120.6641,-2.4144],[120.6616,-2.4065],[120.6514,-2.4022],[120.6517,-2.4],[120.6451,-2.3949],[120.6415,-2.3811],[120.625,-2.3613],[120.6102,-2.3554],[120.6063,-2.3519],[120.5945,-2.3507],[120.5891,-2.3494],[120.5859,-2.3466],[120.5633,-2.341],[120.5525,-2.3364],[120.5443,-2.3302],[120.5384,-2.3291],[120.5266,-2.3233],[120.5197,-2.3213],[120.5169,-2.322],[120.5123,-2.3171],[120.5084,-2.3012],[120.4983,-2.2861],[120.4923,-2.282],[120.4832,-2.28],[120.4799,-2.2726],[120.4776,-2.2718],[120.4742,-2.2625],[120.4736,-2.2564],[120.4717,-2.254],[120.472,-2.2471],[120.4754,-2.2406],[120.4863,-2.2319],[120.4886,-2.2241],[120.487,-2.2198],[120.4891,-2.2149],[120.4882,-2.2115],[120.4897,-2.209],[120.5008,-2.205],[120.5029,-2.2009],[120.5081,-2.1807],[120.5089,-2.1701],[120.5074,-2.1654],[120.5122,-2.1534],[120.5183,-2.1478],[120.5201,-2.144],[120.5151,-2.1262],[120.5128,-2.098],[120.5187,-2.09],[120.5155,-2.0824],[120.5107,-2.0784],[120.5082,-2.0695],[120.5123,-2.0604],[120.5213,-2.051],[120.5397,-2.0703],[120.5433,-2.0783],[120.5782,-2.1162],[120.5803,-2.1226],[120.6151,-2.1567],[120.6684,-2.1923],[120.6766,-2.1957],[120.6853,-2.2054],[120.6992,-2.2108],[120.7174,-2.2233],[120.7256,-2.2267],[120.7423,-2.2303],[120.7566,-2.239],[120.791,-2.2385],[120.805,-2.2253],[120.8169,-2.2341],[120.8416,-2.2631],[120.8458,-2.2785],[120.8442,-2.2921],[120.8482,-2.2988],[120.846,-2.306],[120.8486,-2.3096],[120.8486,-2.3209],[120.8542,-2.3318],[120.8444,-2.3411],[120.84,-2.3506],[120.8342,-2.3583],[120.834,-2.3735],[120.8362,-2.3777],[120.8316,-2.3835],[120.8311,-2.3897],[120.8338,-2.3927],[120.8322,-2.397],[120.8385,-2.4078],[120.845,-2.4144],[120.847,-2.4143],[120.8499,-2.4209],[120.8561,-2.4227],[120.8596,-2.428],[120.8575,-2.4293],[120.8511,-2.4292],[120.8511,-2.4281],[120.8423,-2.4253],[120.839,-2.4255],[120.8407,-2.4307],[120.8384,-2.4427],[120.8416,-2.4456],[120.8385,-2.4503],[120.8427,-2.4552],[120.8383,-2.4564],[120.8391,-2.4589],[120.8361,-2.4629],[120.8415,-2.4638],[120.8446,-2.467],[120.848,-2.4668],[120.8479,-2.4691],[120.8507,-2.4695],[120.8483,-2.4744],[120.8491,-2.4756],[120.8511,-2.4759],[120.8513,-2.4743],[120.8545,-2.4735],[120.8537,-2.477],[120.8499,-2.4799],[120.8507,-2.4815],[120.8564,-2.479],[120.8594,-2.4754],[120.8658,-2.4757],[120.8657,-2.478],[120.8632,-2.4787],[120.8645,-2.48],[120.8696,-2.475],[120.8711,-2.4755],[120.8691,-2.4791],[120.872,-2.4803],[120.875,-2.4788],[120.8748,-2.4826],[120.8764,-2.4835],[120.8778,-2.4794],[120.8798,-2.4798],[120.881,-2.482],[120.8771,-2.4838],[120.8781,-2.4859],[120.8822,-2.4856],[120.8825,-2.4891],[120.8843,-2.4858],[120.8855,-2.4876],[120.8839,-2.4908],[120.8879,-2.49],[120.8845,-2.4914],[120.8844,-2.4945],[120.8816,-2.4957],[120.8831,-2.497],[120.8794,-2.5002],[120.8856,-2.5019],[120.8853,-2.5042],[120.8824,-2.5045],[120.8831,-2.5058],[120.8877,-2.5051],[120.8868,-2.5068],[120.8809,-2.507],[120.8809,-2.5056],[120.8788,-2.505],[120.8766,-2.5067],[120.8753,-2.505],[120.8748,-2.5063],[120.871,-2.5046],[120.8693,-2.5063],[120.8702,-2.5045],[120.8681,-2.503],[120.8658,-2.5077],[120.865,-2.5059],[120.8603,-2.5061],[120.8612,-2.5042],[120.8592,-2.5055],[120.8564,-2.5015],[120.8539,-2.5024],[120.8531,-2.5006],[120.8508,-2.502],[120.8518,-2.4991],[120.8502,-2.4976],[120.8497,-2.5]]],"type":"MultiPolygon"}},{"type":"Feature","properties":{"id_kec":"73.24.02","nama_kec":"Nuha","id_kab":"7324","nama_kab":"Luwu Timur"},"geometry":{"coordinates":[[[121.3166,-2.388],[121.4097,-2.4106],[121.4162,-2.4066],[121.4406,-2.4068],[121.4421,-2.405],[121.447,-2.4116],[121.4603,-2.4198],[121.4688,-2.4216],[121.4903,-2.4302],[121.5013,-2.4526],[121.5066,-2.4516],[121.5129,-2.455],[121.516,-2.4599],[121.5274,-2.462],[121.5285,-2.4636],[121.5222,-2.4709],[121.5168,-2.4724],[121.5083,-2.4822],[121.508,-2.4973],[121.5051,-2.5021],[121.5048,-2.5104],[121.5026,-2.5183],[121.5032,-2.5273],[121.4991,-2.5307],[121.5,-2.5334],[121.4985,-2.5414],[121.5,-2.545],[121.4999,-2.5516],[121.4862,-2.5628],[121.485,-2.5695],[121.4826,-2.5725],[121.4739,-2.5726],[121.467,-2.5826],[121.4407,-2.6014],[121.4309,-2.6031],[121.4079,-2.6017],[121.3935,-2.6083],[121.3818,-2.6167],[121.3765,-2.6087],[121.372,-2.598],[121.3714,-2.5928],[121.378,-2.5751],[121.3351,-2.582],[121.3252,-2.5618],[121.326,-2.5587],[121.3248,-2.5558],[121.3052,-2.548],[121.2873,-2.5498],[121.2836,-2.5549],[121.2826,-2.5461],[121.2793,-2.5439],[121.2749,-2.5363],[121.2652,-2.5364],[121.2628,-2.5408],[121.2634,-2.5455],[121.262,-2.5479],[121.2597,-2.5458],[121.2566,-2.5336],[121.2527,-2.5276],[121.2082,-2.5188],[121.2017,-2.516],[121.1112,-2.5013],[121.0945,-2.4323],[121.0369,-2.2753],[121.0501,-2.2674],[121.0617,-2.2673],[121.0919,-2.2732],[121.1051,-2.2792],[121.1127,-2.2909],[121.1408,-2.3204],[121.1459,-2.3342],[121.1505,-2.3416],[121.1629,-2.3514],[121.1756,-2.3698],[121.181,-2.3749],[121.1854,-2.3755],[121.205,-2.3717],[121.2306,-2.3613],[121.2406,-2.3666],[121.2986,-2.378],[121.3166,-2.388]]],"type":"MultiPolygon"}},{"type":"Feature","properties":{"id_kec":"73.24.03","nama_kec":"Towuti","id_kab":"7324","nama_kab":"Luwu Timur"},"geometry":{"coordinates":[[[121.3935,-2.9389],[121.3996,-2.9376],[121.4101,-2.9293],[121.425,-2.9255],[121.4273,-2.9235],[121.4423,-2.9314],[121.4603,-2.9314],[121.4848,-2.9288],[121.4882,-2.9253],[121.4897,-2.9153],[121.4861,-2.9129],[121.4796,-2.9115],[121.4845,-2.9108],[121.4899,-2.9134],[121.4906,-2.9118],[121.4982,-2.909],[121.5016,-2.9038],[121.5036,-2.8911],[121.5055,-2.8891],[121.5159,-2.884],[121.5186,-2.8801],[121.5247,-2.8793],[121.5286,-2.8713],[121.5327,-2.8687],[121.5386,-2.8715],[121.5412,-2.8706],[121.5419,-2.8677],[121.5388,-2.8593],[121.541,-2.8561],[121.5468,-2.8571],[121.5488,-2.856],[121.5562,-2.844],[121.5619,-2.8443],[121.566,-2.8407],[121.5682,-2.8361],[121.5682,-2.8309],[121.5626,-2.8088],[121.5644,-2.7993],[121.5707,-2.7996],[121.5712,-2.8019],[121.5716,-2.7992],[121.5762,-2.7993],[121.5772,-2.7941],[121.5897,-2.7909],[121.5972,-2.7844],[121.5999,-2.7744],[121.5984,-2.772],[121.5995,-2.7694],[121.608,-2.7652],[121.6194,-2.7547],[121.6247,-2.7445],[121.6277,-2.7341],[121.6399,-2.7364],[121.6441,-2.7304],[121.6618,-2.73],[121.667,-2.7227],[121.6765,-2.7206],[121.688,-2.6981],[121.688,-2.6863],[121.6908,-2.6838],[121.6904,-2.6769],[121.6859,-2.6688],[121.6811,-2.6647],[121.6799,-2.6619],[121.6806,-2.6545],[121.678,-2.6529],[121.6752,-2.6536],[121.6708,-2.6517],[121.6705,-2.6545],[121.6672,-2.6558],[121.6662,-2.6532],[121.6636,-2.6542],[121.6586,-2.6489],[121.6557,-2.6492],[121.6539,-2.6543],[121.6561,-2.6595],[121.6554,-2.662],[121.6531,-2.6631],[121.653,-2.6599],[121.6503,-2.6585],[121.6488,-2.6549],[121.6416,-2.6537],[121.6395,-2.6548],[121.6372,-2.6525],[121.633,-2.6546],[121.6308,-2.6539],[121.625,-2.6592],[121.6237,-2.667],[121.6214,-2.6706],[121.6188,-2.6707],[121.6181,-2.6729],[121.6199,-2.6765],[121.6182,-2.6827],[121.6249,-2.6896],[121.6242,-2.6933],[121.6261,-2.6993],[121.6243,-2.6994],[121.6148,-2.6968],[121.6146,-2.6909],[121.6098,-2.6854],[121.6078,-2.6748],[121.6026,-2.6697],[121.602,-2.6666],[121.5955,-2.6631],[121.593,-2.6654],[121.589,-2.6561],[121.587,-2.6556],[121.5846,-2.6575],[121.5789,-2.6566],[121.5757,-2.6598],[121.5695,-2.6543],[121.5622,-2.6533],[121.5544,-2.6572],[121.5504,-2.6649],[121.5467,-2.6587],[121.5395,-2.6573],[121.5327,-2.6603],[121.5263,-2.6668],[121.521,-2.6601],[121.5191,-2.6527],[121.5168,-2.6519],[121.5158,-2.6539],[121.5129,-2.6487],[121.5033,-2.6477],[121.4976,-2.6565],[121.494,-2.6562],[121.4898,-2.6539],[121.4802,-2.6522],[121.467,-2.642],[121.4626,-2.6432],[121.4515,-2.6423],[121.4467,-2.6396],[121.4445,-2.6407],[121.4393,-2.6454],[121.4382,-2.6521],[121.4358,-2.6524],[121.4322,-2.6566],[121.424,-2.6587],[121.4231,-2.6611],[121.4198,-2.662],[121.4191,-2.6664],[121.4146,-2.6724],[121.4149,-2.6791],[121.4158,-2.6815],[121.4191,-2.6824],[121.425,-2.6801],[121.4299,-2.6819],[121.4354,-2.6798],[121.4318,-2.6828],[121.4331,-2.6876],[121.4322,-2.6891],[121.4215,-2.69],[121.4202,-2.6964],[121.4305,-2.71],[121.4341,-2.7109],[121.436,-2.7097],[121.4389,-2.7111],[121.4402,-2.7101],[121.4436,-2.7145],[121.4464,-2.7139],[121.4475,-2.7118],[121.4487,-2.7126],[121.4479,-2.7149],[121.4453,-2.7154],[121.4452,-2.7204],[121.4436,-2.7213],[121.4452,-2.7256],[121.4391,-2.7268],[121.4387,-2.7312],[121.4448,-2.7372],[121.4442,-2.7418],[121.4486,-2.7481],[121.4484,-2.7509],[121.4549,-2.7566],[121.4618,-2.7665],[121.4611,-2.7696],[121.4646,-2.7742],[121.4613,-2.7749],[121.4607,-2.7771],[121.4615,-2.7796],[121.466,-2.7814],[121.467,-2.786],[121.4567,-2.787],[121.4554,-2.79],[121.4578,-2.7966],[121.4641,-2.8018],[121.464,-2.8062],[121.4583,-2.8037],[121.4575,-2.8019],[121.4547,-2.8019],[121.4478,-2.8042],[121.4472,-2.8106],[121.4447,-2.8067],[121.436,-2.8094],[121.4314,-2.8071],[121.4243,-2.8084],[121.4158,-2.8031],[121.4151,-2.8013],[121.4181,-2.7926],[121.4173,-2.7913],[121.4141,-2.7903],[121.4114,-2.7928],[121.4094,-2.792],[121.4036,-2.7827],[121.3971,-2.7839],[121.3956,-2.7861],[121.3922,-2.7849],[121.3909,-2.7859],[121.3912,-2.789],[121.3884,-2.788],[121.3857,-2.7826],[121.3822,-2.7814],[121.3813,-2.7782],[121.3764,-2.7787],[121.3669,-2.7759],[121.3626,-2.7683],[121.356,-2.7678],[121.345,-2.7616],[121.3437,-2.758],[121.3366,-2.7544],[121.3352,-2.7514],[121.3258,-2.7444],[121.3251,-2.7382],[121.3216,-2.7331],[121.32,-2.7239],[121.3117,-2.7199],[121.3105,-2.7129],[121.3121,-2.7109],[121.3054,-2.6995],[121.2985,-2.6728],[121.2993,-2.6521],[121.3022,-2.6397],[121.3178,-2.6105],[121.3078,-2.5914],[121.3096,-2.5869],[121.378,-2.5751],[121.3714,-2.5928],[121.372,-2.598],[121.3765,-2.6087],[121.3818,-2.6167],[121.3935,-2.6083],[121.4079,-2.6017],[121.4309,-2.6031],[121.4407,-2.6014],[121.467,-2.5826],[121.4739,-2.5726],[121.4826,-2.5725],[121.485,-2.5695],[121.4862,-2.5628],[121.4999,-2.5516],[121.5,-2.545],[121.4985,-2.5414],[121.5,-2.5334],[121.4991,-2.5307],[121.5032,-2.5273],[121.5026,-2.5183],[121.5048,-2.5104],[121.5051,-2.5021],[121.508,-2.4973],[121.5083,-2.4822],[121.5127,-2.4759],[121.5168,-2.4724],[121.5222,-2.4709],[121.5285,-2.4636],[121.5318,-2.4674],[121.5455,-2.4719],[121.5496,-2.4802],[121.5607,-2.4915],[121.5858,-2.4918],[121.6115,-2.4848],[121.6175,-2.4858],[121.6263,-2.49],[121.631,-2.494],[121.6363,-2.502],[121.649,-2.5342],[121.6542,-2.5399],[121.6595,-2.5398],[121.6666,-2.5368],[121.6836,-2.5427],[121.6866,-2.5409],[121.6873,-2.535],[121.6894,-2.5325],[121.6938,-2.5316],[121.6983,-2.5329],[121.7041,-2.5381],[121.7384,-2.5927],[121.7556,-2.6105],[121.7753,-2.6246],[121.7799,-2.6307],[121.7784,-2.6449],[121.7806,-2.6492],[121.7887,-2.6545],[121.7904,-2.6604],[121.7896,-2.667],[121.7783,-2.6861],[121.7636,-2.6967],[121.7577,-2.7051],[121.7544,-2.7346],[121.743,-2.7496],[121.7415,-2.7563],[121.7242,-2.7658],[121.7222,-2.7683],[121.724,-2.808],[121.7198,-2.8141],[121.7123,-2.8182],[121.7094,-2.8182],[121.7031,-2.8144],[121.6987,-2.8144],[121.6865,-2.821],[121.6784,-2.8296],[121.6698,-2.8426],[121.6721,-2.854],[121.6726,-2.869],[121.6883,-2.878],[121.6912,-2.8823],[121.6904,-2.8887],[121.6855,-2.9008],[121.6754,-2.9004],[121.6678,-2.8969],[121.6542,-2.8984],[121.6378,-2.8941],[121.6298,-2.8972],[121.6168,-2.9057],[121.6009,-2.9035],[121.5969,-2.905],[121.5888,-2.911],[121.5704,-2.9175],[121.5658,-2.9222],[121.5575,-2.9195],[121.5471,-2.9217],[121.5447,-2.9249],[121.5402,-2.9408],[121.5254,-2.9621],[121.5083,-2.9738],[121.4991,-2.9741],[121.4919,-2.9782],[121.4652,-2.9992],[121.4611,-3.0105],[121.4574,-3.0132],[121.4403,-3.0067],[121.4124,-3.0026],[121.3815,-2.98],[121.3727,-2.9768],[121.3622,-2.9761],[121.3526,-2.9726],[121.3468,-2.9665],[121.3397,-2.9518],[121.3295,-2.9399],[121.3286,-2.9369],[121.3369,-2.925],[121.354,-2.9096],[121.3577,-2.9039],[121.3578,-2.9007],[121.3612,-2.9019],[121.3659,-2.9119],[121.3836,-2.928],[121.3866,-2.9335],[121.3935,-2.9389]],[[121.5345,-2.7642],[121.5444,-2.7649],[121.5541,-2.763],[121.5575,-2.7607],[121.5635,-2.7628],[121.5722,-2.7608],[121.5752,-2.7634],[121.5672,-2.7692],[121.5716,-2.7796],[121.5672,-2.7852],[121.5675,-2.7891],[121.558,-2.7838],[121.5541,-2.7838],[121.5488,-2.7801],[121.5463,-2.7815],[121.5461,-2.7848],[121.542,-2.7865],[121.5401,-2.7899],[121.5389,-2.7873],[121.5336,-2.7846],[121.5318,-2.7774],[121.529,-2.7733],[121.526,-2.7709],[121.5228,-2.771],[121.5217,-2.7689],[121.5235,-2.7657],[121.5185,-2.7598],[121.5194,-2.7573],[121.5149,-2.7591],[121.515,-2.7573],[121.532,-2.7527],[121.5336,-2.7552],[121.5308,-2.7615],[121.5345,-2.7642]]],"type":"MultiPolygon"}},{"type":"Feature","properties":{"id_kec":"73.24.04","nama_kec":"Malili","id_kab":"7324","nama_kab":"Luwu Timur"},"geometry":{"coordinates":[[[121.2212,-2.8429],[121.2238,-2.8493],[121.2212,-2.8508],[121.2233,-2.8536],[121.2213,-2.8577],[121.219,-2.8578],[121.2196,-2.8549],[121.2179,-2.8539],[121.2147,-2.8554],[121.2144,-2.8581],[121.2121,-2.8579],[121.2076,-2.8533],[121.206,-2.8557],[121.2035,-2.8559],[121.2037,-2.8576],[121.2024,-2.8573],[121.1939,-2.8508],[121.1858,-2.8372],[121.1813,-2.8358],[121.177,-2.8306],[121.1719,-2.8176],[121.1638,-2.8145],[121.154,-2.8152],[121.133,-2.7978],[121.1236,-2.7923],[121.0812,-2.7794],[121.0782,-2.78],[121.0687,-2.7875],[121.0625,-2.7867],[121.053,-2.7919],[121.0371,-2.7915],[121.0316,-2.7935],[121.0295,-2.7962],[121.027,-2.8092],[121.0169,-2.8213],[120.9883,-2.8313],[120.986,-2.826],[120.9822,-2.8223],[120.9784,-2.8231],[120.9771,-2.8219],[120.9771,-2.8161],[120.9743,-2.8097],[120.9772,-2.8062],[120.9793,-2.8072],[120.9804,-2.8111],[120.985,-2.8162],[120.9898,-2.8154],[120.9937,-2.8185],[121.0004,-2.8168],[121.0035,-2.814],[121.0027,-2.8098],[121.0061,-2.8093],[121.0077,-2.804],[121.0055,-2.8002],[121.0062,-2.799],[121.0132,-2.8048],[121.014,-2.8087],[121.0172,-2.8086],[121.0214,-2.8046],[121.0201,-2.802],[121.0214,-2.7972],[121.0188,-2.7958],[121.0189,-2.7909],[121.0206,-2.7924],[121.0261,-2.7893],[121.0261,-2.7837],[121.0299,-2.7811],[121.0337,-2.7675],[121.036,-2.7668],[121.0373,-2.7719],[121.0358,-2.7767],[121.0434,-2.7765],[121.0459,-2.7782],[121.0486,-2.7774],[121.0493,-2.7727],[121.0602,-2.7706],[121.0651,-2.7644],[121.0647,-2.7518],[121.0626,-2.7481],[121.0658,-2.7464],[121.0677,-2.7385],[121.0696,-2.7402],[121.069,-2.7429],[121.0738,-2.7441],[121.0755,-2.7461],[121.0788,-2.7437],[121.0827,-2.7444],[121.0861,-2.7404],[121.085,-2.7329],[121.0942,-2.7232],[121.097,-2.7155],[121.087,-2.715],[121.0846,-2.7043],[121.0789,-2.6968],[121.0763,-2.6985],[121.0717,-2.6982],[121.0649,-2.6961],[121.0629,-2.6935],[121.0568,-2.6933],[121.0486,-2.6986],[121.0475,-2.6923],[121.0427,-2.6967],[121.037,-2.6943],[121.0344,-2.6768],[121.0358,-2.6734],[121.0407,-2.671],[121.0403,-2.6699],[121.0347,-2.6712],[121.037,-2.6662],[121.0361,-2.6648],[121.0512,-2.6608],[121.0544,-2.6584],[121.0512,-2.6562],[121.0446,-2.6543],[121.0431,-2.6562],[121.0312,-2.6598],[121.0294,-2.654],[121.027,-2.654],[121.0211,-2.6504],[121.0206,-2.6558],[121.0178,-2.6608],[121.0194,-2.6609],[121.0219,-2.6677],[121.02,-2.6723],[121.0177,-2.6732],[121.0173,-2.6715],[121.0137,-2.6731],[121.0107,-2.6772],[121.0093,-2.6765],[121.0051,-2.6788],[121.0019,-2.6761],[120.9985,-2.6791],[120.9947,-2.679],[120.9896,-2.6723],[120.987,-2.6729],[120.985,-2.67],[120.9795,-2.6673],[120.9773,-2.6698],[120.9746,-2.6681],[120.986,-2.6563],[120.987,-2.6484],[120.9921,-2.6454],[120.9875,-2.6434],[120.9914,-2.634],[120.9901,-2.631],[120.986,-2.6295],[120.9849,-2.6256],[120.9858,-2.6201],[120.9826,-2.6173],[120.9792,-2.6046],[120.9793,-2.6013],[120.9888,-2.5953],[120.9859,-2.5788],[120.9871,-2.5665],[120.9831,-2.5587],[120.9835,-2.5553],[120.9945,-2.5372],[120.9971,-2.5164],[121.0155,-2.5054],[121.028,-2.4907],[121.0334,-2.4961],[121.0411,-2.5099],[121.0592,-2.5173],[121.0759,-2.5278],[121.095,-2.5461],[121.0982,-2.5498],[121.0945,-2.5565],[121.0977,-2.5662],[121.1033,-2.57],[121.1087,-2.571],[121.1228,-2.5635],[121.1711,-2.5934],[121.1744,-2.5977],[121.1819,-2.6202],[121.179,-2.6251],[121.1801,-2.6319],[121.1848,-2.6389],[121.1887,-2.651],[121.1901,-2.6521],[121.1945,-2.6502],[121.2091,-2.675],[121.2493,-2.7059],[121.2895,-2.7429],[121.3009,-2.7653],[121.3156,-2.7717],[121.316,-2.7737],[121.3257,-2.7805],[121.3293,-2.7883],[121.3377,-2.7974],[121.34,-2.7977],[121.3405,-2.8054],[121.3383,-2.8118],[121.3392,-2.8236],[121.3417,-2.829],[121.3405,-2.8352],[121.3415,-2.838],[121.3438,-2.8385],[121.3451,-2.8477],[121.3409,-2.8529],[121.3386,-2.8534],[121.3326,-2.834],[121.3192,-2.8083],[121.3093,-2.8057],[121.2945,-2.8074],[121.2805,-2.8186],[121.2413,-2.8253],[121.2352,-2.8288],[121.2308,-2.8372],[121.2332,-2.8421],[121.2312,-2.8442],[121.2247,-2.8449],[121.2212,-2.8429]],[[120.9655,-2.811],[120.9628,-2.8112],[120.961,-2.8144],[120.9576,-2.8151],[120.9547,-2.8114],[120.9618,-2.811],[120.9644,-2.8077],[120.9673,-2.8104],[120.9655,-2.811]]],"type":"MultiPolygon"}},{"type":"Feature","properties":{"id_kec":"73.24.05","nama_kec":"Angkona","id_kab":"7324","nama_kab":"Luwu Timur"},"geometry":{"coordinates":[[[120.9831,-2.5587],[120.9871,-2.5665],[120.9859,-2.5788],[120.9888,-2.5953],[120.9793,-2.6013],[120.9792,-2.6046],[120.9826,-2.6173],[120.9858,-2.6201],[120.9849,-2.6256],[120.986,-2.6295],[120.9901,-2.631],[120.9914,-2.634],[120.9875,-2.6434],[120.9921,-2.6454],[120.987,-2.6484],[120.986,-2.6563],[120.9705,-2.6706],[120.9623,-2.6702],[120.9594,-2.6676],[120.9541,-2.6685],[120.9488,-2.665],[120.9477,-2.6607],[120.9431,-2.658],[120.9396,-2.6611],[120.9278,-2.6593],[120.9198,-2.6641],[120.9138,-2.6647],[120.913,-2.6611],[120.9115,-2.6609],[120.9134,-2.6588],[120.9263,-2.6522],[120.9228,-2.6474],[120.9237,-2.6432],[120.9222,-2.6391],[120.9238,-2.6359],[120.9224,-2.6352],[120.9192,-2.6373],[120.917,-2.6354],[120.9165,-2.6399],[120.9131,-2.641],[120.9104,-2.6383],[120.9114,-2.6342],[120.9076,-2.6361],[120.9055,-2.6344],[120.9025,-2.6347],[120.9022,-2.6316],[120.9037,-2.6306],[120.907,-2.6304],[120.9087,-2.632],[120.9094,-2.6269],[120.9073,-2.6266],[120.9085,-2.6232],[120.9106,-2.6227],[120.9063,-2.6218],[120.9094,-2.6197],[120.9084,-2.6179],[120.9066,-2.6189],[120.9059,-2.6171],[120.9069,-2.6151],[120.91,-2.615],[120.9074,-2.6143],[120.9092,-2.6128],[120.9067,-2.6096],[120.9049,-2.6108],[120.9062,-2.6032],[120.9039,-2.6007],[120.906,-2.5988],[120.8987,-2.5938],[120.8995,-2.5926],[120.9063,-2.5941],[120.9126,-2.5821],[120.9171,-2.5823],[120.9116,-2.5798],[120.9154,-2.5786],[120.9162,-2.575],[120.9126,-2.5785],[120.9107,-2.5784],[120.9093,-2.574],[120.9068,-2.5728],[120.9128,-2.5699],[120.9097,-2.5705],[120.9107,-2.5684],[120.9095,-2.5658],[120.9109,-2.5644],[120.9072,-2.5642],[120.905,-2.5613],[120.9069,-2.5603],[120.9104,-2.5625],[120.9119,-2.5614],[120.911,-2.5579],[120.9091,-2.5575],[120.9116,-2.554],[120.9101,-2.5528],[120.9099,-2.5493],[120.9114,-2.5475],[120.9093,-2.5429],[120.9115,-2.543],[120.9137,-2.5455],[120.9145,-2.5443],[120.9123,-2.5404],[120.9159,-2.5399],[120.9166,-2.5382],[120.9141,-2.5356],[120.9121,-2.5281],[120.9078,-2.524],[120.9116,-2.523],[120.9135,-2.5199],[120.9066,-2.5083],[120.9102,-2.5001],[120.9097,-2.4936],[120.9274,-2.4944],[120.9294,-2.4902],[120.9277,-2.49],[120.928,-2.4877],[120.9264,-2.4877],[120.9283,-2.4816],[120.9243,-2.4824],[120.9255,-2.4799],[120.9237,-2.4807],[120.9226,-2.475],[120.9202,-2.4753],[120.9204,-2.4735],[120.9165,-2.4717],[120.9165,-2.4703],[120.9145,-2.4716],[120.9152,-2.4686],[120.9136,-2.469],[120.9111,-2.4668],[120.9101,-2.4683],[120.9105,-2.4667],[120.9066,-2.467],[120.9073,-2.4641],[120.9,-2.4639],[120.9007,-2.4617],[120.8993,-2.4601],[120.8976,-2.4627],[120.8955,-2.4629],[120.8956,-2.4612],[120.894,-2.4612],[120.8944,-2.4624],[120.891,-2.4643],[120.885,-2.4594],[120.883,-2.4549],[120.8839,-2.4539],[120.8799,-2.4548],[120.8815,-2.4495],[120.8795,-2.4497],[120.8809,-2.4483],[120.8795,-2.4446],[120.8754,-2.4411],[120.8756,-2.437],[120.8713,-2.4326],[120.8769,-2.4274],[120.8743,-2.4202],[120.8757,-2.4175],[120.8861,-2.4065],[120.8829,-2.4008],[120.8827,-2.3956],[120.885,-2.3949],[120.8854,-2.3915],[120.8645,-2.3741],[120.8647,-2.3714],[120.8697,-2.3674],[120.8687,-2.3611],[120.8651,-2.356],[120.8657,-2.3536],[120.8728,-2.3517],[120.8854,-2.3574],[120.8917,-2.362],[120.906,-2.3624],[120.9193,-2.3773],[120.9329,-2.3848],[120.9343,-2.3888],[120.941,-2.3933],[120.9469,-2.4009],[120.9545,-2.4071],[120.962,-2.4315],[120.9713,-2.4445],[120.9769,-2.4445],[120.983,-2.4492],[120.9825,-2.4581],[120.9932,-2.4679],[120.9942,-2.473],[120.9993,-2.4805],[121.0133,-2.4801],[121.0203,-2.488],[121.0249,-2.488],[121.028,-2.4907],[121.0155,-2.5054],[120.9971,-2.5164],[120.9945,-2.5372],[120.9835,-2.5553],[120.9831,-2.5587]]],"type":"MultiPolygon"}},{"type":"Feature","properties":{"id_kec":"73.24.06","nama_kec":"Wotu","id_kab":"7324","nama_kab":"Luwu Timur"},"geometry":{"coordinates":[[[120.9013,-2.5963],[120.9037,-2.5964],[120.906,-2.5988],[120.9039,-2.6007],[120.9062,-2.6032],[120.9049,-2.6108],[120.9067,-2.6096],[120.9092,-2.6128],[120.9074,-2.6143],[120.91,-2.615],[120.9065,-2.6154],[120.9063,-2.6186],[120.9084,-2.6179],[120.9094,-2.6197],[120.9063,-2.6218],[120.9106,-2.6227],[120.9085,-2.6232],[120.9073,-2.6266],[120.9094,-2.6269],[120.9087,-2.632],[120.9044,-2.6303],[120.9022,-2.6316],[120.9023,-2.6343],[120.9076,-2.6361],[120.9114,-2.6342],[120.9104,-2.6383],[120.9131,-2.641],[120.9165,-2.6399],[120.917,-2.6354],[120.9195,-2.6373],[120.9234,-2.6353],[120.9228,-2.6474],[120.9263,-2.6522],[120.9189,-2.6553],[120.9089,-2.6623],[120.9043,-2.6603],[120.9051,-2.6558],[120.9035,-2.6489],[120.9009,-2.6482],[120.8995,-2.6446],[120.8959,-2.6451],[120.8913,-2.6403],[120.8885,-2.6405],[120.8877,-2.6428],[120.8732,-2.646],[120.8681,-2.6452],[120.8661,-2.6567],[120.863,-2.6569],[120.8607,-2.6548],[120.8588,-2.6573],[120.8567,-2.657],[120.8457,-2.6526],[120.8399,-2.6495],[120.8373,-2.6409],[120.8346,-2.6414],[120.8313,-2.6377],[120.8272,-2.6371],[120.8269,-2.6288],[120.8169,-2.6195],[120.8081,-2.6188],[120.8017,-2.62],[120.7961,-2.624],[120.792,-2.621],[120.7898,-2.6258],[120.7851,-2.6274],[120.7824,-2.6272],[120.7726,-2.6194],[120.758,-2.6197],[120.7502,-2.6225],[120.7526,-2.6],[120.757,-2.5935],[120.7626,-2.5959],[120.769,-2.5865],[120.7747,-2.5741],[120.7761,-2.558],[120.7643,-2.5503999999999998],[120.768,-2.5302],[120.7687,-2.5322],[120.7861,-2.534],[120.7888,-2.5382],[120.799,-2.5423],[120.8,-2.5526],[120.8122,-2.555],[120.8129,-2.5526],[120.8307,-2.5524],[120.8305,-2.5551],[120.8344,-2.5554],[120.8401,-2.5591],[120.8519,-2.5631],[120.873,-2.567],[120.8851,-2.5769],[120.8873,-2.5861],[120.8911,-2.5882],[120.8911,-2.5809],[120.8936,-2.5808],[120.8953,-2.5718],[120.8937,-2.5695],[120.8951,-2.568],[120.8936,-2.5615],[120.8995,-2.5572],[120.898,-2.555],[120.9001,-2.5532],[120.9003,-2.5484],[120.9061,-2.5446],[120.9116,-2.554],[120.9091,-2.5575],[120.9121,-2.5598],[120.9104,-2.5625],[120.9069,-2.5603],[120.905,-2.5613],[120.9072,-2.5642],[120.9109,-2.5644],[120.9095,-2.5658],[120.9107,-2.5684],[120.9097,-2.5705],[120.9128,-2.5699],[120.9068,-2.5728],[120.9093,-2.574],[120.9107,-2.5784],[120.9126,-2.5785],[120.9162,-2.575],[120.9154,-2.5786],[120.9116,-2.5798],[120.9171,-2.5823],[120.9126,-2.5821],[120.9063,-2.5941],[120.899,-2.593],[120.9013,-2.5963]]],"type":"MultiPolygon"}},{"type":"Feature","properties":{"id_kec":"73.24.07","nama_kec":"Burau","id_kab":"7324","nama_kab":"Luwu Timur"},"geometry":{"coordinates":[[[120.6915,-2.6435],[120.6859,-2.643],[120.6811,-2.6457],[120.6753,-2.6462],[120.673,-2.6445],[120.6727,-2.6491],[120.6669,-2.6521],[120.6621,-2.6626],[120.6573,-2.6622],[120.6558,-2.6665],[120.6536,-2.6646],[120.6544,-2.6616],[120.6527,-2.662],[120.6536,-2.6606],[120.6494,-2.6573],[120.648,-2.6538],[120.6505,-2.6546],[120.6507,-2.6535],[120.6458,-2.6501],[120.645,-2.6435],[120.6464,-2.6421],[120.6417,-2.638],[120.638,-2.627],[120.635,-2.6241],[120.6353,-2.6219],[120.6312,-2.6202],[120.6369,-2.6147],[120.6372,-2.6101],[120.635,-2.6093],[120.6328,-2.6048],[120.6397,-2.6009],[120.6356,-2.5935],[120.6359,-2.59],[120.6324,-2.5913],[120.6283,-2.586],[120.6207,-2.585],[120.6173,-2.5768],[120.6205,-2.5772],[120.6204,-2.5701],[120.615,-2.5721],[120.6156,-2.5704],[120.6118,-2.5655],[120.6125,-2.5617],[120.6148,-2.5602],[120.6115,-2.5576],[120.61,-2.5598],[120.6077,-2.551],[120.6082,-2.5473],[120.6054,-2.5439],[120.6044,-2.5394],[120.5986,-2.5359],[120.599,-2.5334],[120.597,-2.5299],[120.5982,-2.5282],[120.5978,-2.5232],[120.5903,-2.5152],[120.5918,-2.5104],[120.5881,-2.4982],[120.5856,-2.4929],[120.5809,-2.4883],[120.581,-2.4839],[120.5743,-2.468],[120.5748,-2.4582],[120.5728,-2.456],[120.5667,-2.4552],[120.562,-2.4459],[120.5549,-2.4427],[120.5538,-2.4409],[120.5576,-2.4357],[120.5658,-2.4295],[120.5792,-2.4285],[120.5935,-2.43],[120.6179,-2.4428],[120.6302,-2.4543],[120.6403,-2.4668],[120.6529,-2.473],[120.657,-2.477],[120.658,-2.4876],[120.6614,-2.4909],[120.6667,-2.4905],[120.695,-2.5035],[120.7149,-2.5194],[120.7453,-2.5292],[120.7629,-2.5277],[120.7682,-2.5303],[120.7643,-2.5503999999999998],[120.7761,-2.558],[120.7747,-2.5741],[120.769,-2.5865],[120.7626,-2.5959],[120.757,-2.5935],[120.7526,-2.6],[120.7476,-2.6358],[120.7461,-2.6371],[120.7277,-2.635],[120.7186,-2.6373],[120.7107,-2.6425],[120.6915,-2.6435]]],"type":"MultiPolygon"}},{"type":"Feature","properties":{"id_kec":"73.24.08","nama_kec":"Tomoni","id_kab":"7324","nama_kab":"Luwu Timur"},"geometry":{"coordinates":[[[120.8401,-2.5591],[120.8344,-2.5554],[120.8305,-2.5551],[120.8307,-2.5524],[120.8129,-2.5526],[120.8122,-2.555],[120.8,-2.5526],[120.799,-2.5423],[120.7888,-2.5382],[120.7861,-2.534],[120.7687,-2.5322],[120.7686,-2.5303],[120.7629,-2.5277],[120.7453,-2.5292],[120.7132,-2.5186],[120.695,-2.5035],[120.6667,-2.4905],[120.6614,-2.4909],[120.658,-2.4876],[120.657,-2.477],[120.6529,-2.473],[120.6403,-2.4668],[120.6302,-2.4543],[120.6179,-2.4428],[120.5935,-2.43],[120.5792,-2.4285],[120.5658,-2.4295],[120.5576,-2.4357],[120.5538,-2.4409],[120.5424,-2.4284],[120.5432,-2.4171],[120.5452,-2.412],[120.543,-2.3991],[120.5446,-2.3964],[120.5391,-2.3944],[120.5316,-2.3813],[120.5226,-2.3798],[120.5276,-2.3663],[120.5335,-2.3557],[120.5305,-2.3316],[120.5273,-2.3258],[120.517,-2.322],[120.5197,-2.3213],[120.5266,-2.3233],[120.5384,-2.3291],[120.5443,-2.3302],[120.5525,-2.3364],[120.5633,-2.341],[120.5859,-2.3466],[120.5891,-2.3494],[120.5945,-2.3507],[120.6063,-2.3519],[120.6102,-2.3554],[120.625,-2.3613],[120.6415,-2.3811],[120.6451,-2.3949],[120.6517,-2.4],[120.6514,-2.4022],[120.6616,-2.4065],[120.6641,-2.4144],[120.6619,-2.4161],[120.6625,-2.4176],[120.6691,-2.4198],[120.6646,-2.4249],[120.669,-2.4279],[120.6679,-2.4298],[120.6712,-2.4356],[120.6709,-2.439],[120.6759,-2.443],[120.6801,-2.454],[120.6855,-2.4615],[120.6956,-2.4662],[120.6973,-2.4698],[120.7,-2.4712],[120.7013,-2.4756],[120.7083,-2.4759],[120.7146,-2.4796],[120.7225,-2.4785],[120.7253,-2.482],[120.7299,-2.4813],[120.7382,-2.4768],[120.7494,-2.4786],[120.7507,-2.4754],[120.755,-2.4724],[120.7649,-2.4769],[120.7635,-2.4809],[120.7654,-2.4832],[120.7668,-2.4801],[120.7718,-2.4787],[120.7763,-2.4909],[120.7793,-2.4919],[120.778,-2.4933],[120.7789,-2.4956],[120.7828,-2.4936],[120.7857,-2.495],[120.7868,-2.498],[120.7914,-2.4985],[120.7944,-2.5029],[120.8007,-2.5054],[120.8073,-2.5034],[120.8089,-2.5],[120.8122,-2.4993],[120.813,-2.4977],[120.8205,-2.4982],[120.8223,-2.5013],[120.8226,-2.4985],[120.8241,-2.4977],[120.8245,-2.5009],[120.8278,-2.5],[120.8278,-2.5023],[120.8324,-2.4989],[120.8328,-2.5008],[120.8346,-2.5001],[120.8353,-2.5014],[120.8365,-2.4999],[120.8356,-2.4985],[120.8379,-2.5003],[120.838,-2.4978],[120.8404,-2.4995],[120.8407,-2.4968],[120.8419,-2.5003],[120.844,-2.4987],[120.8464,-2.4999],[120.8471,-2.5022],[120.8418,-2.508],[120.8425,-2.5175],[120.8488,-2.5373],[120.8485,-2.5422],[120.844,-2.5454],[120.8453,-2.5495],[120.8419,-2.5596],[120.8401,-2.5591]]],"type":"MultiPolygon"}},{"type":"Feature","properties":{"id_kec":"73.24.09","nama_kec":"Tomoni Timur","id_kab":"7324","nama_kab":"Luwu Timur"},"geometry":{"coordinates":[[[120.8951,-2.5712],[120.8936,-2.5808],[120.8911,-2.5809],[120.8911,-2.5882],[120.8873,-2.5861],[120.8851,-2.5769],[120.8738,-2.5674],[120.8419,-2.5596],[120.8453,-2.5495],[120.844,-2.5454],[120.8485,-2.5422],[120.8488,-2.5373],[120.8425,-2.5175],[120.8418,-2.508],[120.8478,-2.5004],[120.8497,-2.5],[120.8498,-2.4979],[120.8518,-2.4991],[120.8508,-2.502],[120.8531,-2.5006],[120.8539,-2.5024],[120.8564,-2.5015],[120.8592,-2.5055],[120.8612,-2.5042],[120.8603,-2.5061],[120.865,-2.5059],[120.8658,-2.5077],[120.8681,-2.503],[120.8702,-2.5045],[120.8693,-2.5063],[120.871,-2.5046],[120.8748,-2.5063],[120.8753,-2.505],[120.8766,-2.5067],[120.8788,-2.505],[120.8809,-2.5056],[120.8809,-2.507],[120.885,-2.5071],[120.8877,-2.5051],[120.8916,-2.5048],[120.8923,-2.5066],[120.8887,-2.5095],[120.8891,-2.5121],[120.891,-2.512],[120.8941,-2.5085],[120.8952,-2.5104],[120.8935,-2.5149],[120.8959,-2.5147],[120.8991,-2.5104],[120.9007,-2.5117],[120.9007,-2.5135],[120.8978,-2.5157],[120.902,-2.5175],[120.8975,-2.5203],[120.8974,-2.5222],[120.9025,-2.5218],[120.9083,-2.5241],[120.9121,-2.5281],[120.9141,-2.5356],[120.9166,-2.5382],[120.9159,-2.5399],[120.9123,-2.5404],[120.9145,-2.5443],[120.9131,-2.5454],[120.9115,-2.543],[120.9093,-2.5429],[120.9114,-2.5475],[120.9099,-2.5493],[120.9055,-2.5443],[120.9043,-2.5467],[120.9003,-2.5484],[120.9001,-2.5532],[120.898,-2.555],[120.8995,-2.5572],[120.8936,-2.5615],[120.8951,-2.568],[120.8937,-2.5695],[120.8951,-2.5712]]],"type":"MultiPolygon"}},{"type":"Feature","properties":{"id_kec":"73.24.10","nama_kec":"Kalaena","id_kab":"7324","nama_kab":"Luwu Timur"},"geometry":{"coordinates":[[[120.9096,-2.4993],[120.9066,-2.5083],[120.9135,-2.5199],[120.9116,-2.523],[120.9093,-2.5238],[120.9025,-2.5218],[120.8985,-2.5228],[120.8975,-2.5203],[120.902,-2.5175],[120.8978,-2.5157],[120.9007,-2.5135],[120.9007,-2.5117],[120.8991,-2.5104],[120.8959,-2.5147],[120.8935,-2.5149],[120.8947,-2.5089],[120.8931,-2.5088],[120.891,-2.512],[120.8883,-2.5106],[120.8923,-2.5066],[120.8916,-2.5048],[120.8831,-2.5058],[120.8824,-2.5045],[120.8853,-2.5042],[120.8856,-2.5019],[120.8794,-2.5002],[120.8831,-2.497],[120.8816,-2.4957],[120.8844,-2.4945],[120.8845,-2.4914],[120.8879,-2.49],[120.8839,-2.4908],[120.8855,-2.4876],[120.8843,-2.4858],[120.8825,-2.4891],[120.8822,-2.4856],[120.8781,-2.4859],[120.8771,-2.4838],[120.8803,-2.4829],[120.8805,-2.4803],[120.8778,-2.4794],[120.8774,-2.4828],[120.875,-2.4832],[120.875,-2.4788],[120.872,-2.4803],[120.8691,-2.4791],[120.8711,-2.4755],[120.8696,-2.475],[120.8645,-2.48],[120.8632,-2.4787],[120.8657,-2.478],[120.8658,-2.4757],[120.8594,-2.4754],[120.8564,-2.479],[120.8507,-2.4815],[120.8499,-2.4799],[120.8537,-2.477],[120.8545,-2.4735],[120.8513,-2.4743],[120.8511,-2.4759],[120.8491,-2.4756],[120.8483,-2.4744],[120.8507,-2.4695],[120.8479,-2.4691],[120.848,-2.4668],[120.8446,-2.467],[120.8415,-2.4638],[120.8361,-2.4629],[120.8391,-2.4589],[120.8383,-2.4564],[120.8427,-2.4552],[120.8385,-2.4503],[120.8416,-2.4456],[120.8384,-2.4427],[120.8407,-2.4307],[120.839,-2.4255],[120.8423,-2.4253],[120.8511,-2.4281],[120.8511,-2.4292],[120.8575,-2.4293],[120.8596,-2.428],[120.8561,-2.4227],[120.8499,-2.4209],[120.847,-2.4143],[120.845,-2.4144],[120.8385,-2.4078],[120.8322,-2.397],[120.8338,-2.3927],[120.831,-2.3887],[120.8316,-2.3835],[120.8362,-2.3777],[120.834,-2.3735],[120.8342,-2.3583],[120.84,-2.3506],[120.8444,-2.3411],[120.8542,-2.3318],[120.8608,-2.3399],[120.8624,-2.3477],[120.8656,-2.3522],[120.8651,-2.356],[120.8695,-2.364],[120.8697,-2.3674],[120.8647,-2.3714],[120.8645,-2.3741],[120.8854,-2.3915],[120.885,-2.3949],[120.8827,-2.3956],[120.8829,-2.4008],[120.8861,-2.4065],[120.8757,-2.4175],[120.8743,-2.4202],[120.8769,-2.4274],[120.8713,-2.4326],[120.8756,-2.437],[120.8754,-2.4411],[120.8795,-2.4446],[120.8809,-2.4483],[120.8795,-2.4497],[120.8815,-2.4495],[120.8799,-2.4548],[120.8839,-2.4539],[120.883,-2.4549],[120.885,-2.4594],[120.891,-2.4643],[120.8944,-2.4624],[120.894,-2.4612],[120.8956,-2.4612],[120.8955,-2.4629],[120.8976,-2.4627],[120.8993,-2.4601],[120.9007,-2.4617],[120.9,-2.4639],[120.9073,-2.4641],[120.9066,-2.467],[120.9105,-2.4667],[120.9101,-2.4683],[120.9111,-2.4668],[120.9136,-2.469],[120.9152,-2.4686],[120.9145,-2.4716],[120.9165,-2.4703],[120.9165,-2.4717],[120.9204,-2.4735],[120.9202,-2.4753],[120.9226,-2.475],[120.9237,-2.4807],[120.9255,-2.4799],[120.9243,-2.4824],[120.9283,-2.4816],[120.9264,-2.4877],[120.928,-2.4877],[120.9277,-2.49],[120.9294,-2.4902],[120.9274,-2.4944],[120.9097,-2.4936],[120.9096,-2.4993]]],"type":"MultiPolygon"}},{"type":"Feature","properties":{"id_kec":"73.24.11","nama_kec":"Wasuponda","id_kab":"7324","nama_kab":"Luwu Timur"},"geometry":{"coordinates":[[[121.3575,-2.7751],[121.3645,-2.7884],[121.368,-2.7895],[121.3735,-2.7953],[121.3802,-2.7958],[121.386,-2.8033],[121.3956,-2.8051],[121.3978,-2.8086],[121.4035,-2.8044],[121.4075,-2.8043],[121.4127,-2.8075],[121.4156,-2.8074],[121.4189,-2.8109],[121.4177,-2.8149],[121.4147,-2.8171],[121.4153,-2.8235],[121.4191,-2.826],[121.4221,-2.8242],[121.4269,-2.8298],[121.4229,-2.8311],[121.4236,-2.839],[121.4244,-2.84],[121.4288,-2.8389],[121.4317,-2.8411],[121.4359,-2.8402],[121.4387,-2.8416],[121.4405,-2.8457],[121.4391,-2.8463],[121.4358,-2.8435],[121.4353,-2.8453],[121.4321,-2.8458],[121.4285,-2.853],[121.4263,-2.8537],[121.4244,-2.8519],[121.4216,-2.8549],[121.4193,-2.8522],[121.4131,-2.8512],[121.409,-2.8553],[121.4104,-2.8591],[121.4078,-2.8627],[121.4105,-2.8656],[121.4099,-2.8671],[121.4024,-2.8609],[121.4,-2.8603],[121.3949,-2.8622],[121.393,-2.8761],[121.3899,-2.8782],[121.386,-2.8759],[121.3842,-2.8767],[121.3841,-2.8793],[121.3886,-2.884],[121.3896,-2.8889],[121.3986,-2.9014],[121.393,-2.9026],[121.3912,-2.9046],[121.3913,-2.9127],[121.3856,-2.9181],[121.3863,-2.9207],[121.3819,-2.9233],[121.3834,-2.9278],[121.3659,-2.9119],[121.3612,-2.9019],[121.3578,-2.9007],[121.3535,-2.8859],[121.3397,-2.8577],[121.3386,-2.8534],[121.3421,-2.8523],[121.3451,-2.8477],[121.3438,-2.8385],[121.3415,-2.838],[121.3405,-2.8352],[121.3417,-2.829],[121.3392,-2.8236],[121.3383,-2.8118],[121.3405,-2.8054],[121.34,-2.7977],[121.3377,-2.7974],[121.3293,-2.7883],[121.3257,-2.7805],[121.316,-2.7737],[121.3156,-2.7717],[121.3009,-2.7653],[121.2895,-2.7429],[121.2493,-2.7059],[121.2091,-2.675],[121.1945,-2.6502],[121.1901,-2.6521],[121.1887,-2.651],[121.1848,-2.6389],[121.1801,-2.6319],[121.179,-2.6251],[121.1819,-2.6202],[121.1744,-2.5977],[121.1711,-2.5934],[121.1228,-2.5635],[121.1087,-2.571],[121.1033,-2.57],[121.0977,-2.5662],[121.0945,-2.5565],[121.0982,-2.5498],[121.0777,-2.5292],[121.0592,-2.5173],[121.0414,-2.5102],[121.0313,-2.4933],[121.0249,-2.488],[121.0203,-2.488],[121.0133,-2.4801],[120.9993,-2.4805],[120.9942,-2.473],[120.9932,-2.4679],[120.9825,-2.4581],[120.983,-2.4492],[120.9769,-2.4445],[120.9713,-2.4445],[120.962,-2.4315],[120.9545,-2.4071],[120.9469,-2.4009],[120.941,-2.3933],[120.9343,-2.3888],[120.9329,-2.3848],[120.9193,-2.3773],[120.906,-2.3624],[120.8917,-2.362],[120.8854,-2.3574],[120.8728,-2.3517],[120.8657,-2.3536],[120.8614,-2.3448],[120.8608,-2.3399],[120.8538,-2.3315],[120.8486,-2.3209],[120.8486,-2.3096],[120.846,-2.306],[120.8482,-2.2988],[120.8442,-2.2921],[120.8458,-2.2785],[120.8416,-2.2631],[120.8169,-2.2341],[120.805,-2.2253],[120.8377,-2.2186],[120.8803,-2.2198],[120.9365,-2.2282],[120.9556,-2.2325],[120.9951,-2.2463],[121.0031,-2.252],[121.0104,-2.2623],[121.0284,-2.2703],[121.0344,-2.2755],[121.0369,-2.2753],[121.0945,-2.4323],[121.1112,-2.5013],[121.2017,-2.516],[121.2082,-2.5188],[121.2527,-2.5276],[121.2566,-2.5336],[121.2597,-2.5458],[121.262,-2.5479],[121.2634,-2.5455],[121.2628,-2.5408],[121.2652,-2.5364],[121.2749,-2.5363],[121.2793,-2.5439],[121.2826,-2.5461],[121.2836,-2.5549],[121.2873,-2.5498],[121.3052,-2.548],[121.3248,-2.5558],[121.326,-2.5587],[121.3252,-2.5618],[121.3351,-2.5821],[121.3096,-2.5869],[121.3078,-2.5914],[121.3178,-2.6105],[121.3022,-2.6397],[121.2993,-2.6521],[121.2985,-2.6728],[121.3054,-2.6995],[121.3121,-2.7109],[121.3105,-2.7129],[121.3117,-2.7199],[121.32,-2.7239],[121.3216,-2.7331],[121.3251,-2.7382],[121.3258,-2.7444],[121.3352,-2.7514],[121.3366,-2.7544],[121.3437,-2.758],[121.345,-2.7616],[121.356,-2.7678],[121.3575,-2.7751]]],"type":"MultiPolygon"}},{"type":"Feature","properties":{"id_kec":"73.22.01","nama_kec":"Malangke","id_kab":"7322","nama_kab":"Luwu Utara"},"geometry":{"coordinates":[[[120.4277,-2.8374],[120.4254,-2.8368],[120.4207,-2.8403],[120.4151,-2.8358],[120.4104,-2.8375],[120.4081,-2.8368],[120.4075,-2.8347],[120.4121,-2.8331],[120.4103,-2.8288],[120.4124,-2.8236],[120.4038,-2.8254],[120.4004,-2.8229],[120.3899,-2.8251],[120.3854,-2.82],[120.3873,-2.7926],[120.3826,-2.7823],[120.3837,-2.7724],[120.3777,-2.7724],[120.3732,-2.7543],[120.3788,-2.752],[120.3795,-2.7446],[120.3767,-2.7398],[120.3723,-2.7375],[120.3708,-2.7336],[120.3662,-2.7301],[120.3658,-2.727],[120.3204,-2.7298],[120.3146,-2.7242],[120.3163,-2.7155],[120.3355,-2.7029],[120.3468,-2.704],[120.3499,-2.7069],[120.3577,-2.7019],[120.3759,-2.7042],[120.3815,-2.6962],[120.3822,-2.6807],[120.3842,-2.6809],[120.3844,-2.6758],[120.387,-2.6746],[120.392,-2.6771],[120.3914,-2.6824],[120.3991,-2.6785],[120.4,-2.6803],[120.3965,-2.6829],[120.3964,-2.6851],[120.4026,-2.6843],[120.4007,-2.6904],[120.4078,-2.689],[120.4102,-2.6945],[120.4139,-2.6934],[120.4173,-2.6955],[120.4249,-2.6953],[120.4298,-2.6922],[120.431,-2.696],[120.4352,-2.6949],[120.4323,-2.698],[120.4327,-2.6994],[120.4376,-2.6976],[120.4417,-2.6997],[120.4448,-2.6974],[120.4454,-2.7023],[120.4499,-2.7005],[120.4505,-2.6954],[120.4644,-2.6929],[120.4636,-2.7036],[120.4648,-2.706],[120.4734,-2.7063],[120.4805,-2.7166],[120.4859,-2.7147],[120.4879,-2.719],[120.4936,-2.7157],[120.4967,-2.7182],[120.4989,-2.717],[120.5119,-2.705],[120.5317,-2.706],[120.5314,-2.7118],[120.5334,-2.7134],[120.5328,-2.7167],[120.5302,-2.7181],[120.5321,-2.7211],[120.5352,-2.7185],[120.5412,-2.7189],[120.5439,-2.7172],[120.5513,-2.7245],[120.5557,-2.7234],[120.5645,-2.7245],[120.5407,-2.7388],[120.5396,-2.7445],[120.5407,-2.7469],[120.5377,-2.7487],[120.5387,-2.7512],[120.5327,-2.7537],[120.5315,-2.7579],[120.53,-2.7573],[120.5272,-2.7615],[120.5236,-2.761],[120.518,-2.7697],[120.5058,-2.7747],[120.5018,-2.7727],[120.4982,-2.7792],[120.4924,-2.7812],[120.4919,-2.7798],[120.4908,-2.7824],[120.4865,-2.7848],[120.4901,-2.7877],[120.4845,-2.7897],[120.4855,-2.7906],[120.4838,-2.7958],[120.4812,-2.7961],[120.4781,-2.8025],[120.4731,-2.8065],[120.4669,-2.8081],[120.4668,-2.8123],[120.4629,-2.8149],[120.4614,-2.8136],[120.4556,-2.8199],[120.4554,-2.8219],[120.4497,-2.8253],[120.4485,-2.8245],[120.4477,-2.8268],[120.4407,-2.8303],[120.4393,-2.8296],[120.4375,-2.8316],[120.4331,-2.8318],[120.4317,-2.8296],[120.4277,-2.8374]]],"type":"MultiPolygon"}},{"type":"Feature","properties":{"id_kec":"73.22.02","nama_kec":"Bone Bone","id_kab":"7322","nama_kab":"Luwu Utara"},"geometry":{"coordinates":[[[120.5654,-2.7237],[120.5513,-2.7245],[120.5439,-2.7172],[120.5311,-2.7204],[120.5302,-2.7181],[120.5328,-2.7167],[120.5334,-2.7134],[120.5314,-2.7118],[120.5315,-2.7013],[120.5242,-2.6972],[120.5245,-2.6949],[120.5216,-2.6919],[120.5221,-2.6898],[120.5188,-2.6881],[120.5188,-2.6849],[120.5132,-2.6823],[120.5116,-2.6783],[120.5118,-2.6713],[120.5106,-2.6713],[120.5099,-2.6742],[120.5082,-2.6741],[120.5043,-2.6533],[120.5065,-2.6428],[120.5061,-2.6411],[120.5049,-2.6419],[120.5029,-2.626],[120.5046,-2.6246],[120.5044,-2.6214],[120.5061,-2.6211],[120.504,-2.6182],[120.5064,-2.613],[120.5047,-2.6114],[120.5067,-2.6109],[120.5054,-2.6108],[120.5044,-2.604],[120.5002,-2.6041],[120.5006,-2.6008],[120.5035,-2.6007],[120.5017,-2.5954],[120.5047,-2.5921],[120.4979,-2.5852],[120.5022,-2.572],[120.4962,-2.5573],[120.4947,-2.5464],[120.4954,-2.5401],[120.4984,-2.5341],[120.5168,-2.5088],[120.5145,-2.5068],[120.5066,-2.5046],[120.5065,-2.5027],[120.5227,-2.4916],[120.5303,-2.4896],[120.531,-2.487],[120.5462,-2.4733],[120.5552,-2.4429],[120.562,-2.4459],[120.5667,-2.4552],[120.5728,-2.456],[120.5748,-2.4582],[120.5743,-2.468],[120.581,-2.4839],[120.5809,-2.4883],[120.5856,-2.4929],[120.5881,-2.4982],[120.5918,-2.5104],[120.5903,-2.5152],[120.5978,-2.5232],[120.5982,-2.5282],[120.597,-2.5299],[120.599,-2.5334],[120.5986,-2.5359],[120.6044,-2.5394],[120.6054,-2.5439],[120.6082,-2.5473],[120.6077,-2.551],[120.61,-2.5598],[120.6115,-2.5576],[120.6148,-2.5602],[120.6125,-2.5617],[120.6118,-2.5655],[120.6156,-2.5704],[120.615,-2.5721],[120.6204,-2.5701],[120.6205,-2.5772],[120.6173,-2.5768],[120.6207,-2.585],[120.6283,-2.586],[120.6324,-2.5913],[120.6359,-2.59],[120.6356,-2.5935],[120.6397,-2.6009],[120.6328,-2.6048],[120.635,-2.6093],[120.6372,-2.6101],[120.6369,-2.6147],[120.6312,-2.6202],[120.6353,-2.6219],[120.635,-2.6241],[120.638,-2.627],[120.6417,-2.638],[120.6464,-2.6421],[120.645,-2.6435],[120.6458,-2.6501],[120.6507,-2.6535],[120.6505,-2.6546],[120.648,-2.6536],[120.6487,-2.6561],[120.6536,-2.6606],[120.6527,-2.662],[120.6543,-2.6614],[120.6536,-2.6646],[120.656,-2.6666],[120.6517,-2.669],[120.649,-2.6687],[120.6331,-2.6822],[120.6223,-2.6835],[120.6155,-2.6811],[120.6112,-2.6814],[120.6082,-2.6785],[120.6012,-2.6791],[120.5938,-2.6837],[120.5873,-2.6856],[120.5831,-2.6845],[120.5765,-2.6882],[120.573,-2.6856],[120.5715,-2.6861],[120.5698,-2.6895],[120.5703,-2.6951],[120.5733,-2.6959],[120.5746,-2.7003],[120.5732,-2.7052],[120.5695,-2.7083],[120.571,-2.7148],[120.5641,-2.721],[120.5654,-2.7237]]],"type":"MultiPolygon"}},{"type":"Feature","properties":{"id_kec":"73.22.03","nama_kec":"Masamba","id_kab":"7322","nama_kab":"Luwu Utara"},"geometry":{"coordinates":[[[120.3414,-2.6375],[120.3367,-2.6367],[120.3326,-2.631],[120.3275,-2.6285],[120.3275,-2.6252],[120.3256,-2.625],[120.3239,-2.6201],[120.3192,-2.6194],[120.3169,-2.614],[120.3089,-2.6118],[120.3095,-2.6101],[120.3068,-2.6099],[120.3062,-2.6084],[120.3052,-2.6091],[120.3047,-2.6055],[120.3059,-2.604],[120.3045,-2.6022],[120.3017,-2.6036],[120.2987,-2.5997],[120.2947,-2.5981],[120.2923,-2.5996],[120.2925,-2.5983],[120.289,-2.5981],[120.2858,-2.5942],[120.2886,-2.5883],[120.2937,-2.5831],[120.2954,-2.5839],[120.2948,-2.5818],[120.2982,-2.5799],[120.3015,-2.5745],[120.3001,-2.5708],[120.3057,-2.5637],[120.3043,-2.5533],[120.2917,-2.5457],[120.2823,-2.5335],[120.2696,-2.5278],[120.2676,-2.5212],[120.2599,-2.5133],[120.2593,-2.5081],[120.2511,-2.5037],[120.246,-2.5027],[120.2462,-2.4998],[120.2424,-2.4963],[120.2453,-2.4925],[120.2422,-2.4872],[120.2357,-2.4848],[120.2338,-2.4825],[120.2118,-2.4755],[120.1955,-2.4683],[120.1856,-2.4588],[120.1789,-2.4445],[120.1702,-2.4166],[120.1667,-2.409],[120.1597,-2.4004],[120.1486,-2.3933],[120.1138,-2.3899],[120.1008,-2.386],[120.0953,-2.3784],[120.088,-2.3612],[120.0763,-2.3496],[120.0742,-2.3452],[120.0747,-2.3385],[120.0674,-2.3312],[120.0625,-2.3287],[120.0594,-2.3221],[120.0534,-2.3154],[120.0531,-2.2992],[120.0511,-2.2951],[120.0606,-2.2947],[120.1288,-2.2714],[120.1642,-2.2633],[120.176,-2.2633],[120.1923,-2.2661],[120.2087,-2.2716],[120.2504,-2.2771],[120.2622,-2.2753],[120.2904,-2.2644],[120.3122,-2.2636],[120.3413,-2.2663],[120.3667,-2.2618],[120.3827,-2.2567],[120.3937,-2.2555],[120.4211,-2.2608],[120.4307,-2.2597],[120.442,-2.2654],[120.4463,-2.2658],[120.4627,-2.2614],[120.475,-2.2638],[120.4776,-2.2718],[120.4799,-2.2726],[120.4832,-2.28],[120.4923,-2.282],[120.4983,-2.2861],[120.5084,-2.3012],[120.5123,-2.3171],[120.5169,-2.322],[120.5273,-2.3258],[120.5305,-2.3316],[120.5335,-2.3557],[120.5276,-2.3663],[120.5226,-2.3798],[120.5316,-2.3813],[120.5391,-2.3944],[120.5446,-2.3964],[120.5431,-2.3992],[120.5297,-2.4045],[120.4213,-2.4618],[120.4047,-2.4872],[120.3702,-2.4995],[120.3683,-2.5051],[120.3645,-2.5051],[120.3625,-2.5098],[120.3633,-2.5137],[120.3579,-2.5201],[120.3592,-2.5234],[120.3548,-2.5317],[120.3557,-2.5333],[120.3592,-2.533],[120.3568,-2.5411],[120.358,-2.5423],[120.3616,-2.5405],[120.363,-2.5457],[120.3556,-2.5586],[120.3544,-2.5713],[120.3562,-2.5788],[120.3641,-2.5829],[120.3646,-2.586],[120.3671,-2.5883],[120.3658,-2.5902],[120.3621,-2.5903],[120.3605,-2.5943],[120.358,-2.5947],[120.3561,-2.5926],[120.3544,-2.5947],[120.3626,-2.5981],[120.3624,-2.6006],[120.3594,-2.6038],[120.3605,-2.6058],[120.3648,-2.6029],[120.3669,-2.609],[120.3694,-2.6093],[120.3716,-2.6071],[120.3736,-2.6089],[120.3723,-2.6139],[120.3674,-2.614],[120.3668,-2.6162],[120.3717,-2.6193],[120.375,-2.6245],[120.3734,-2.6265],[120.3699,-2.6243],[120.3665,-2.6253],[120.3732,-2.6293],[120.3736,-2.6316],[120.3677,-2.6329],[120.3709,-2.6385],[120.3667,-2.6389],[120.3645,-2.6419],[120.3685,-2.6445],[120.3671,-2.6486],[120.3718,-2.6491],[120.3712,-2.6519],[120.3687,-2.6528],[120.3688,-2.655],[120.3757,-2.6562],[120.3748,-2.6588],[120.3695,-2.6594],[120.3686,-2.661],[120.3746,-2.6634],[120.375,-2.6656],[120.3708,-2.6657],[120.3661,-2.6688],[120.363,-2.6671],[120.3603,-2.6691],[120.3593,-2.665],[120.3567,-2.6644],[120.3551,-2.6659],[120.3516,-2.6608],[120.3467,-2.6608],[120.3465,-2.659],[120.3438,-2.6587],[120.341,-2.6523],[120.3394,-2.6543],[120.3339,-2.6534],[120.3333,-2.651],[120.3371,-2.6473],[120.3371,-2.6409],[120.3402,-2.6415],[120.3414,-2.6375]]],"type":"MultiPolygon"}},{"type":"Feature","properties":{"id_kec":"73.22.04","nama_kec":"Sabbang","id_kab":"7322","nama_kab":"Luwu Utara"},"geometry":{"coordinates":[[[120.2381,-2.712],[120.2411,-2.7132],[120.2403,-2.7204],[120.2465,-2.7227],[120.2475,-2.7252],[120.2465,-2.7296],[120.2426,-2.7296],[120.2438,-2.7325],[120.2427,-2.7345],[120.2375,-2.7357],[120.2365,-2.7373],[120.2356,-2.7428],[120.2383,-2.749],[120.2412,-2.7513],[120.2389,-2.7537],[120.2399,-2.758],[120.2348,-2.7631],[120.2332,-2.7677],[120.2299,-2.7698],[120.2295,-2.7849],[120.2267,-2.7883],[120.2271,-2.7905],[120.2251,-2.7918],[120.2294,-2.7976],[120.2273,-2.803],[120.2273,-2.7991],[120.2222,-2.7976],[120.2163,-2.7889],[120.2137,-2.788],[120.2121,-2.7897],[120.2099,-2.7878],[120.2057,-2.7816],[120.2032,-2.7813],[120.2039,-2.7791],[120.1957,-2.7726],[120.1965,-2.7713],[120.1949,-2.7692],[120.1895,-2.7662],[120.1868,-2.7672],[120.1824,-2.7639],[120.179,-2.7557],[120.1738,-2.7498],[120.1711,-2.736],[120.1684,-2.7355],[120.1667,-2.7333],[120.157,-2.7312],[120.1539,-2.7273],[120.1596,-2.7263],[120.1451,-2.7192],[120.1418,-2.7134],[120.1376,-2.7105],[120.1392,-2.7085],[120.1309,-2.7031],[120.1336,-2.6976],[120.136,-2.6979],[120.1398,-2.6903],[120.1384,-2.6818],[120.1346,-2.6771],[120.1298,-2.6737],[120.1241,-2.6744],[120.1113,-2.6718],[120.1019,-2.6659],[120.094,-2.6748],[120.0901,-2.6852],[120.0822,-2.6954],[120.0719,-2.6974],[120.0688,-2.6959],[120.0648,-2.6907],[120.0603,-2.6905],[120.0574,-2.694],[120.0501,-2.6971],[120.0459,-2.701],[120.0157,-2.6977],[119.9977,-2.7006],[119.995,-2.7012],[119.986,-2.7087],[119.9571,-2.7177],[119.9481,-2.7173],[119.9379,-2.7226],[119.9402,-2.7054],[119.9587,-2.6858],[119.9781,-2.672],[119.9872,-2.6609],[119.9983,-2.6397],[120.0014,-2.6078],[120.0055,-2.5983],[120.0128,-2.5948],[120.0219,-2.5849],[120.0285,-2.5823],[120.043,-2.5882],[120.0579,-2.588],[120.0602,-2.5851],[120.0602,-2.5756],[120.0627,-2.5711],[120.0767,-2.5678],[120.086,-2.561],[120.0894,-2.5562],[120.0885,-2.5494],[120.0937,-2.5436],[120.0939,-2.5386],[120.0838,-2.5335],[120.0785,-2.5229],[120.0759,-2.5113],[120.0631,-2.5019],[120.0587,-2.4935],[120.0649,-2.4756],[120.0789,-2.4554],[120.1053,-2.4228],[120.1077,-2.4111],[120.1088,-2.3889],[120.1326,-2.3923],[120.1416,-2.3916],[120.1486,-2.3933],[120.1597,-2.4004],[120.1667,-2.409],[120.1702,-2.4166],[120.1789,-2.4445],[120.1856,-2.4588],[120.1955,-2.4683],[120.2118,-2.4755],[120.1872,-2.4933],[120.1945,-2.5041],[120.1978,-2.5302],[120.2158,-2.5588],[120.2235,-2.5791],[120.2299,-2.5869],[120.2297,-2.5888],[120.234,-2.5899],[120.2501,-2.6015],[120.2473,-2.6069],[120.2501,-2.611],[120.2495,-2.6156],[120.2414,-2.6322],[120.2448,-2.6341],[120.2444,-2.636],[120.2545,-2.6474],[120.2473,-2.6601],[120.24,-2.6674],[120.2399,-2.701],[120.2381,-2.712]]],"type":"MultiPolygon"}},{"type":"Feature","properties":{"id_kec":"73.22.06","nama_kec":"Sukamaju","id_kab":"7322","nama_kab":"Luwu Utara"},"geometry":{"coordinates":[[[120.4458,-2.6859],[120.4427,-2.6818],[120.4406,-2.6818],[120.4404,-2.6776],[120.435,-2.6715],[120.4316,-2.671],[120.4288,-2.6652],[120.4252,-2.6639],[120.4255,-2.6613],[120.421,-2.6516],[120.4202,-2.6464],[120.4226,-2.6441],[120.4214,-2.6417],[120.4242,-2.6388],[120.4201,-2.6317],[120.4199,-2.6244],[120.4156,-2.6238],[120.4152,-2.6079],[120.4032,-2.6098],[120.4028,-2.6051],[120.3996,-2.6051],[120.3931,-2.6001],[120.3916,-2.5959],[120.3931,-2.594],[120.3896,-2.5894],[120.3932,-2.5833],[120.3943,-2.575],[120.3967,-2.5738],[120.3966,-2.5719],[120.3997,-2.569],[120.3989,-2.5636],[120.4008,-2.5622],[120.4012,-2.5581],[120.4035,-2.5574],[120.408,-2.5453],[120.4137,-2.5371],[120.4163,-2.5362],[120.4297,-2.5389],[120.4341,-2.5346],[120.447,-2.53],[120.4502,-2.5272],[120.4501,-2.5223],[120.4559,-2.5118],[120.4554,-2.51],[120.4605,-2.4951],[120.4594,-2.4904],[120.4611,-2.4888],[120.4607,-2.4846],[120.4624,-2.4809],[120.4656,-2.4807],[120.4683,-2.4838],[120.4732,-2.4768],[120.4815,-2.4757],[120.4864,-2.4718],[120.4897,-2.4672],[120.4986,-2.4448],[120.5287,-2.42],[120.5439,-2.4151],[120.5424,-2.4284],[120.5552,-2.4429],[120.5471,-2.4712],[120.5418,-2.4779],[120.531,-2.487],[120.5303,-2.4896],[120.5227,-2.4916],[120.5065,-2.5027],[120.5066,-2.5046],[120.5145,-2.5068],[120.5168,-2.5088],[120.4984,-2.5341],[120.4954,-2.5401],[120.4947,-2.5464],[120.4962,-2.5573],[120.5022,-2.572],[120.4979,-2.5852],[120.5047,-2.5921],[120.5017,-2.5954],[120.5035,-2.6007],[120.5006,-2.6008],[120.5002,-2.6041],[120.5044,-2.604],[120.5054,-2.6108],[120.5067,-2.6109],[120.5047,-2.6114],[120.5064,-2.613],[120.504,-2.6182],[120.5061,-2.6211],[120.5044,-2.6214],[120.5046,-2.6246],[120.5029,-2.6257],[120.5049,-2.6419],[120.5061,-2.6411],[120.5065,-2.6428],[120.5043,-2.6533],[120.507,-2.6641],[120.5067,-2.6698],[120.5086,-2.6746],[120.5106,-2.6713],[120.5123,-2.6719],[120.5116,-2.6783],[120.5132,-2.6823],[120.5188,-2.6849],[120.5188,-2.6881],[120.5221,-2.6898],[120.5216,-2.6919],[120.5245,-2.6949],[120.5242,-2.6972],[120.5311,-2.7006],[120.5317,-2.706],[120.5119,-2.705],[120.4989,-2.717],[120.4967,-2.7182],[120.4936,-2.7157],[120.4879,-2.719],[120.4859,-2.7147],[120.4805,-2.7166],[120.4734,-2.7063],[120.4648,-2.706],[120.4636,-2.7036],[120.4644,-2.6929],[120.4505,-2.6954],[120.4499,-2.7005],[120.445,-2.7021],[120.4478,-2.6935],[120.4456,-2.6901],[120.4458,-2.6859]]],"type":"MultiPolygon"}},{"type":"Feature","properties":{"id_kec":"73.22.07","nama_kec":"Seko","id_kab":"7322","nama_kab":"Luwu Utara"},"geometry":{"coordinates":[[[119.7313,-2.5003],[119.7266,-2.4923],[119.7005,-2.4738],[119.6943,-2.4606],[119.6969,-2.4454],[119.7126,-2.4245],[119.7158,-2.4179],[119.7198,-2.4043],[119.7184,-2.4002],[119.6908,-2.3544],[119.6904,-2.3515],[119.6945,-2.3421],[119.6927,-2.3365],[119.688,-2.3335],[119.6803,-2.3393],[119.6736,-2.3394],[119.6706,-2.336],[119.6703,-2.3329],[119.6658,-2.3309],[119.664,-2.3274],[119.6552,-2.3263],[119.6542,-2.3226],[119.6504,-2.3201],[119.65,-2.3158],[119.6435,-2.3135],[119.641,-2.3073],[119.6323,-2.2978],[119.6286,-2.2959],[119.6362,-2.2798],[119.6344,-2.2776],[119.6324,-2.2609],[119.6292,-2.2532],[119.6326,-2.2425],[119.6517,-2.2365],[119.6523,-2.2336],[119.6574,-2.2338],[119.6575,-2.2317],[119.6682,-2.2161],[119.6749,-2.2099],[119.6849,-2.208],[119.6912,-2.209],[119.7065,-2.1981],[119.7071,-2.1948],[119.7115,-2.1898],[119.727,-2.1774],[119.7271,-2.1716],[119.7293,-2.1663],[119.7376,-2.1622],[119.7432,-2.1543],[119.7512,-2.1551],[119.7619,-2.1454],[119.7637,-2.139],[119.7627,-2.1356],[119.7665,-2.13],[119.7663,-2.124],[119.7699,-2.121],[119.782,-2.1166],[119.7918,-2.1087],[119.8046,-2.1119],[119.81,-2.1035],[119.8151,-2.1009],[119.8169,-2.0962],[119.8157,-2.0848],[119.8193,-2.0809],[119.8208,-2.0744],[119.8182,-2.0686],[119.8174,-2.0617],[119.8206,-2.0551],[119.827,-2.0474],[119.8357,-2.0449],[119.8435,-2.0458],[119.8515,-2.0418],[119.8566,-2.0334],[119.8624,-2.0319],[119.8624,-2.0271],[119.8684,-2.019],[119.8703,-2.0181],[119.8734,-2.0211],[119.8682,-2.0275],[119.8716,-2.0345],[119.8793,-2.038],[119.8839,-2.0462],[119.8911,-2.0497],[119.8938,-2.0489],[119.8968,-2.054],[119.901,-2.0554],[119.9091,-2.0534],[119.9207,-2.0337],[119.9244,-2.0339],[119.9304,-2.0375],[119.9366,-2.0352],[119.9393,-2.0308],[119.944,-2.0293],[119.9452,-2.0273],[119.9438,-2.0224],[119.9452,-2.0202],[119.9445,-2.0155],[119.9523,-2.0094],[119.9555,-2.0038],[119.9638,-2.0003],[119.9645,-1.9896],[119.9684,-1.9773],[119.972,-1.975],[119.9838,-1.9736],[119.9913,-1.966],[120.01,-1.9644],[120.0157,-1.97],[120.0216,-1.9677],[120.0339,-1.9726],[120.0408,-1.9805],[120.0509,-1.9848],[120.0535,-1.9822],[120.0613,-1.9809],[120.0868,-1.9799],[120.1104,-1.9921],[120.1134,-1.992],[120.1144,-2.0068],[120.1048,-2.0196],[120.1036,-2.0267],[120.1055,-2.0384],[120.0984,-2.0548],[120.0977,-2.0626],[120.0933,-2.0722],[120.094,-2.0873],[120.0908,-2.0881],[120.0839,-2.0959],[120.0717,-2.1031],[120.0658,-2.1116],[120.062,-2.1256],[120.0623,-2.1518],[120.0672,-2.1811],[120.0774,-2.1956],[120.0892,-2.2087],[120.0913,-2.2126],[120.0917,-2.2207],[120.0655,-2.265],[120.0575,-2.2868],[120.0532,-2.2887],[120.051,-2.2948],[120.0531,-2.2992],[120.0534,-2.3154],[120.0594,-2.3221],[120.0625,-2.3287],[120.0674,-2.3312],[120.0747,-2.3385],[120.0742,-2.3452],[120.0763,-2.3496],[120.088,-2.3612],[120.0977,-2.3823],[120.1038,-2.3879],[120.1088,-2.3889],[120.1077,-2.4111],[120.1053,-2.4228],[120.0803,-2.4539],[120.0084,-2.4434],[119.9911,-2.4473],[119.9831,-2.4607],[119.9791,-2.464],[119.9751,-2.4634],[119.9711,-2.456],[119.9692,-2.4433],[119.9606,-2.4272],[119.9453,-2.4138],[119.8696,-2.4122],[119.861,-2.4212],[119.8562,-2.422],[119.8366,-2.4201],[119.8303,-2.4237],[119.822,-2.4255],[119.8135,-2.4422],[119.8102,-2.4536],[119.8035,-2.4603],[119.7815,-2.4756],[119.7754,-2.503],[119.7514,-2.517],[119.7468,-2.5237],[119.7427,-2.5485],[119.7394,-2.5545],[119.7274,-2.5665],[119.721,-2.5792],[119.7105,-2.5694],[119.7095,-2.5665],[119.711,-2.5545],[119.7265,-2.5268],[119.7302,-2.5129],[119.7313,-2.5003]]],"type":"MultiPolygon"}},{"type":"Feature","properties":{"id_kec":"73.22.08","nama_kec":"Malangke Barat","id_kab":"7322","nama_kab":"Luwu Utara"},"geometry":{"coordinates":[[[120.3873,-2.7926],[120.3849,-2.8135],[120.3868,-2.8221],[120.3883,-2.8219],[120.3902,-2.8252],[120.4004,-2.8229],[120.4038,-2.8254],[120.4124,-2.8236],[120.4103,-2.8288],[120.4121,-2.8331],[120.4089,-2.8337],[120.4076,-2.836],[120.4104,-2.8375],[120.4151,-2.8358],[120.4207,-2.8403],[120.4168,-2.8431],[120.4094,-2.8428],[120.4044,-2.8464],[120.3997,-2.8476],[120.3968,-2.8514],[120.3902,-2.8535],[120.376,-2.8616],[120.3623,-2.8661],[120.356,-2.8644],[120.3559,-2.8677],[120.352,-2.8673],[120.3469,-2.8699],[120.3457,-2.8711],[120.347,-2.8737],[120.3449,-2.8779],[120.3351,-2.8865],[120.3327,-2.8866],[120.3334,-2.891],[120.3313,-2.896],[120.3247,-2.9],[120.3244,-2.9025],[120.3161,-2.9062],[120.3157,-2.9081],[120.3077,-2.9088],[120.3029,-2.9065],[120.2997,-2.9092],[120.2953,-2.9181],[120.2933,-2.9173],[120.293,-2.9138],[120.2896,-2.9146],[120.287,-2.9091],[120.2847,-2.9087],[120.2848,-2.9053],[120.2817,-2.9041],[120.2832,-2.9017],[120.2673,-2.8944],[120.267,-2.8914],[120.2725,-2.8886],[120.2713,-2.8866],[120.2741,-2.8834],[120.273,-2.8786],[120.2746,-2.8774],[120.2733,-2.8765],[120.2738,-2.8728],[120.2768,-2.8676],[120.2704,-2.8599],[120.2713,-2.8569],[120.27,-2.8537],[120.2677,-2.8511],[120.2662,-2.8516],[120.2644,-2.8485],[120.2602,-2.8478],[120.2611,-2.8416],[120.2556,-2.8383],[120.2553,-2.8333],[120.2565,-2.8301],[120.2589,-2.8292],[120.2582,-2.8264],[120.2606,-2.8245],[120.2591,-2.8232],[120.2552,-2.8238],[120.2628,-2.8033],[120.2603,-2.7975],[120.2545,-2.7943],[120.252,-2.79],[120.254,-2.7837],[120.2607,-2.7828],[120.2649,-2.7746],[120.2654,-2.7704],[120.2609,-2.7684],[120.2615,-2.7606],[120.2631,-2.7583],[120.2655,-2.7573],[120.2681,-2.7597],[120.2702,-2.755],[120.2818,-2.7553],[120.2818,-2.7513],[120.2841,-2.7492],[120.2879,-2.7487],[120.2903,-2.7506],[120.2908,-2.7486],[120.2988,-2.7449],[120.3016,-2.7407],[120.3168,-2.7421],[120.3213,-2.7298],[120.3655,-2.7269],[120.3662,-2.7301],[120.3708,-2.7336],[120.3723,-2.7375],[120.3767,-2.7398],[120.3795,-2.7446],[120.3788,-2.752],[120.3732,-2.7543],[120.3777,-2.7724],[120.3837,-2.7724],[120.3826,-2.7823],[120.3873,-2.7926]]],"type":"MultiPolygon"}},{"type":"Feature","properties":{"id_kec":"73.22.09","nama_kec":"Rampi","id_kab":"7322","nama_kab":"Luwu Utara"},"geometry":{"coordinates":[[[120.1444,-2.2677],[120.1288,-2.2714],[120.0606,-2.2947],[120.0511,-2.2951],[120.0532,-2.2887],[120.0575,-2.2868],[120.0655,-2.265],[120.0917,-2.2207],[120.0913,-2.2126],[120.0892,-2.2087],[120.0774,-2.1956],[120.0672,-2.1811],[120.0623,-2.1518],[120.062,-2.1256],[120.0658,-2.1116],[120.0717,-2.1031],[120.0839,-2.0959],[120.0908,-2.0881],[120.094,-2.0873],[120.0933,-2.0722],[120.0977,-2.0626],[120.0984,-2.0548],[120.1055,-2.0384],[120.1036,-2.0254],[120.107,-2.0152],[120.1144,-2.0068],[120.115,-2.009],[120.1194,-2.0124],[120.1373,-2.0201],[120.146,-2.0226],[120.1519,-2.0226],[120.1642,-2.0296],[120.184,-2.0355],[120.2034,-2.0362],[120.2178,-2.0326],[120.2324,-2.0321],[120.2383,-2.029],[120.2706,-2.0283],[120.2824,-2.0326],[120.2916,-2.0402],[120.3111,-2.0506],[120.3173,-2.0519],[120.3349,-2.0616],[120.3398,-2.0613],[120.3447,-2.0567],[120.3493,-2.0301],[120.357,-2.019],[120.358,-2.0129],[120.3619,-2.0108],[120.3629,-1.9916],[120.3721,-1.9629],[120.3754,-1.9611],[120.3793,-1.9534],[120.3795,-1.9452],[120.3888,-1.8975],[120.3908,-1.8952],[120.4034,-1.8955],[120.4085,-1.8973],[120.4188,-1.9145],[120.4274,-1.9241],[120.4416,-1.9365],[120.4462,-1.9373],[120.4618,-1.9537],[120.4657,-1.9611],[120.4705,-1.9629],[120.477,-1.9778],[120.4798,-1.9799],[120.4808,-1.9842],[120.4839,-1.9873],[120.4839,-2.0021],[120.5028,-2.0296],[120.5213,-2.051],[120.5123,-2.0604],[120.5082,-2.0695],[120.5107,-2.0784],[120.5155,-2.0824],[120.5187,-2.09],[120.5128,-2.098],[120.5151,-2.1262],[120.5201,-2.144],[120.5183,-2.1478],[120.5122,-2.1534],[120.5074,-2.1654],[120.5089,-2.1701],[120.5081,-2.1807],[120.5029,-2.2009],[120.5008,-2.205],[120.4897,-2.209],[120.4882,-2.2115],[120.4891,-2.2149],[120.487,-2.2198],[120.4886,-2.2241],[120.4863,-2.2319],[120.4754,-2.2406],[120.472,-2.2471],[120.4717,-2.254],[120.4736,-2.2564],[120.475,-2.2638],[120.4627,-2.2614],[120.4463,-2.2658],[120.442,-2.2654],[120.4307,-2.2597],[120.4211,-2.2608],[120.405,-2.2567],[120.3876,-2.2557],[120.3667,-2.2618],[120.3413,-2.2663],[120.3122,-2.2636],[120.2904,-2.2644],[120.2622,-2.2753],[120.2504,-2.2771],[120.2087,-2.2716],[120.1923,-2.2661],[120.176,-2.2633],[120.1642,-2.2633],[120.1444,-2.2677]]],"type":"MultiPolygon"}},{"type":"Feature","properties":{"id_kec":"73.22.10","nama_kec":"Mappedeceng","id_kab":"7322","nama_kab":"Luwu Utara"},"geometry":{"coordinates":[[[120.4279,-2.6927],[120.4259,-2.6951],[120.4173,-2.6955],[120.4139,-2.6934],[120.4095,-2.6943],[120.4078,-2.689],[120.4007,-2.6904],[120.403,-2.6848],[120.4012,-2.684],[120.3975,-2.6859],[120.3961,-2.6844],[120.3995,-2.6812],[120.3997,-2.679],[120.3975,-2.6783],[120.3914,-2.6824],[120.392,-2.6771],[120.387,-2.6746],[120.3844,-2.6758],[120.3833,-2.6815],[120.3811,-2.6768],[120.3755,-2.6787],[120.3657,-2.6761],[120.3708,-2.673],[120.3668,-2.671],[120.3663,-2.6685],[120.3754,-2.6649],[120.3746,-2.6634],[120.3701,-2.6625],[120.3689,-2.6599],[120.3739,-2.6594],[120.3757,-2.6562],[120.3688,-2.655],[120.3687,-2.6528],[120.3712,-2.6519],[120.3718,-2.6491],[120.3671,-2.6486],[120.3685,-2.6445],[120.3645,-2.6419],[120.3667,-2.6389],[120.3709,-2.6385],[120.3677,-2.6329],[120.3736,-2.6316],[120.3732,-2.6293],[120.3665,-2.6253],[120.3699,-2.6243],[120.3734,-2.6265],[120.375,-2.6245],[120.3717,-2.6193],[120.3668,-2.6162],[120.3674,-2.614],[120.3723,-2.6139],[120.3732,-2.6078],[120.3669,-2.609],[120.3648,-2.6029],[120.3605,-2.6058],[120.3594,-2.6038],[120.3624,-2.6006],[120.3626,-2.5981],[120.3544,-2.5947],[120.3561,-2.5926],[120.358,-2.5947],[120.3605,-2.5943],[120.3621,-2.5903],[120.3658,-2.5902],[120.3671,-2.5883],[120.3646,-2.586],[120.3641,-2.5829],[120.3567,-2.5793],[120.3545,-2.5752],[120.3556,-2.5586],[120.363,-2.5457],[120.3616,-2.5405],[120.358,-2.5423],[120.3568,-2.5411],[120.3592,-2.533],[120.3557,-2.5333],[120.3548,-2.5317],[120.3592,-2.5234],[120.3579,-2.5201],[120.3633,-2.5137],[120.3625,-2.5103],[120.3639,-2.506],[120.3678,-2.5056],[120.3694,-2.5034],[120.3692,-2.5],[120.4047,-2.4872],[120.4213,-2.4618],[120.5297,-2.4045],[120.5431,-2.3992],[120.5452,-2.4101],[120.5439,-2.4151],[120.5287,-2.42],[120.4986,-2.4448],[120.4897,-2.4672],[120.4864,-2.4718],[120.4815,-2.4757],[120.4732,-2.4768],[120.4683,-2.4838],[120.4656,-2.4807],[120.4624,-2.4809],[120.4607,-2.4846],[120.4611,-2.4888],[120.4594,-2.4904],[120.4605,-2.4951],[120.4554,-2.51],[120.4559,-2.5118],[120.4501,-2.5223],[120.4502,-2.5272],[120.447,-2.53],[120.4341,-2.5346],[120.4297,-2.5389],[120.4163,-2.5362],[120.4137,-2.5371],[120.408,-2.5453],[120.4035,-2.5574],[120.4012,-2.5581],[120.4008,-2.5622],[120.3989,-2.5636],[120.3997,-2.569],[120.3966,-2.5719],[120.3967,-2.5738],[120.3944,-2.5747],[120.3932,-2.5833],[120.3896,-2.5894],[120.3931,-2.594],[120.3916,-2.5959],[120.3931,-2.6001],[120.3996,-2.6051],[120.4028,-2.6051],[120.4032,-2.6098],[120.4152,-2.6079],[120.4156,-2.6238],[120.4199,-2.6244],[120.4201,-2.6317],[120.4242,-2.6388],[120.4214,-2.6417],[120.4226,-2.6441],[120.4202,-2.6464],[120.421,-2.6516],[120.4255,-2.6613],[120.4252,-2.6639],[120.4288,-2.6652],[120.4316,-2.671],[120.435,-2.6715],[120.4404,-2.6776],[120.4406,-2.6818],[120.4427,-2.6818],[120.4466,-2.6876],[120.4456,-2.6901],[120.4477,-2.6915],[120.4477,-2.6966],[120.4457,-2.6984],[120.4437,-2.6974],[120.4417,-2.6997],[120.4376,-2.6976],[120.4336,-2.6996],[120.4323,-2.698],[120.4352,-2.6949],[120.431,-2.696],[120.4303,-2.6926],[120.4279,-2.6927]]],"type":"MultiPolygon"}},{"type":"Feature","properties":{"id_kec":"73.22.11","nama_kec":"Baebunta","id_kab":"7322","nama_kab":"Luwu Utara"},"geometry":{"coordinates":[[[120.316,-2.7169],[120.3146,-2.7242],[120.3214,-2.7303],[120.318,-2.7412],[120.3016,-2.7407],[120.2988,-2.7449],[120.2908,-2.7486],[120.2903,-2.7506],[120.2879,-2.7487],[120.2841,-2.7492],[120.2818,-2.7513],[120.2818,-2.7553],[120.2702,-2.755],[120.2681,-2.7597],[120.2655,-2.7573],[120.2617,-2.7603],[120.2609,-2.7684],[120.2654,-2.7704],[120.2649,-2.7746],[120.2607,-2.7828],[120.254,-2.7837],[120.252,-2.79],[120.2545,-2.7943],[120.2603,-2.7975],[120.2628,-2.8033],[120.2552,-2.8238],[120.2509,-2.8235],[120.2497,-2.8265],[120.2484,-2.8262],[120.2476,-2.8221],[120.2448,-2.8213],[120.2449,-2.8149],[120.2377,-2.8143],[120.2313,-2.8107],[120.2314,-2.8083],[120.2283,-2.8058],[120.2293,-2.7975],[120.2251,-2.7918],[120.2271,-2.7905],[120.2267,-2.7883],[120.2295,-2.7849],[120.2299,-2.7698],[120.2332,-2.7677],[120.2348,-2.7631],[120.2399,-2.758],[120.2389,-2.7537],[120.2412,-2.7507],[120.2383,-2.749],[120.2356,-2.7428],[120.2366,-2.7369],[120.2427,-2.7345],[120.2438,-2.7325],[120.2426,-2.7296],[120.2465,-2.7296],[120.2473,-2.7265],[120.247,-2.7231],[120.2403,-2.7204],[120.2411,-2.7132],[120.2379,-2.7119],[120.2399,-2.701],[120.24,-2.6674],[120.2473,-2.6601],[120.2545,-2.6474],[120.2444,-2.636],[120.2448,-2.6341],[120.2414,-2.6322],[120.2495,-2.6156],[120.2501,-2.611],[120.2473,-2.6069],[120.2501,-2.6015],[120.234,-2.5899],[120.2297,-2.5888],[120.2299,-2.5869],[120.2235,-2.5791],[120.2158,-2.5588],[120.1978,-2.5302],[120.1945,-2.5041],[120.1872,-2.4933],[120.2118,-2.4755],[120.2338,-2.4825],[120.2357,-2.4848],[120.2422,-2.4872],[120.2453,-2.4925],[120.2424,-2.4963],[120.2462,-2.4998],[120.246,-2.5027],[120.2511,-2.5037],[120.2593,-2.5081],[120.2599,-2.5133],[120.2676,-2.5212],[120.2696,-2.5278],[120.2823,-2.5335],[120.2917,-2.5457],[120.3043,-2.5533],[120.3057,-2.5637],[120.3001,-2.5708],[120.3015,-2.5745],[120.2982,-2.5799],[120.2948,-2.5818],[120.2954,-2.5839],[120.2937,-2.5831],[120.2886,-2.5883],[120.2858,-2.5942],[120.289,-2.5981],[120.2925,-2.5983],[120.2923,-2.5996],[120.2947,-2.5981],[120.2987,-2.5997],[120.3017,-2.6036],[120.3045,-2.6022],[120.3059,-2.604],[120.3047,-2.6055],[120.3052,-2.6091],[120.3062,-2.6084],[120.3068,-2.6099],[120.3095,-2.6101],[120.3089,-2.6118],[120.3169,-2.614],[120.3192,-2.6194],[120.3239,-2.6201],[120.3256,-2.625],[120.3275,-2.6252],[120.3275,-2.6285],[120.3326,-2.631],[120.3367,-2.6367],[120.3414,-2.6375],[120.3402,-2.6415],[120.3371,-2.6409],[120.3371,-2.6473],[120.3333,-2.651],[120.3336,-2.6531],[120.3394,-2.6543],[120.341,-2.6523],[120.3434,-2.6555],[120.3433,-2.6581],[120.3465,-2.659],[120.3467,-2.6608],[120.3516,-2.6608],[120.3551,-2.6659],[120.3567,-2.6644],[120.3593,-2.665],[120.3603,-2.6691],[120.3642,-2.6674],[120.3668,-2.671],[120.3707,-2.6727],[120.3666,-2.6748],[120.3665,-2.6767],[120.3755,-2.6787],[120.3802,-2.6767],[120.382,-2.6776],[120.3815,-2.6962],[120.3759,-2.7042],[120.3577,-2.7019],[120.3499,-2.7069],[120.3468,-2.704],[120.3355,-2.7029],[120.316,-2.7169]]],"type":"MultiPolygon"}},{"type":"Feature","properties":{"id_kec":"73.09.01","nama_kec":"Mandai","id_kab":"7309","nama_kab":"Maros"},"geometry":{"coordinates":[[[119.5424,-5.1107],[119.5419,-5.1064],[119.5387,-5.1042],[119.5405,-5.1034],[119.5409,-5.1007],[119.5389,-5.0999],[119.5374,-5.0937],[119.5414,-5.0834],[119.5381,-5.0798],[119.5363,-5.0736],[119.5325,-5.0719],[119.5311,-5.068],[119.5278,-5.0656],[119.5399,-5.0563],[119.541,-5.0483],[119.5467,-5.0494],[119.5453,-5.0464],[119.546,-5.044],[119.5447,-5.0431],[119.5472,-5.0379],[119.5617,-5.0497],[119.5683,-5.0414],[119.5737,-5.0398],[119.5887,-5.0444],[119.5943,-5.0443],[119.5912,-5.0607],[119.5887,-5.0627],[119.583,-5.0633],[119.5847,-5.0666],[119.5834,-5.0765],[119.5792,-5.0798],[119.5762,-5.0789],[119.573,-5.0804],[119.5742,-5.0934],[119.568,-5.0969],[119.5676,-5.0985],[119.5718,-5.1121],[119.577,-5.1189],[119.5907,-5.1309],[119.5791,-5.1324],[119.5655,-5.1257],[119.5655,-5.1189],[119.5639,-5.1157],[119.548,-5.1137],[119.5424,-5.1107]]],"type":"MultiPolygon"}},{"type":"Feature","properties":{"id_kec":"73.09.02","nama_kec":"Camba","id_kab":"7309","nama_kab":"Maros"},"geometry":{"coordinates":[[[119.8877,-4.973],[119.8882,-4.9803],[119.8838,-4.9929],[119.8616,-4.9798],[119.8541,-4.9789],[119.846,-4.975],[119.8397,-4.9665],[119.8294,-4.9652],[119.8224,-4.9623],[119.8218,-4.9581],[119.8164,-4.9484],[119.8115,-4.9523],[119.8088,-4.9449],[119.8006,-4.9402],[119.7969,-4.9403],[119.7865,-4.9341],[119.7838,-4.9295],[119.7861,-4.9276],[119.7928,-4.9271],[119.7981,-4.9239],[119.8027,-4.9267],[119.8054,-4.9241],[119.8003,-4.9134],[119.8018,-4.9099],[119.8002,-4.9066],[119.8047,-4.8863],[119.7976,-4.8747],[119.7983,-4.8714],[119.7937,-4.8679],[119.7941,-4.8655],[119.799,-4.8606],[119.8011,-4.8549],[119.8148,-4.8494],[119.8199,-4.8501],[119.8277,-4.8557],[119.8375,-4.8571],[119.8439,-4.8521],[119.8525,-4.8507],[119.8554,-4.8483],[119.8616,-4.8486],[119.8608,-4.8531],[119.8642,-4.8626],[119.8619,-4.8684],[119.865,-4.8728],[119.8639,-4.8814],[119.8766,-4.8959],[119.8816,-4.8963],[119.8876,-4.9007],[119.8927,-4.9073],[119.9032,-4.914],[119.9004,-4.9166],[119.8971,-4.916],[119.8992,-4.9191],[119.8961,-4.9205],[119.8946,-4.9275],[119.8944,-4.9308],[119.8967,-4.9298],[119.898,-4.9337],[119.8948,-4.9386],[119.9006,-4.9396],[119.9006,-4.9419],[119.8974,-4.9422],[119.8964,-4.9447],[119.8948,-4.9436],[119.8915,-4.9453],[119.8919,-4.9475],[119.8889,-4.9509],[119.8895,-4.9529],[119.8853,-4.9587],[119.8861,-4.9612],[119.884,-4.9622],[119.8877,-4.973]]],"type":"MultiPolygon"}},{"type":"Feature","properties":{"id_kec":"73.09.03","nama_kec":"Bantimurung","id_kab":"7309","nama_kab":"Maros"},"geometry":{"coordinates":[[[119.7549,-4.9763],[119.7547,-4.9782],[119.7468,-4.9824],[119.7447,-4.9881],[119.7384,-4.9928],[119.736,-5.0068],[119.7361,-5.0179],[119.7333,-5.0236],[119.7356,-5.03],[119.7311,-5.0361],[119.7259,-5.0376],[119.7131,-5.0361],[119.7029,-5.0282],[119.7001,-5.0154],[119.6934,-5.009],[119.6846,-5.0166],[119.6807,-5.0171],[119.6776,-5.0214],[119.6723,-5.0195],[119.6686,-5.0212],[119.6651,-5.018],[119.6625,-5.0198],[119.659,-5.019],[119.6587,-5.0212],[119.6538,-5.0182],[119.6521,-5.0194],[119.6499,-5.0145],[119.6475,-5.0131],[119.6472,-5.01],[119.6418,-5.0086],[119.6359,-5.0091],[119.633,-5.0109],[119.6312,-5.0163],[119.6277,-5.0189],[119.6118,-5.0183],[119.6089,-5.0173],[119.6011,-5.0094],[119.6006,-4.998],[119.6022,-4.9923],[119.6148,-4.9756],[119.6149,-4.9702],[119.6125,-4.9694],[119.6102,-4.9644],[119.603,-4.9626],[119.6017,-4.9578],[119.599,-4.955],[119.593,-4.9525],[119.5927,-4.9496],[119.5944,-4.947],[119.5929,-4.9435],[119.5937,-4.9419],[119.5983,-4.9435],[119.601,-4.9411],[119.6037,-4.941],[119.608,-4.9433],[119.6214,-4.9208],[119.6379,-4.9208],[119.6324,-4.9126],[119.6312,-4.9073],[119.6413,-4.9103],[119.6416,-4.9172],[119.6505,-4.9237],[119.6598,-4.9222],[119.6682,-4.9297],[119.6702,-4.9329],[119.6685,-4.9394],[119.6696,-4.9459],[119.6669,-4.9488],[119.6739,-4.9526],[119.6802,-4.9522],[119.6993,-4.9449],[119.7051,-4.945],[119.7155,-4.9412],[119.7209,-4.9416],[119.7467,-4.929],[119.7503,-4.931],[119.7515,-4.9364],[119.7571,-4.9381],[119.7574,-4.9554],[119.7549,-4.9763]]],"type":"MultiPolygon"}},{"type":"Feature","properties":{"id_kec":"73.09.04","nama_kec":"Maros Baru","id_kab":"7309","nama_kab":"Maros"},"geometry":{"coordinates":[[[119.5682,-5.0107],[119.5629,-5.0198],[119.5534,-5.0295],[119.5333,-5.0294],[119.5329,-5.0168],[119.5297,-5.0111],[119.5265,-5.0097],[119.5226,-5.0105],[119.5197,-5.007],[119.5143,-5.0097],[119.5103,-5.0043],[119.5079,-5.0043],[119.5061,-5.0125],[119.5032,-5.016],[119.5015,-5.0153],[119.4993,-5.018],[119.4961,-5.017],[119.4957,-5.015],[119.4922,-5.0162],[119.4893,-5.0105],[119.4936,-5.0056],[119.4924,-5.0003],[119.4829,-4.9879],[119.487,-4.9833],[119.4919,-4.9826],[119.4912,-4.9808],[119.5015,-4.96],[119.5049,-4.9613],[119.5041,-4.9643],[119.5059,-4.9653],[119.5082,-4.9609],[119.5099,-4.9683],[119.5144,-4.9674],[119.5207,-4.9745],[119.5211,-4.9782],[119.5233,-4.9788],[119.5462,-4.9703],[119.5482,-4.9739],[119.5524,-4.9747],[119.5545,-4.9767],[119.5538,-4.9782],[119.5556,-4.9788],[119.5556,-4.9854],[119.5593,-4.9873],[119.5577,-4.9944],[119.5609,-4.9931],[119.5624,-4.9943],[119.5648,-4.9933],[119.5733,-4.9948],[119.5682,-5.0107]]],"type":"MultiPolygon"}},{"type":"Feature","properties":{"id_kec":"73.09.05","nama_kec":"Bontoa","id_kab":"7309","nama_kab":"Maros"},"geometry":{"coordinates":[[[119.5633,-4.9387],[119.558,-4.9459],[119.5547,-4.9469],[119.5437,-4.9455],[119.5367,-4.9464],[119.5191,-4.9396],[119.5243,-4.924],[119.5237,-4.9154],[119.5196,-4.9024],[119.5121,-4.8923],[119.5137,-4.8869],[119.5182,-4.8825],[119.5253,-4.8852],[119.5277,-4.884],[119.53,-4.8923],[119.5372,-4.8904],[119.5427,-4.8925],[119.5542,-4.89],[119.5576,-4.8938],[119.5638,-4.8922],[119.5672,-4.8984],[119.5737,-4.8977],[119.5742,-4.8994],[119.5711,-4.899],[119.5703,-4.902],[119.5755,-4.905],[119.5856,-4.9036],[119.588,-4.8956],[119.5917,-4.8963],[119.5909,-4.8996],[119.595,-4.9047],[119.598,-4.9055],[119.5992,-4.9037],[119.5969,-4.903],[119.5962,-4.901],[119.6006,-4.9015],[119.5979,-4.8983],[119.6042,-4.895],[119.6007,-4.8942],[119.5997,-4.8925],[119.6018,-4.8937],[119.6033,-4.8923],[119.6021,-4.8904],[119.6034,-4.8871],[119.6038,-4.8901],[119.6073,-4.8887],[119.6094,-4.8901],[119.6119,-4.8879],[119.6284,-4.9025],[119.6425,-4.9061],[119.6413,-4.9103],[119.638,-4.9083],[119.6309,-4.9075],[119.6324,-4.9126],[119.6379,-4.9208],[119.6214,-4.9208],[119.6186,-4.9274],[119.6075,-4.9437],[119.6041,-4.941],[119.5999,-4.9419],[119.5987,-4.9356],[119.5939,-4.9377],[119.591,-4.9367],[119.5891,-4.9395],[119.5872,-4.9394],[119.5867,-4.9318],[119.5849,-4.9308],[119.5835,-4.9337],[119.5818,-4.9336],[119.5834,-4.9283],[119.5818,-4.9273],[119.5782,-4.9289],[119.575,-4.9281],[119.5702,-4.941],[119.5633,-4.9387]]],"type":"MultiPolygon"}},{"type":"Feature","properties":{"id_kec":"73.09.06","nama_kec":"Mallawa","id_kab":"7309","nama_kab":"Maros"},"geometry":{"coordinates":[[[119.9316,-4.8879],[119.9321,-4.8905],[119.93,-4.8908],[119.9286,-4.8937],[119.9249,-4.8942],[119.9237,-4.8999],[119.9204,-4.9014],[119.9169,-4.9072],[119.9121,-4.9069],[119.9116,-4.9091],[119.9084,-4.9093],[119.9064,-4.9138],[119.9037,-4.9114],[119.9025,-4.9125],[119.8935,-4.908],[119.8876,-4.9007],[119.8816,-4.8963],[119.8766,-4.8959],[119.8639,-4.8814],[119.865,-4.8728],[119.8619,-4.8684],[119.8642,-4.8626],[119.8608,-4.8531],[119.8616,-4.8486],[119.8554,-4.8483],[119.8525,-4.8507],[119.8439,-4.8521],[119.8375,-4.8571],[119.8277,-4.8557],[119.8199,-4.8501],[119.8148,-4.8494],[119.8011,-4.8549],[119.802,-4.8456],[119.8056,-4.8423],[119.8056,-4.831],[119.8102,-4.8236],[119.8102,-4.8192],[119.8065,-4.8103],[119.813,-4.7935],[119.811,-4.7854],[119.8136,-4.7785],[119.8116,-4.7684],[119.8127,-4.7662],[119.8171,-4.7619],[119.8379,-4.7488],[119.8432,-4.7431],[119.8602,-4.7411],[119.8665,-4.7436],[119.8721,-4.7341],[119.8799,-4.7284],[119.8846,-4.7188],[119.8898,-4.7251],[119.8973,-4.7278],[119.9005,-4.732],[119.9054,-4.7312],[119.9112,-4.7324],[119.9126,-4.7352],[119.9231,-4.7437],[119.9247,-4.7484],[119.9299,-4.7533],[119.9369,-4.7585],[119.9445,-4.7603],[119.9554,-4.7663],[119.9729,-4.7803],[119.9715,-4.7865],[119.9689,-4.789],[119.9531,-4.7928],[119.9504,-4.7953],[119.9444,-4.8084],[119.9443,-4.8136],[119.9464,-4.8185],[119.9434,-4.8239],[119.9404,-4.8366],[119.9363,-4.8434],[119.9311,-4.846],[119.9294,-4.85],[119.921,-4.8574],[119.9177,-4.8673],[119.9327,-4.8743],[119.9345,-4.8824],[119.9338,-4.8867],[119.9316,-4.8879]]],"type":"MultiPolygon"}},{"type":"Feature","properties":{"id_kec":"73.09.07","nama_kec":"Tanralili","id_kab":"7309","nama_kab":"Maros"},"geometry":{"coordinates":[[[119.6178,-5.1602],[119.6101,-5.16],[119.6074,-5.1583],[119.6043,-5.154],[119.6058,-5.1472],[119.6045,-5.1443],[119.595,-5.1369],[119.5918,-5.1307],[119.577,-5.1189],[119.5701,-5.1094],[119.5681,-5.1027],[119.568,-5.0969],[119.5733,-5.0941],[119.5746,-5.0919],[119.573,-5.0804],[119.5762,-5.0789],[119.5792,-5.0798],[119.5834,-5.0765],[119.5847,-5.0666],[119.583,-5.0633],[119.5887,-5.0627],[119.5912,-5.0607],[119.5949,-5.0441],[119.6082,-5.044],[119.6241,-5.049],[119.6416,-5.059],[119.6389,-5.0617],[119.6375,-5.0717],[119.6383,-5.076],[119.641,-5.0794],[119.6516,-5.0796],[119.6569,-5.0817],[119.6732,-5.0935],[119.6751,-5.0983],[119.682,-5.105],[119.6824,-5.1106],[119.6694,-5.1184],[119.6624,-5.1246],[119.6551,-5.1225],[119.6488,-5.1231],[119.639,-5.1126],[119.6356,-5.1143],[119.6335,-5.117],[119.6336,-5.1237],[119.6283,-5.1395],[119.6212,-5.1479],[119.6196,-5.1604],[119.6178,-5.1602]]],"type":"MultiPolygon"}},{"type":"Feature","properties":{"id_kec":"73.09.08","nama_kec":"Marusu","id_kab":"7309","nama_kab":"Maros"},"geometry":{"coordinates":[[[119.5279,-5.0643],[119.5161,-5.0623],[119.5138,-5.0647],[119.5137,-5.068],[119.5092,-5.0692],[119.5049,-5.0674],[119.5018,-5.0695],[119.4976,-5.0668],[119.4954,-5.0672],[119.4948,-5.0635],[119.4925,-5.0655],[119.493,-5.0669],[119.4885,-5.0633],[119.4879,-5.0658],[119.4863,-5.0642],[119.4875,-5.0614],[119.4859,-5.0627],[119.4846,-5.0596],[119.4781,-5.0592],[119.4783,-5.0464],[119.4764,-5.0362],[119.4777,-5.0338],[119.4724,-5.0327],[119.4684,-5.035],[119.4664,-5.026],[119.471,-5.0241],[119.4735,-5.0161],[119.4764,-5.0135],[119.4767,-4.9946],[119.4805,-4.9932],[119.4798,-4.9891],[119.4832,-4.988],[119.4924,-5.0003],[119.4936,-5.0056],[119.4893,-5.0105],[119.4925,-5.0165],[119.4957,-5.015],[119.4961,-5.017],[119.4993,-5.018],[119.5015,-5.0153],[119.5032,-5.016],[119.5065,-5.0113],[119.5064,-5.0069],[119.5094,-5.0039],[119.5134,-5.0095],[119.5156,-5.0096],[119.5191,-5.0069],[119.5226,-5.0105],[119.5265,-5.0097],[119.5297,-5.0111],[119.5329,-5.0168],[119.5333,-5.0312],[119.5316,-5.0332],[119.5359,-5.0339],[119.5359,-5.0381],[119.5389,-5.041],[119.5392,-5.0459],[119.541,-5.0483],[119.5399,-5.0563],[119.5279,-5.0643]]],"type":"MultiPolygon"}},{"type":"Feature","properties":{"id_kec":"73.09.09","nama_kec":"Simbang","id_kab":"7309","nama_kab":"Maros"},"geometry":{"coordinates":[[[119.7133,-5.0846],[119.7033,-5.0866],[119.6904,-5.0858],[119.6804,-5.0873],[119.6591,-5.0776],[119.6503,-5.0649],[119.629,-5.0507],[119.6082,-5.044],[119.5887,-5.0444],[119.5787,-5.0406],[119.5909,-5.0189],[119.6011,-5.0094],[119.6095,-5.0177],[119.6239,-5.0177],[119.6261,-5.019],[119.6312,-5.0163],[119.633,-5.0109],[119.6359,-5.0091],[119.6418,-5.0086],[119.6472,-5.01],[119.6475,-5.0131],[119.6499,-5.0145],[119.6521,-5.0194],[119.6538,-5.0182],[119.6587,-5.0212],[119.659,-5.019],[119.6625,-5.0198],[119.6651,-5.018],[119.6686,-5.0212],[119.6723,-5.0195],[119.6774,-5.0215],[119.6807,-5.0171],[119.6846,-5.0166],[119.6934,-5.009],[119.7001,-5.0154],[119.7029,-5.0282],[119.7139,-5.0363],[119.7259,-5.0376],[119.7318,-5.0349],[119.7508,-5.0484],[119.7527,-5.0602],[119.7611,-5.0684],[119.7651,-5.0746],[119.7676,-5.0752],[119.7683,-5.0786],[119.7751,-5.076],[119.7792,-5.0787],[119.78,-5.081],[119.7778,-5.0864],[119.7751,-5.0877],[119.7671,-5.0841],[119.7598,-5.088],[119.7546,-5.0837],[119.75,-5.0847],[119.7452,-5.083],[119.7442,-5.0857],[119.7399,-5.0832],[119.7349,-5.0843],[119.7302,-5.0806],[119.7205,-5.0841],[119.7133,-5.0846]]],"type":"MultiPolygon"}},{"type":"Feature","properties":{"id_kec":"73.09.10","nama_kec":"Cenrana","id_kab":"7309","nama_kab":"Maros"},"geometry":{"coordinates":[[[119.8567,-5.033],[119.8539,-5.0401],[119.8469,-5.0465],[119.8459,-5.055],[119.8471,-5.0597],[119.8534,-5.0681],[119.856,-5.0801],[119.861,-5.0896],[119.8641,-5.0919],[119.8585,-5.1073],[119.8623,-5.1135],[119.8404,-5.1196],[119.8354,-5.1144],[119.8342,-5.1094],[119.8252,-5.1044],[119.8217,-5.1002],[119.8142,-5.0984],[119.8032,-5.0903],[119.8013,-5.0912],[119.7958,-5.0885],[119.7905,-5.088],[119.78,-5.0929],[119.7734,-5.0894],[119.7734,-5.0877],[119.7783,-5.0857],[119.78,-5.081],[119.7792,-5.0787],[119.7751,-5.076],[119.7683,-5.0786],[119.7676,-5.0752],[119.7651,-5.0746],[119.7611,-5.0684],[119.7527,-5.0602],[119.7508,-5.0484],[119.7318,-5.0349],[119.7356,-5.03],[119.7333,-5.0236],[119.7361,-5.0179],[119.736,-5.0068],[119.7384,-4.9928],[119.7447,-4.9881],[119.7468,-4.9824],[119.7547,-4.9782],[119.7574,-4.9554],[119.7571,-4.9381],[119.7741,-4.9428],[119.7789,-4.9406],[119.7814,-4.9323],[119.7838,-4.9295],[119.7872,-4.9349],[119.8088,-4.9449],[119.8115,-4.9523],[119.8164,-4.9484],[119.8218,-4.9581],[119.8224,-4.9623],[119.8294,-4.9652],[119.8397,-4.9665],[119.846,-4.975],[119.8541,-4.9789],[119.8616,-4.9798],[119.8838,-4.9929],[119.885,-5],[119.879,-5.011],[119.8708,-5.0181],[119.8702,-5.0236],[119.8652,-5.0308],[119.8629,-5.0326],[119.8567,-5.033]]],"type":"MultiPolygon"}},{"type":"Feature","properties":{"id_kec":"73.09.11","nama_kec":"Tompobulu","id_kab":"7309","nama_kab":"Maros"},"geometry":{"coordinates":[[[119.7501,-5.1834],[119.7476,-5.1819],[119.7205,-5.1822],[119.7076,-5.1782],[119.6998,-5.1723],[119.6856,-5.1673],[119.6751,-5.1685],[119.6674,-5.166],[119.6608,-5.1668],[119.6561,-5.1691],[119.6507,-5.1774],[119.6481,-5.1789],[119.6434,-5.1776],[119.6416,-5.1722],[119.6323,-5.1714],[119.634,-5.1739],[119.6324,-5.1746],[119.6263,-5.1709],[119.6283,-5.1616],[119.6196,-5.1604],[119.6204,-5.1504],[119.6283,-5.1395],[119.6336,-5.1237],[119.6344,-5.1154],[119.639,-5.1126],[119.6488,-5.1231],[119.6551,-5.1225],[119.6624,-5.1246],[119.6694,-5.1184],[119.6824,-5.1106],[119.682,-5.105],[119.6751,-5.0983],[119.6732,-5.0935],[119.6569,-5.0817],[119.6516,-5.0796],[119.641,-5.0794],[119.6383,-5.076],[119.6375,-5.0717],[119.6404,-5.0598],[119.6416,-5.059],[119.6503,-5.0649],[119.6591,-5.0776],[119.6804,-5.0873],[119.6904,-5.0858],[119.7054,-5.0864],[119.7205,-5.0841],[119.7302,-5.0806],[119.7349,-5.0843],[119.7399,-5.0832],[119.7438,-5.0857],[119.7454,-5.0851],[119.7452,-5.083],[119.75,-5.0847],[119.7546,-5.0837],[119.7591,-5.088],[119.7656,-5.0842],[119.7696,-5.0845],[119.7716,-5.0852],[119.7734,-5.0894],[119.78,-5.0929],[119.7905,-5.088],[119.7958,-5.0885],[119.8013,-5.0912],[119.8032,-5.0903],[119.8142,-5.0984],[119.8217,-5.1002],[119.8252,-5.1044],[119.8342,-5.1094],[119.8354,-5.1144],[119.8404,-5.1196],[119.8623,-5.1135],[119.8706,-5.1192],[119.8646,-5.1347],[119.8609,-5.1383],[119.8609,-5.1406],[119.858,-5.1421],[119.8569,-5.1502],[119.8625,-5.1542],[119.864,-5.1583],[119.8632,-5.1613],[119.8578,-5.1682],[119.8449,-5.1766],[119.8435,-5.183],[119.8396,-5.1866],[119.8379,-5.1864],[119.8352,-5.1915],[119.8217,-5.1983],[119.8154,-5.2037],[119.806,-5.2035],[119.7984,-5.2114],[119.7897,-5.2109],[119.7857,-5.2081],[119.7803,-5.2087],[119.7748,-5.2064],[119.7733,-5.1997],[119.7684,-5.1975],[119.7666,-5.1921],[119.7635,-5.1891],[119.7501,-5.1834]]],"type":"MultiPolygon"}},{"type":"Feature","properties":{"id_kec":"73.09.12","nama_kec":"Lau","id_kab":"7309","nama_kab":"Maros"},"geometry":{"coordinates":[[[119.588,-4.9724],[119.5837,-4.9795],[119.5842,-4.988],[119.5825,-4.9898],[119.5832,-4.9974],[119.5811,-5.0047],[119.5792,-5.0018],[119.5802,-4.9969],[119.5648,-4.9933],[119.5577,-4.9944],[119.5593,-4.9873],[119.5556,-4.9854],[119.5556,-4.9788],[119.5538,-4.9782],[119.5545,-4.9767],[119.5524,-4.9747],[119.5482,-4.9739],[119.5471,-4.9708],[119.5233,-4.9788],[119.5211,-4.9782],[119.5207,-4.9745],[119.5144,-4.9674],[119.5099,-4.9683],[119.5082,-4.9609],[119.5059,-4.9653],[119.5041,-4.9643],[119.5049,-4.9613],[119.5015,-4.96],[119.5078,-4.9492],[119.5117,-4.9462],[119.5146,-4.9466],[119.5191,-4.9396],[119.5367,-4.9464],[119.5437,-4.9455],[119.555,-4.9468],[119.558,-4.9459],[119.5633,-4.9387],[119.5704,-4.9409],[119.5702,-4.9385],[119.5726,-4.9371],[119.5724,-4.9331],[119.5746,-4.9313],[119.575,-4.9281],[119.5782,-4.9289],[119.5818,-4.9273],[119.5834,-4.9283],[119.5818,-4.9336],[119.5835,-4.9337],[119.5849,-4.9308],[119.5867,-4.9318],[119.5872,-4.9394],[119.5891,-4.9395],[119.591,-4.9367],[119.5939,-4.9377],[119.5987,-4.9356],[119.5982,-4.9382],[119.6,-4.9423],[119.5983,-4.9435],[119.5933,-4.9422],[119.5944,-4.947],[119.5926,-4.9515],[119.5949,-4.9542],[119.599,-4.955],[119.6033,-4.9628],[119.6102,-4.9644],[119.6125,-4.9694],[119.6149,-4.9702],[119.6151,-4.9743],[119.607,-4.9849],[119.6043,-4.9815],[119.5999,-4.9826],[119.5974,-4.9767],[119.599,-4.9751],[119.5934,-4.9695],[119.59,-4.9679],[119.588,-4.9724]]],"type":"MultiPolygon"}},{"type":"Feature","properties":{"id_kec":"73.09.13","nama_kec":"Moncongloe","id_kab":"7309","nama_kab":"Maros"},"geometry":{"coordinates":[[[119.5412,-5.165],[119.5235,-5.1646],[119.5201,-5.1662],[119.5153,-5.1632],[119.5137,-5.1654],[119.5135,-5.1621],[119.502,-5.162],[119.4982,-5.1557],[119.4931,-5.1514],[119.4989,-5.151],[119.5023,-5.1465],[119.5082,-5.1515],[119.5107,-5.1468],[119.5165,-5.1506],[119.5198,-5.1492],[119.5213,-5.1434],[119.5276,-5.137],[119.5283,-5.1324],[119.5361,-5.1308],[119.5394,-5.1244],[119.5403,-5.1168],[119.5428,-5.1115],[119.548,-5.1137],[119.5639,-5.1157],[119.5655,-5.1189],[119.5655,-5.1257],[119.5791,-5.1324],[119.5918,-5.1307],[119.595,-5.1369],[119.6057,-5.1459],[119.6043,-5.154],[119.5992,-5.1528],[119.5907,-5.1566],[119.5921,-5.1625],[119.5905,-5.1665],[119.5815,-5.1722],[119.5773,-5.1714],[119.5715,-5.1749],[119.5659,-5.1713],[119.5634,-5.1723],[119.5604,-5.1698],[119.561,-5.1684],[119.5541,-5.1649],[119.5464,-5.1638],[119.5411,-5.1675],[119.5412,-5.165]]],"type":"MultiPolygon"}},{"type":"Feature","properties":{"id_kec":"73.09.14","nama_kec":"Turikale","id_kab":"7309","nama_kab":"Maros"},"geometry":{"coordinates":[[[119.578,-5.0404],[119.5683,-5.0414],[119.5617,-5.0497],[119.5472,-5.0379],[119.5447,-5.0431],[119.5469,-5.0487],[119.5445,-5.0496],[119.5398,-5.0475],[119.5389,-5.041],[119.5359,-5.0381],[119.5359,-5.0339],[119.5316,-5.0332],[119.5333,-5.0294],[119.5534,-5.0295],[119.5683,-5.0125],[119.5674,-5.01],[119.5702,-5.0024],[119.5717,-5.0029],[119.5733,-4.9948],[119.5803,-4.997],[119.5792,-5.0018],[119.5816,-5.0042],[119.5832,-4.9968],[119.5825,-4.9898],[119.5842,-4.988],[119.5837,-4.9795],[119.5903,-4.9679],[119.599,-4.9751],[119.5974,-4.9767],[119.5999,-4.9826],[119.6043,-4.9815],[119.607,-4.9849],[119.6013,-4.9944],[119.6014,-5.0092],[119.5909,-5.0189],[119.578,-5.0404]]],"type":"MultiPolygon"}},{"type":"Feature","properties":{"id_kec":"73.10.01","nama_kec":"Liukang Tangaya","id_kab":"7310","nama_kab":"Pangkajene Dan Kepulauan"},"geometry":{"coordinates":[[[117.2033,-7.7588],[117.202,-7.7581],[117.2011,-7.7566],[117.2033,-7.758],[117.2033,-7.7588]],[[117.2561,-7.589],[117.2556,-7.591],[117.2539,-7.591],[117.2539,-7.5894],[117.2561,-7.589]],[[117.4461,-7.5754],[117.4532,-7.5833],[117.4555,-7.5885],[117.4479,-7.589],[117.4412,-7.5829],[117.4427,-7.5751],[117.4461,-7.5754]],[[117.2905,-7.5254],[117.3109,-7.5292],[117.3359,-7.528],[117.3265,-7.5349],[117.3207,-7.5372],[117.2907,-7.5396],[117.2828,-7.5382],[117.2797,-7.5342],[117.2796,-7.5313],[117.2821,-7.5313],[117.2816,-7.5284],[117.284,-7.5259],[117.2905,-7.5254]],[[117.2762,-7.5324],[117.277,-7.5374],[117.2743,-7.5318],[117.2744,-7.5201],[117.2763,-7.5244],[117.2746,-7.5309],[117.2762,-7.5324]],[[117.4442,-7.5128],[117.4383,-7.5338],[117.4333,-7.5366],[117.4337,-7.5397],[117.4311,-7.5393],[117.4238,-7.5187],[117.438,-7.5126],[117.4442,-7.5128]],[[117.1875,-7.4946],[117.1973,-7.5014],[117.1811,-7.5053],[117.183,-7.5062],[117.1802,-7.5083],[117.1759,-7.5071],[117.1756,-7.5009],[117.1805,-7.4934],[117.1794,-7.493],[117.1826,-7.492],[117.1875,-7.4946]],[[117.4819,-7.4807],[117.4841,-7.4814],[117.4841,-7.485],[117.4857,-7.485],[117.4856,-7.4951],[117.4834,-7.5024],[117.4846,-7.4954],[117.4835,-7.4932],[117.4817,-7.494],[117.4832,-7.4961],[117.4825,-7.4988],[117.4805,-7.4977],[117.4812,-7.4951],[117.4793,-7.4958],[117.4761,-7.4936],[117.4745,-7.489],[117.478,-7.4809],[117.4803,-7.4793],[117.4819,-7.4807]],[[117.8853,-7.5324],[117.8863,-7.5333],[117.8819,-7.5326],[117.882,-7.5324],[117.8853,-7.5324]],[[117.8721,-7.4456],[117.8768,-7.4587],[117.8766,-7.4555],[117.8781,-7.456],[117.8778,-7.4606],[117.872,-7.453],[117.8694,-7.4457],[117.8703,-7.4432],[117.8664,-7.44],[117.8707,-7.442],[117.8721,-7.4456]],[[117.8131,-7.3983],[117.8174,-7.4037],[117.8163,-7.4054],[117.8028,-7.4013],[117.8016,-7.3921],[117.8069,-7.3932],[117.8077,-7.3965],[117.8081,-7.3919],[117.8131,-7.3983]],[[118.1126,-7.2983],[118.1141,-7.3029],[118.1134,-7.3067],[118.1112,-7.3091],[118.1057,-7.3081],[118.1031,-7.3054],[118.1047,-7.3037],[118.1037,-7.302],[118.1053,-7.301],[118.1063,-7.3028],[118.1086,-7.3003],[118.1078,-7.2987],[118.1104,-7.2966],[118.1126,-7.2983]],[[117.7941,-7.4327],[117.7961,-7.4337],[117.796,-7.4353],[117.7938,-7.4346],[117.7888,-7.4373],[117.7901,-7.4324],[117.7941,-7.4327]],[[117.5905,-7.4048],[117.5863,-7.403],[117.5853,-7.3985],[117.5939,-7.4031],[117.5936,-7.4046],[117.5905,-7.4048]],[[117.7488,-7.3966],[117.7511,-7.3985],[117.7511,-7.4007],[117.7435,-7.398],[117.7453,-7.3963],[117.7488,-7.3966]],[[117.7117,-7.3961],[117.7104,-7.3943],[117.7102,-7.3926],[117.7133,-7.3964],[117.7117,-7.3961]],[[117.7497,-7.3628],[117.751,-7.3687],[117.75,-7.3725],[117.7486,-7.3741],[117.7463,-7.3727],[117.7436,-7.3747],[117.7428,-7.3657],[117.7468,-7.3627],[117.7497,-7.3628]],[[117.5351,-7.3442],[117.5355,-7.3502],[117.5346,-7.3517],[117.5317,-7.3446],[117.5334,-7.3416],[117.5317,-7.3399],[117.534,-7.3415],[117.5351,-7.3442]],[[118.0101,-7.2215],[118.0089,-7.2196],[118.0093,-7.2166],[118.0116,-7.2199],[118.0115,-7.2219],[118.0101,-7.2215]],[[118.1867,-7.1992],[118.1859,-7.1987],[118.1876,-7.1986],[118.1876,-7.1993],[118.1867,-7.1992]],[[118.1932,-7.198],[118.1927,-7.1994],[118.1903,-7.1998],[118.1913,-7.1959],[118.1932,-7.198]],[[118.2778,-7.1465],[118.2774,-7.1427],[118.2788,-7.1425],[118.2814,-7.146],[118.2805,-7.1472],[118.2778,-7.1465]],[[118.1585,-7.1171],[118.1584,-7.1146],[118.1591,-7.1122],[118.1595,-7.118],[118.1585,-7.1171]],[[118.2385,-7.0882],[118.2389,-7.092],[118.2361,-7.0942],[118.2345,-7.0909],[118.2367,-7.0865],[118.2347,-7.085],[118.2361,-7.0849],[118.2385,-7.0882]],[[118.176,-7.0756],[118.169,-7.0897],[118.1634,-7.0915],[118.1522,-7.0913],[118.153,-7.0884],[118.1567,-7.0903],[118.1618,-7.0886],[118.1667,-7.0844],[118.174,-7.0735],[118.1776,-7.0724],[118.176,-7.0756]],[[117.9917,-7.0682],[117.9896,-7.0677],[117.9968,-7.0609],[117.9983,-7.0637],[117.9972,-7.0662],[117.9917,-7.0682]],[[118.0434,-7.035],[118.043,-7.0379],[118.0346,-7.0377],[118.0385,-7.035],[118.0434,-7.035]],[[118.2785,-6.6833],[118.2765,-6.6929],[118.2788,-6.6913],[118.2789,-6.6927],[118.274,-6.6984],[118.2738,-6.6919],[118.2767,-6.6834],[118.2785,-6.6833]],[[118.4067,-7.1784],[118.4096,-7.1818],[118.4052,-7.1844],[118.4003,-7.1847],[118.4011,-7.1878],[118.397,-7.1925],[118.3891,-7.1941],[118.3845,-7.1975],[118.38,-7.1958],[118.37,-7.2004],[118.3677,-7.1991],[118.3688,-7.1929],[118.3725,-7.1957],[118.3795,-7.1944],[118.3825,-7.1931],[118.381,-7.1931],[118.3817,-7.1913],[118.3923,-7.189],[118.4019,-7.1822],[118.3949,-7.1849],[118.3948,-7.183],[118.3986,-7.1815],[118.3983,-7.1804],[118.4044,-7.1776],[118.4067,-7.1784]],[[118.4099,-7.174],[118.4131,-7.1798],[118.4114,-7.186],[118.4091,-7.1882],[118.4125,-7.1799],[118.408,-7.1736],[118.4099,-7.174]],[[118.6529,-7.0721],[118.6507,-7.0728],[118.6481,-7.0679],[118.6503,-7.0613],[118.6533,-7.0629],[118.6554,-7.0672],[118.6529,-7.0721]],[[118.8087,-6.9755],[118.8081,-6.9765],[118.8046,-6.9748],[118.8082,-6.9725],[118.8077,-6.9702],[118.8089,-6.9707],[118.8087,-6.9755]],[[119.023,-6.9066],[119.0213,-6.909],[119.0193,-6.9078],[119.0218,-6.9032],[119.0216,-6.906],[119.023,-6.9066]],[[119.0705,-6.8932],[119.069,-6.8961],[119.0674,-6.8977],[119.068,-6.8938],[119.07,-6.8931],[119.0693,-6.8915],[119.0705,-6.8932]],[[119.1375,-6.8813],[119.1381,-6.8818],[119.1371,-6.8825],[119.1363,-6.8791],[119.1375,-6.8813]],[[119.1362,-6.8599],[119.1388,-6.8629],[119.1349,-6.8748],[119.1293,-6.8663],[119.1329,-6.8607],[119.1362,-6.8599]],[[119.1509,-6.8637],[119.1495,-6.8679],[119.1498,-6.8641],[119.1482,-6.8622],[119.1468,-6.8595],[119.1509,-6.8637]],[[118.986,-6.8559],[118.9869,-6.8525],[118.9876,-6.8523],[118.9873,-6.8553],[118.986,-6.8559]],[[119.1149,-6.8377],[119.111,-6.8385],[119.1099,-6.8409],[119.1125,-6.844],[119.1196,-6.8403],[119.1251,-6.844],[119.1222,-6.8476],[119.1224,-6.8555],[119.1205,-6.8573],[119.1225,-6.8574],[119.1222,-6.859],[119.1178,-6.8608],[119.1152,-6.8599],[119.1079,-6.8646],[119.1051,-6.8638],[119.104,-6.8649],[119.1054,-6.8644],[119.1062,-6.8653],[119.1012,-6.869],[119.0959,-6.868],[119.0972,-6.8677],[119.097,-6.8653],[119.0939,-6.8618],[119.0943,-6.8588],[119.0993,-6.8461],[119.1089,-6.8379],[119.1135,-6.8364],[119.1149,-6.8377]],[[119.0195,-6.8412],[119.0183,-6.8414],[119.0179,-6.8363],[119.0191,-6.8325],[119.0213,-6.8336],[119.0229,-6.8376],[119.0223,-6.8401],[119.0195,-6.8412]],[[118.861,-6.9282],[118.8597,-6.9313],[118.8566,-6.9332],[118.8542,-6.9337],[118.8535,-6.9321],[118.855,-6.9319],[118.855,-6.9333],[118.8567,-6.9275],[118.8589,-6.9267],[118.861,-6.9282]],[[118.9048,-6.8883],[118.8972,-6.8911],[118.9037,-6.8838],[118.91,-6.882],[118.9111,-6.8847],[118.9048,-6.8883]],[[118.9634,-6.8644],[118.9616,-6.8553],[118.9651,-6.8527],[118.969,-6.8587],[118.9669,-6.8634],[118.9634,-6.8644]],[[118.9528,-6.7089],[118.9554,-6.717],[118.9551,-6.7194],[118.9542,-6.7203],[118.9512,-6.7153],[118.9507,-6.7071],[118.9528,-6.7089]],[[119.1933,-6.8208],[119.1811,-6.8311],[119.1745,-6.8415],[119.1689,-6.8473],[119.1705,-6.8412],[119.1682,-6.8391],[119.1693,-6.8391],[119.1686,-6.8366],[119.1743,-6.8261],[119.1798,-6.8247],[119.1852,-6.8183],[119.1868,-6.8202],[119.1839,-6.824],[119.185,-6.8246],[119.1886,-6.8236],[119.1943,-6.8174],[119.1933,-6.8208]],[[119.005,-6.8131],[119.0057,-6.8152],[119.0035,-6.8192],[119.0016,-6.8138],[119.0038,-6.8113],[119.005,-6.8131]],[[119.1674,-6.7923],[119.1697,-6.7963],[119.1653,-6.8032],[119.1635,-6.8032],[119.1652,-6.8023],[119.1679,-6.7936],[119.1654,-6.7917],[119.1674,-6.7923]],[[119.1635,-6.7933],[119.1635,-6.7921],[119.1641,-6.7919],[119.1641,-6.7938],[119.1635,-6.7933]],[[118.9739,-6.7656],[118.9704,-6.7621],[118.9703,-6.7569],[118.969,-6.7555],[118.97,-6.7558],[118.9742,-6.7613],[118.9739,-6.7656]],[[118.9315,-6.6456],[118.9328,-6.6484],[118.9324,-6.6535],[118.9311,-6.6571],[118.9293,-6.6576],[118.9262,-6.6479],[118.9315,-6.6456]],[[118.3275,-6.6348],[118.3272,-6.6421],[118.3248,-6.6456],[118.3235,-6.6462],[118.3256,-6.6382],[118.3247,-6.6351],[118.3275,-6.6348]],[[118.8889,-6.6063],[118.889,-6.6103],[118.8851,-6.6119],[118.8831,-6.6084],[118.8833,-6.6055],[118.8863,-6.6046],[118.8889,-6.6063]],[[118.8671,-6.5998],[118.8549,-6.592],[118.858,-6.5866],[118.8602,-6.587],[118.8695,-6.5951],[118.87,-6.599],[118.8671,-6.5998]],[[118.8353,-6.5701],[118.8415,-6.576],[118.8417,-6.5829],[118.8403,-6.5837],[118.8319,-6.5808],[118.8264,-6.5755],[118.8251,-6.5768],[118.8251,-6.5712],[118.8306,-6.5686],[118.8353,-6.5701]],[[118.794,-6.5574],[118.7929,-6.5557],[118.7952,-6.5522],[118.7978,-6.5561],[118.794,-6.5574]]],"type":"MultiPolygon"}},{"type":"Feature","properties":{"id_kec":"73.10.02","nama_kec":"Liukang Kalmas","id_kab":"7310","nama_kab":"Pangkajene Dan Kepulauan"},"geometry":{"coordinates":[[[118.453,-5.5003],[118.4571,-5.5028],[118.4566,-5.5118],[118.4523,-5.5116],[118.45,-5.5069],[118.45,-5.5014],[118.453,-5.5003]],[[118.6321,-5.4871],[118.6347,-5.4902],[118.6321,-5.5031],[118.6301,-5.5017],[118.6273,-5.4926],[118.6283,-5.4888],[118.6321,-5.4871]],[[118.4286,-5.4151],[118.4267,-5.4184],[118.4251,-5.4144],[118.4259,-5.4039],[118.4243,-5.399],[118.4248,-5.397],[118.4284,-5.3948],[118.4334,-5.3983],[118.4369,-5.408],[118.4286,-5.4151]],[[117.932,-5.3545],[117.9529,-5.3878],[117.9531,-5.3984],[117.9488,-5.4072],[117.9447,-5.4078],[117.9365,-5.4043],[117.9274,-5.3893],[117.9206,-5.3542],[117.9251,-5.3524],[117.932,-5.3545]],[[117.8882,-5.2927],[117.8907,-5.2632],[117.8857,-5.2521],[117.8857,-5.2467],[117.8866,-5.2384],[117.8894,-5.234],[117.8929,-5.2381],[117.8986,-5.2614],[117.8897,-5.2958],[117.8882,-5.2927]],[[117.6552,-5.2275],[117.6561,-5.2284],[117.6551,-5.2289],[117.6498,-5.228],[117.6554,-5.2254],[117.6582,-5.2218],[117.6552,-5.2275]],[[117.6548,-5.2214],[117.6605,-5.2017],[117.6564,-5.1952],[117.6525,-5.193],[117.6541,-5.1906],[117.6541,-5.184],[117.6592,-5.1762],[117.6612,-5.1756],[117.6736,-5.1849],[117.6783,-5.1903],[117.6818,-5.1978],[117.656,-5.222],[117.6548,-5.2214]],[[117.8865,-5.1686],[117.8903,-5.1716],[117.8902,-5.1736],[117.8849,-5.1788],[117.88,-5.1786],[117.8777,-5.1742],[117.8793,-5.17],[117.883,-5.1678],[117.8865,-5.1686]],[[118.1474,-5.1141],[118.153,-5.1229],[118.1561,-5.1342],[118.1389,-5.1267],[118.1438,-5.1211],[118.1456,-5.1144],[118.1474,-5.1141]],[[117.0517,-5.0902],[117.062,-5.0977],[117.0585,-5.1015],[117.054,-5.1016],[117.0462,-5.0968],[117.0451,-5.0939],[117.0475,-5.0903],[117.0464,-5.0897],[117.0486,-5.0885],[117.0517,-5.0902]],[[117.039,-5.0532],[117.0389,-5.0429],[117.04,-5.0404],[117.0423,-5.0425],[117.0429,-5.0465],[117.0417,-5.0507],[117.039,-5.0532]],[[117.0565,-5.0384],[117.0558,-5.0379],[117.0572,-5.0322],[117.0594,-5.0362],[117.0565,-5.0384]],[[117.0636,-5.0259],[117.063,-5.0256],[117.063,-5.0253],[117.0642,-5.026],[117.0636,-5.0259]],[[117.9155,-5.0568],[117.9138,-5.0559],[117.9148,-5.0501],[117.9189,-5.048],[117.9211,-5.0519],[117.9193,-5.055],[117.9155,-5.0568]],[[117.0734,-5.0447],[117.0756,-5.0466],[117.0749,-5.0504],[117.0714,-5.0461],[117.0734,-5.0447]],[[117.063,-5.0235],[117.0615,-5.0237],[117.0617,-5.0222],[117.0628,-5.0211],[117.063,-5.0235]],[[117.0725,-5.0177],[117.0756,-5.0193],[117.0751,-5.0231],[117.0726,-5.025],[117.0685,-5.0239],[117.069,-5.0208],[117.0725,-5.0177]]],"type":"MultiPolygon"}},{"type":"Feature","properties":{"id_kec":"73.10.03","nama_kec":"Liukang Tupabbiring","id_kab":"7310","nama_kab":"Pangkajene Dan Kepulauan"},"geometry":{"coordinates":[[[119.3654,-4.9562],[119.3647,-4.9557],[119.3659,-4.9549],[119.3663,-4.9558],[119.3654,-4.9562]],[[119.3407,-4.9472],[119.3407,-4.9448],[119.341,-4.9441],[119.3423,-4.9461],[119.3407,-4.9472]],[[119.3966,-4.9479],[119.3965,-4.9434],[119.3987,-4.9411],[119.401,-4.9452],[119.3966,-4.9479]],[[119.4201,-4.9405],[119.4204,-4.9437],[119.4184,-4.9446],[119.418,-4.9418],[119.4201,-4.9405]],[[119.3273,-4.9704],[119.3272,-4.9679],[119.3281,-4.9673],[119.3288,-4.9696],[119.3273,-4.9704]],[[119.2887,-4.9666],[119.289,-4.968],[119.2864,-4.9696],[119.286,-4.967],[119.2887,-4.9666]],[[119.3205,-4.9302],[119.3196,-4.9262],[119.3199,-4.9256],[119.3217,-4.9283],[119.3205,-4.9302]],[[119.341,-4.8855],[119.3406,-4.8878],[119.3392,-4.888],[119.3394,-4.8858],[119.341,-4.8855]],[[119.3968,-4.926],[119.3975,-4.9258],[119.4002,-4.9237],[119.3991,-4.9255],[119.3968,-4.926]],[[119.3591,-4.8981],[119.3591,-4.8969],[119.3609,-4.8964],[119.3611,-4.8974],[119.3591,-4.8981]],[[119.3423,-4.8466],[119.3423,-4.8454],[119.3433,-4.8445],[119.344,-4.8465],[119.3423,-4.8466]],[[119.2681,-4.8809],[119.2676,-4.8829],[119.2653,-4.8827],[119.2656,-4.8793],[119.2681,-4.8809]],[[119.3314,-4.8032],[119.3308,-4.8019],[119.3319,-4.8011],[119.3327,-4.8033],[119.3314,-4.8032]],[[119.3008,-4.7893],[119.3009,-4.7879],[119.3013,-4.7875],[119.3017,-4.7889],[119.3008,-4.7893]],[[119.2336,-4.8121],[119.2341,-4.8108],[119.2353,-4.8103],[119.2353,-4.8117],[119.2336,-4.8121]],[[119.0622,-4.7406],[119.0622,-4.7362],[119.063,-4.7356],[119.0636,-4.7408],[119.0626,-4.7417],[119.0622,-4.7406]],[[118.9816,-4.7193],[118.9827,-4.723],[118.9814,-4.7238],[118.9789,-4.7198],[118.9816,-4.7193]],[[119.0635,-4.7184],[119.0615,-4.7198],[119.0603,-4.717],[119.0663,-4.7136],[119.0635,-4.7184]],[[118.9561,-4.6959],[118.9576,-4.6979],[118.9554,-4.6966],[118.9557,-4.6971],[118.9649,-4.701],[118.9664,-4.7043],[118.9654,-4.7058],[118.9576,-4.6989],[118.9539,-4.6974],[118.9512,-4.6982],[118.9503,-4.6965],[118.9561,-4.6959]],[[119.1239,-4.6908],[119.1184,-4.6916],[119.1178,-4.6909],[119.1202,-4.6898],[119.124,-4.6898],[119.1239,-4.6908]],[[119.1555,-4.4903],[119.1566,-4.4894],[119.1578,-4.4905],[119.157,-4.491],[119.1555,-4.4903]]],"type":"MultiPolygon"}},{"type":"Feature","properties":{"id_kec":"73.10.04","nama_kec":"Pangkajene","id_kab":"7310","nama_kab":"Pangkajene Dan Kepulauan"},"geometry":{"coordinates":[[[119.5615,-4.8491],[119.5761,-4.8583],[119.5753,-4.86],[119.5816,-4.8662],[119.5793,-4.8696],[119.5773,-4.869],[119.5762,-4.8708],[119.5754,-4.8689],[119.5742,-4.8696],[119.5771,-4.874],[119.5722,-4.874],[119.5731,-4.8781],[119.5675,-4.8799],[119.5665,-4.8823],[119.5631,-4.8823],[119.561,-4.8806],[119.5601,-4.8841],[119.5525,-4.8862],[119.5517,-4.8912],[119.5427,-4.8925],[119.5372,-4.8904],[119.53,-4.8923],[119.5277,-4.884],[119.5261,-4.8853],[119.52,-4.8835],[119.5198,-4.8814],[119.5129,-4.8726],[119.507,-4.8683],[119.5049,-4.8554],[119.5002,-4.8479],[119.5013,-4.843],[119.4987,-4.8358],[119.5007,-4.8353],[119.5043,-4.8401],[119.5119,-4.8449],[119.5195,-4.8387],[119.522,-4.8335],[119.5238,-4.8341],[119.5287,-4.8297],[119.5343,-4.8315],[119.5425,-4.8248],[119.5609,-4.8192],[119.5645,-4.8161],[119.5732,-4.8129],[119.5744,-4.8181],[119.5708,-4.8256],[119.5642,-4.8258],[119.5609,-4.8294],[119.5626,-4.8396],[119.5584,-4.8461],[119.5615,-4.8491]]],"type":"MultiPolygon"}},{"type":"Feature","properties":{"id_kec":"73.10.05","nama_kec":"Balocci","id_kab":"7310","nama_kab":"Pangkajene Dan Kepulauan"},"geometry":{"coordinates":[[[119.7216,-4.9413],[119.7155,-4.9412],[119.7051,-4.945],[119.6993,-4.9449],[119.6788,-4.9526],[119.6685,-4.9506],[119.6669,-4.9488],[119.6696,-4.9459],[119.6685,-4.9394],[119.6702,-4.9329],[119.6691,-4.9307],[119.6605,-4.9225],[119.6563,-4.9221],[119.6511,-4.924],[119.6416,-4.9172],[119.6423,-4.9058],[119.6284,-4.9025],[119.62,-4.8939],[119.6111,-4.8881],[119.6122,-4.8785],[119.6235,-4.8793],[119.6272,-4.8782],[119.6414,-4.8704],[119.6501,-4.8635],[119.6634,-4.8587],[119.6729,-4.8775],[119.7144,-4.8843],[119.7534,-4.8779],[119.7545,-4.8768],[119.7536,-4.8676],[119.7915,-4.8779],[119.8,-4.8779],[119.8047,-4.8863],[119.8002,-4.9066],[119.8018,-4.9099],[119.8003,-4.9134],[119.8052,-4.9232],[119.8047,-4.9251],[119.8027,-4.9267],[119.7975,-4.924],[119.7928,-4.9271],[119.7861,-4.9276],[119.7816,-4.9318],[119.7789,-4.9406],[119.7741,-4.9428],[119.7524,-4.937],[119.7503,-4.931],[119.7467,-4.929],[119.7259,-4.9381],[119.7216,-4.9413]]],"type":"MultiPolygon"}},{"type":"Feature","properties":{"id_kec":"73.10.06","nama_kec":"Bungoro","id_kab":"7310","nama_kab":"Pangkajene Dan Kepulauan"},"geometry":{"coordinates":[[[119.4981,-4.8321],[119.5015,-4.8244],[119.4983,-4.8173],[119.4817,-4.8181],[119.4966,-4.8166],[119.4985,-4.8142],[119.4986,-4.8128],[119.4973,-4.8128],[119.4987,-4.8121],[119.498,-4.8073],[119.4934,-4.8004],[119.4946,-4.7933],[119.5105,-4.7905],[119.516,-4.7921],[119.5179,-4.7953],[119.5225,-4.7946],[119.5247,-4.792],[119.5356,-4.7981],[119.5428,-4.7988],[119.5491,-4.8019],[119.558,-4.8013],[119.5659,-4.7987],[119.5743,-4.7905],[119.5812,-4.788],[119.594,-4.7869],[119.5984,-4.7897],[119.6086,-4.781],[119.6071,-4.7788],[119.6093,-4.7776],[119.6127,-4.7768],[119.6169,-4.7782],[119.6232,-4.7753],[119.6331,-4.776],[119.6341,-4.7709],[119.6387,-4.764],[119.6409,-4.7501],[119.6411,-4.7435],[119.6388,-4.7372],[119.6447,-4.7319],[119.6603,-4.7271],[119.6621,-4.726],[119.6611,-4.7239],[119.6631,-4.724],[119.6635,-4.7216],[119.6679,-4.7191],[119.6692,-4.7206],[119.6747,-4.721],[119.6765,-4.7193],[119.6801,-4.7182],[119.6823,-4.7194],[119.6848,-4.7176],[119.6856,-4.7197],[119.6894,-4.7192],[119.6922,-4.7215],[119.6902,-4.7397],[119.6913,-4.7501],[119.6959,-4.7566],[119.6938,-4.7586],[119.6881,-4.7592],[119.6882,-4.7615],[119.6814,-4.769],[119.6838,-4.7719],[119.6904,-4.7745],[119.6907,-4.7805],[119.6968,-4.788],[119.6887,-4.7908],[119.6719,-4.7899],[119.6644,-4.799],[119.6601,-4.796],[119.6575,-4.796],[119.6522,-4.8034],[119.6365,-4.8062],[119.6329,-4.8055],[119.625,-4.797],[119.6199,-4.7945],[119.6091,-4.7927],[119.6011,-4.7941],[119.5966,-4.797],[119.5908,-4.7964],[119.5732,-4.8129],[119.5645,-4.8161],[119.5609,-4.8192],[119.5425,-4.8248],[119.5343,-4.8315],[119.5287,-4.8297],[119.5238,-4.8341],[119.522,-4.8335],[119.5195,-4.8387],[119.5119,-4.8449],[119.5043,-4.8401],[119.4981,-4.8321]]],"type":"MultiPolygon"}},{"type":"Feature","properties":{"id_kec":"73.10.07","nama_kec":"Labakkang","id_kab":"7310","nama_kab":"Pangkajene Dan Kepulauan"},"geometry":{"coordinates":[[[119.529,-4.7938],[119.5247,-4.792],[119.5225,-4.7946],[119.5176,-4.7953],[119.516,-4.7921],[119.5105,-4.7905],[119.4946,-4.7933],[119.494,-4.7889],[119.4928,-4.7886],[119.4931,-4.7749],[119.49,-4.774],[119.4929,-4.7741],[119.4924,-4.7694],[119.4903,-4.7691],[119.4914,-4.765],[119.4825,-4.7534],[119.4826,-4.7509],[119.4872,-4.7454],[119.4864,-4.7443],[119.4894,-4.7418],[119.4896,-4.7377],[119.4923,-4.7329],[119.4968,-4.7308],[119.4992,-4.7256],[119.5105,-4.7226],[119.516,-4.7165],[119.5209,-4.7231],[119.5218,-4.7269],[119.5287,-4.7233],[119.5289,-4.7276],[119.5312,-4.7292],[119.5323,-4.7283],[119.5317,-4.7248],[119.5369,-4.7252],[119.5354,-4.7287],[119.5389,-4.7332],[119.5403,-4.7322],[119.5389,-4.7294],[119.5424,-4.7287],[119.5424,-4.7311],[119.5447,-4.7313],[119.5459,-4.7336],[119.5454,-4.7314],[119.5493,-4.7301],[119.5478,-4.7269],[119.5522,-4.7252],[119.5591,-4.7281],[119.5656,-4.7273],[119.5715,-4.7296],[119.5749,-4.7286],[119.584,-4.7389],[119.5997,-4.7455],[119.6043,-4.7489],[119.6125,-4.7497],[119.6245,-4.7447],[119.6409,-4.7452],[119.6387,-4.764],[119.6341,-4.7709],[119.6326,-4.7762],[119.6232,-4.7753],[119.6169,-4.7782],[119.6105,-4.7771],[119.6071,-4.7788],[119.6088,-4.7807],[119.6059,-4.7839],[119.5984,-4.7897],[119.5927,-4.7868],[119.576,-4.7894],[119.5659,-4.7987],[119.558,-4.8013],[119.5471,-4.8017],[119.5437,-4.7991],[119.5356,-4.7981],[119.529,-4.7938]]],"type":"MultiPolygon"}},{"type":"Feature","properties":{"id_kec":"73.10.08","nama_kec":"Ma\u0027rang","id_kab":"7310","nama_kab":"Pangkajene Dan Kepulauan"},"geometry":{"coordinates":[[[119.5864,-4.7405],[119.579,-4.7345],[119.5749,-4.7286],[119.5715,-4.7296],[119.5656,-4.7273],[119.5591,-4.7281],[119.5536,-4.7252],[119.5478,-4.7269],[119.5493,-4.7301],[119.5454,-4.7314],[119.5459,-4.7336],[119.5447,-4.7313],[119.5424,-4.7311],[119.5424,-4.7287],[119.5389,-4.7294],[119.5403,-4.7322],[119.5389,-4.7332],[119.5354,-4.7287],[119.5369,-4.7252],[119.5317,-4.7248],[119.5323,-4.7283],[119.5312,-4.7292],[119.5289,-4.7276],[119.5287,-4.7233],[119.5218,-4.7269],[119.5209,-4.7231],[119.516,-4.7165],[119.5182,-4.7127],[119.516,-4.7058],[119.5167,-4.7009],[119.5224,-4.6879],[119.5256,-4.6747],[119.5439,-4.6564],[119.5489,-4.6493],[119.5516,-4.6421],[119.5663,-4.6525],[119.5759,-4.6692],[119.5881,-4.6707],[119.6043,-4.681],[119.611,-4.6889],[119.6134,-4.6976],[119.616,-4.6966],[119.6244,-4.7034],[119.6195,-4.7099],[119.6235,-4.7108],[119.6261,-4.7144],[119.629,-4.7151],[119.6348,-4.7201],[119.6394,-4.7191],[119.6402,-4.7212],[119.6373,-4.7253],[119.6425,-4.7262],[119.6419,-4.7283],[119.6447,-4.7319],[119.6388,-4.7372],[119.6409,-4.7452],[119.6245,-4.7447],[119.6125,-4.7497],[119.6043,-4.7489],[119.5997,-4.7455],[119.5864,-4.7405]]],"type":"MultiPolygon"}},{"type":"Feature","properties":{"id_kec":"73.10.09","nama_kec":"Segeri","id_kab":"7310","nama_kab":"Pangkajene Dan Kepulauan"},"geometry":{"coordinates":[[[119.6562,-4.6744],[119.6533,-4.6846],[119.6563,-4.6887],[119.6588,-4.6967],[119.6586,-4.7029],[119.6551,-4.7062],[119.6556,-4.7138],[119.6594,-4.7234],[119.6621,-4.726],[119.6447,-4.7319],[119.6419,-4.7283],[119.6425,-4.7262],[119.6373,-4.7253],[119.6402,-4.7212],[119.6394,-4.7191],[119.6348,-4.7201],[119.629,-4.7151],[119.6261,-4.7144],[119.6235,-4.7108],[119.6195,-4.7099],[119.6244,-4.7034],[119.616,-4.6966],[119.6134,-4.6976],[119.611,-4.6889],[119.6043,-4.681],[119.5881,-4.6707],[119.5746,-4.6683],[119.5663,-4.6525],[119.5516,-4.6421],[119.5513,-4.6383],[119.5532,-4.6337],[119.5604,-4.6262],[119.5709,-4.6065],[119.5807,-4.6137],[119.5842,-4.6248],[119.5903,-4.6273],[119.5984,-4.6341],[119.5976,-4.6401],[119.5996,-4.6422],[119.6209,-4.6446],[119.6321,-4.6485],[119.6374,-4.6485],[119.6468,-4.6444],[119.6625,-4.6559],[119.6643,-4.6613],[119.6562,-4.6744]]],"type":"MultiPolygon"}},{"type":"Feature","properties":{"id_kec":"73.10.10","nama_kec":"Minasatene","id_kab":"7310","nama_kab":"Pangkajene Dan Kepulauan"},"geometry":{"coordinates":[[[119.6025,-4.8894],[119.6033,-4.8923],[119.6018,-4.8937],[119.6004,-4.892],[119.5998,-4.8929],[119.6042,-4.895],[119.5979,-4.8983],[119.6006,-4.9015],[119.5964,-4.9007],[119.5966,-4.9027],[119.5993,-4.9041],[119.5977,-4.9055],[119.595,-4.9047],[119.5909,-4.8996],[119.5917,-4.8963],[119.5872,-4.8961],[119.5856,-4.9036],[119.5752,-4.9049],[119.5703,-4.902],[119.5711,-4.899],[119.5742,-4.8994],[119.5737,-4.8977],[119.5672,-4.8984],[119.5638,-4.8922],[119.5576,-4.8938],[119.5547,-4.8902],[119.5518,-4.8911],[119.5525,-4.8862],[119.5601,-4.8841],[119.561,-4.8806],[119.5631,-4.8823],[119.5665,-4.8823],[119.5675,-4.8799],[119.5731,-4.8781],[119.5722,-4.874],[119.5773,-4.8735],[119.5752,-4.8728],[119.5742,-4.8696],[119.5754,-4.8689],[119.5765,-4.8707],[119.5815,-4.8668],[119.5753,-4.86],[119.5761,-4.8583],[119.563,-4.8506],[119.5584,-4.8461],[119.5626,-4.8396],[119.5609,-4.8294],[119.5642,-4.8258],[119.5708,-4.8256],[119.5744,-4.8181],[119.5736,-4.8113],[119.5813,-4.8065],[119.5901,-4.7967],[119.5966,-4.797],[119.6011,-4.7941],[119.6097,-4.7927],[119.6223,-4.7951],[119.6329,-4.8055],[119.6365,-4.8062],[119.6532,-4.8025],[119.6575,-4.8076],[119.6673,-4.8097],[119.6702,-4.8118],[119.6729,-4.8176],[119.6821,-4.8278],[119.6678,-4.8569],[119.6501,-4.8635],[119.6414,-4.8704],[119.6272,-4.8782],[119.6235,-4.8793],[119.613,-4.8779],[119.6115,-4.8892],[119.6094,-4.8901],[119.6073,-4.8887],[119.6038,-4.8901],[119.6037,-4.887],[119.6025,-4.8894]]],"type":"MultiPolygon"}},{"type":"Feature","properties":{"id_kec":"73.10.11","nama_kec":"Mandalle","id_kab":"7310","nama_kab":"Pangkajene Dan Kepulauan"},"geometry":{"coordinates":[[[119.6431,-4.6309],[119.6456,-4.6353],[119.6444,-4.64],[119.6468,-4.6444],[119.6374,-4.6485],[119.6305,-4.6482],[119.6115,-4.643],[119.5996,-4.6422],[119.5976,-4.6401],[119.5984,-4.6341],[119.5903,-4.6273],[119.5842,-4.6248],[119.5807,-4.6137],[119.5709,-4.6065],[119.5728,-4.602],[119.5798,-4.5963],[119.5872,-4.5869],[119.5939,-4.5707],[119.5939,-4.5679],[119.5918,-4.567],[119.594,-4.5676],[119.5961,-4.5611],[119.5938,-4.5567],[119.598,-4.5558],[119.6024,-4.5589],[119.6064,-4.559],[119.6194,-4.5666],[119.6198,-4.5707],[119.6246,-4.5755],[119.6275,-4.5826],[119.6308,-4.5847],[119.6321,-4.5996],[119.6352,-4.6021],[119.637,-4.6095],[119.6357,-4.6172],[119.6431,-4.6309]]],"type":"MultiPolygon"}},{"type":"Feature","properties":{"id_kec":"73.10.12","nama_kec":"Tondong Tallasa","id_kab":"7310","nama_kab":"Pangkajene Dan Kepulauan"},"geometry":{"coordinates":[[[119.8008,-4.8554],[119.799,-4.8606],[119.7937,-4.8676],[119.7985,-4.8717],[119.7976,-4.8747],[119.7993,-4.8771],[119.7967,-4.8777],[119.7915,-4.8779],[119.7536,-4.8676],[119.7545,-4.8768],[119.7534,-4.8779],[119.7192,-4.8843],[119.6729,-4.8775],[119.6634,-4.8587],[119.6678,-4.8569],[119.67,-4.8538],[119.6733,-4.844],[119.6821,-4.8278],[119.6729,-4.8176],[119.6702,-4.8118],[119.6552,-4.8063],[119.6532,-4.8025],[119.654,-4.8001],[119.6575,-4.796],[119.6601,-4.796],[119.6644,-4.799],[119.6719,-4.7899],[119.6887,-4.7908],[119.6968,-4.788],[119.6978,-4.7981],[119.701,-4.8024],[119.7131,-4.8114],[119.7159,-4.8178],[119.7212,-4.8217],[119.7247,-4.8211],[119.7263,-4.8235],[119.7283,-4.8171],[119.7427,-4.8068],[119.7518,-4.8032],[119.7596,-4.8049],[119.7636,-4.8078],[119.7629,-4.8132],[119.7651,-4.8149],[119.7651,-4.8189],[119.7677,-4.8243],[119.7714,-4.8213],[119.7735,-4.8219],[119.7745,-4.8189],[119.7785,-4.8175],[119.7842,-4.8062],[119.7888,-4.8089],[119.8066,-4.8088],[119.8104,-4.82],[119.8102,-4.8236],[119.8056,-4.831],[119.8056,-4.8423],[119.802,-4.8456],[119.8008,-4.8554]]],"type":"MultiPolygon"}},{"type":"Feature","properties":{"id_kec":"73.10.13","nama_kec":"Liukang Tupabbiring Utara","id_kab":"7310","nama_kab":"Pangkajene Dan Kepulauan"},"geometry":{"coordinates":[[[119.4639,-4.7755],[119.4641,-4.7749],[119.4641,-4.7745],[119.4644,-4.7754],[119.4639,-4.7755]],[[119.4633,-4.7678],[119.4617,-4.7668],[119.4642,-4.766],[119.4646,-4.7668],[119.4633,-4.7678]],[[119.4757,-4.7024],[119.4779,-4.7046],[119.4721,-4.7117],[119.4688,-4.7085],[119.4686,-4.7052],[119.4744,-4.6998],[119.4757,-4.7024]],[[119.47,-4.6925],[119.4677,-4.6897],[119.469,-4.6866],[119.4708,-4.6883],[119.47,-4.6925]],[[119.4346,-4.7481],[119.4346,-4.7527],[119.432,-4.7532],[119.4314,-4.7477],[119.4333,-4.7466],[119.4346,-4.7481]],[[119.4509,-4.7391],[119.4516,-4.74],[119.4503,-4.7402],[119.4497,-4.7389],[119.4509,-4.7391]],[[119.4602,-4.697],[119.4628,-4.6977],[119.4581,-4.6986],[119.4502,-4.7082],[119.4491,-4.7077],[119.4486,-4.7027],[119.4571,-4.6967],[119.4602,-4.697]],[[119.4509,-4.6643],[119.4505,-4.6644],[119.4503,-4.664],[119.4508,-4.6639],[119.4509,-4.6643]],[[119.5043,-4.6748],[119.5042,-4.6745],[119.5043,-4.6744],[119.5046,-4.675],[119.5043,-4.6748]],[[119.5035,-4.6554],[119.503,-4.6563],[119.5017,-4.6552],[119.5032,-4.6546],[119.5035,-4.6554]],[[119.4182,-4.8242],[119.4195,-4.8221],[119.4193,-4.8175],[119.4219,-4.8202],[119.4182,-4.8242]],[[119.4322,-4.7845],[119.4332,-4.7867],[119.4323,-4.7904],[119.4294,-4.7849],[119.4322,-4.7845]],[[119.4352,-4.7776],[119.4343,-4.7734],[119.4376,-4.7709],[119.4357,-4.7782],[119.4352,-4.7776]],[[119.4471,-4.7733],[119.4462,-4.7724],[119.4485,-4.7699],[119.4476,-4.7734],[119.4471,-4.7733]],[[119.3852,-4.8549],[119.3878,-4.8559],[119.3866,-4.8589],[119.3822,-4.8559],[119.3852,-4.8549]],[[119.4045,-4.844],[119.4047,-4.8454],[119.4029,-4.8454],[119.4033,-4.8437],[119.4045,-4.844]],[[119.3031,-4.7278],[119.3032,-4.727],[119.3048,-4.7259],[119.3046,-4.7276],[119.3031,-4.7278]],[[119.2733,-4.719],[119.274,-4.7202],[119.2722,-4.7218],[119.2721,-4.7209],[119.2733,-4.719]],[[119.3526,-4.7176],[119.3533,-4.716],[119.3545,-4.7164],[119.3545,-4.7176],[119.3526,-4.7176]],[[119.3635,-4.7112],[119.3642,-4.7097],[119.3655,-4.7107],[119.3642,-4.7117],[119.3635,-4.7112]],[[119.3277,-4.7059],[119.3288,-4.7037],[119.3303,-4.7049],[119.3287,-4.7072],[119.3277,-4.7059]],[[119.2226,-4.5594],[119.2223,-4.5579],[119.2237,-4.5568],[119.2241,-4.5593],[119.2226,-4.5594]]],"type":"MultiPolygon"}},{"type":"Feature","properties":{"id_kec":"73.15.01","nama_kec":"Matirro Sompe","id_kab":"7315","nama_kab":"Pinrang"},"geometry":{"coordinates":[[[119.5402,-3.8571],[119.5376,-3.8627],[119.5346,-3.8648],[119.5289,-3.8625],[119.5241,-3.8634],[119.5064,-3.8089],[119.4945,-3.7855],[119.4846,-3.7582],[119.4889,-3.7537],[119.491,-3.7545],[119.4977,-3.7503],[119.5042,-3.7535],[119.5088,-3.7522],[119.5109,-3.7544],[119.5234,-3.7556],[119.5518,-3.7657],[119.5741,-3.7688],[119.5763,-3.7709],[119.5712,-3.7871],[119.5709,-3.7969],[119.5872,-3.8033],[119.5821,-3.809],[119.5849,-3.813],[119.5877,-3.8225],[119.5862,-3.8257],[119.5787,-3.8307],[119.5779,-3.8386],[119.5656,-3.8623],[119.5473,-3.8584],[119.542,-3.8547],[119.5402,-3.8571]]],"type":"MultiPolygon"}},{"type":"Feature","properties":{"id_kec":"73.15.02","nama_kec":"Suppa","id_kab":"7315","nama_kab":"Pinrang"},"geometry":{"coordinates":[[[119.5936,-4.0338],[119.599,-4.0377],[119.5993,-4.0419],[119.5974,-4.0434],[119.5884,-4.0402],[119.5859,-4.0378],[119.5811,-4.0157],[119.5822,-4.0099],[119.5796,-4.0014],[119.5787,-3.9828],[119.5723,-3.9516],[119.5708,-3.9477],[119.5587,-3.9319],[119.5542,-3.9221],[119.5636,-3.912],[119.5694,-3.9109],[119.5749,-3.9133],[119.5783,-3.9173],[119.5774,-3.9203],[119.5733,-3.9226],[119.5726,-3.9249],[119.5748,-3.9294],[119.5776,-3.9301],[119.5823,-3.9267],[119.5823,-3.9191],[119.5846,-3.9169],[119.5895,-3.918],[119.5907,-3.9241],[119.5937,-3.9269],[119.6056,-3.9221],[119.6086,-3.9188],[119.6096,-3.9142],[119.6138,-3.9134],[119.6152,-3.9115],[119.6232,-3.9187],[119.6258,-3.9189],[119.6313,-3.9152],[119.6389,-3.9139],[119.644,-3.9199],[119.643,-3.9392],[119.6569,-3.9373],[119.6629,-3.9315],[119.6705,-3.9283],[119.6721,-3.9262],[119.693,-3.9269],[119.6821,-3.9367],[119.6725,-3.9509],[119.6572,-3.9681],[119.6514,-3.9729],[119.6452,-3.9739],[119.6404,-3.9799],[119.6361,-3.9803],[119.6357,-3.9824],[119.6334,-3.9798],[119.6353,-3.9788],[119.6346,-3.977],[119.6378,-3.9758],[119.6334,-3.9753],[119.6367,-3.9736],[119.6343,-3.9739],[119.6309,-3.9712],[119.6327,-3.9688],[119.6357,-3.9704],[119.6354,-3.9676],[119.6334,-3.9668],[119.6294,-3.969],[119.6284,-3.967],[119.6285,-3.9706],[119.6269,-3.968],[119.6263,-3.9726],[119.6228,-3.971],[119.623,-3.9743],[119.6152,-3.9796],[119.6123,-3.9839],[119.6093,-3.9824],[119.6083,-3.9775],[119.6054,-3.9744],[119.6004,-3.9755],[119.597,-3.9725],[119.592,-3.9713],[119.5873,-3.9742],[119.5866,-3.9786],[119.5892,-3.9955],[119.5933,-4.0048],[119.6032,-4.0058],[119.6068,-4.0036],[119.6144,-4.0042],[119.6027,-4.0137],[119.6026,-4.0196],[119.5998,-4.0188],[119.5937,-4.0224],[119.5936,-4.0338]],[[119.605,-3.9988],[119.6016,-3.9978],[119.6029,-3.994],[119.6072,-3.9974],[119.605,-3.9988]],[[119.6031,-3.9923],[119.6038,-3.993],[119.6034,-3.9935],[119.6027,-3.9927],[119.6031,-3.9923]]],"type":"MultiPolygon"}},{"type":"Feature","properties":{"id_kec":"73.15.03","nama_kec":"Mattiro Bulu","id_kab":"7315","nama_kab":"Pinrang"},"geometry":{"coordinates":[[[119.6185,-3.904],[119.6219,-3.8984],[119.6215,-3.8932],[119.6241,-3.8877],[119.6226,-3.8841],[119.6153,-3.8808],[119.6144,-3.8767],[119.6162,-3.8735],[119.6206,-3.872],[119.6234,-3.873],[119.6234,-3.8713],[119.6197,-3.8696],[119.6114,-3.8705],[119.6034,-3.8683],[119.6055,-3.8674],[119.608,-3.8624],[119.6027,-3.8587],[119.6036,-3.8573],[119.6018,-3.856],[119.5976,-3.8566],[119.5979,-3.851],[119.5956,-3.8441],[119.5889,-3.8465],[119.5782,-3.8369],[119.5792,-3.83],[119.5862,-3.8257],[119.5877,-3.8225],[119.5849,-3.813],[119.5821,-3.809],[119.5867,-3.8026],[119.5919,-3.8019],[119.6035,-3.8073],[119.6093,-3.812],[119.6328,-3.8111],[119.6439,-3.8155],[119.6457,-3.8195],[119.6442,-3.8201],[119.6436,-3.8259],[119.6457,-3.8276],[119.6454,-3.8309],[119.6612,-3.8374],[119.6614,-3.8435],[119.6538,-3.8545],[119.6575,-3.8566],[119.6589,-3.8638],[119.6679,-3.8633],[119.6744,-3.857],[119.6773,-3.8566],[119.6804,-3.8572],[119.6807,-3.8631],[119.6832,-3.8621],[119.6939,-3.8658],[119.7002,-3.8639],[119.7132,-3.8651],[119.7187,-3.8621],[119.7276,-3.8633],[119.7261,-3.8725],[119.7233,-3.8771],[119.7271,-3.8835],[119.7238,-3.8865],[119.7246,-3.895],[119.7193,-3.9053],[119.7165,-3.9086],[119.7112,-3.911],[119.7036,-3.9063],[119.6931,-3.9207],[119.693,-3.9269],[119.6721,-3.9262],[119.6705,-3.9283],[119.6629,-3.9315],[119.6569,-3.9373],[119.643,-3.9392],[119.644,-3.9199],[119.6389,-3.9139],[119.6313,-3.9152],[119.6258,-3.9189],[119.6232,-3.9187],[119.6152,-3.9115],[119.6185,-3.904]]],"type":"MultiPolygon"}},{"type":"Feature","properties":{"id_kec":"73.15.04","nama_kec":"Watang Sawitto","id_kab":"7315","nama_kab":"Pinrang"},"geometry":{"coordinates":[[[119.6588,-3.8613],[119.6572,-3.8603],[119.6575,-3.8566],[119.6538,-3.8545],[119.6614,-3.8435],[119.6612,-3.8374],[119.6454,-3.8309],[119.6457,-3.8276],[119.6436,-3.8259],[119.6442,-3.8201],[119.6457,-3.8195],[119.6439,-3.8155],[119.6328,-3.8111],[119.6093,-3.812],[119.6035,-3.8073],[119.5919,-3.8019],[119.5844,-3.8022],[119.5709,-3.7969],[119.5712,-3.7871],[119.5764,-3.7723],[119.5754,-3.7699],[119.5729,-3.7689],[119.5785,-3.7578],[119.5853,-3.7549],[119.5902,-3.7564],[119.6053,-3.7561],[119.6061,-3.7576],[119.6082,-3.756],[119.6138,-3.7587],[119.6129,-3.7554],[119.6275,-3.7629],[119.6315,-3.7569],[119.6393,-3.779],[119.6371,-3.7826],[119.6503,-3.7874],[119.6546,-3.7869],[119.6537,-3.8017],[119.6618,-3.8108],[119.6619,-3.8156],[119.6669,-3.818],[119.674,-3.8189],[119.6763,-3.8169],[119.6777,-3.8127],[119.6828,-3.812],[119.685,-3.8135],[119.6796,-3.8324],[119.6825,-3.8345],[119.6806,-3.8405],[119.6804,-3.8572],[119.6744,-3.857],[119.6679,-3.8633],[119.663,-3.8644],[119.6589,-3.8638],[119.6588,-3.8613]]],"type":"MultiPolygon"}},{"type":"Feature","properties":{"id_kec":"73.15.05","nama_kec":"Patampanua","id_kab":"7315","nama_kab":"Pinrang"},"geometry":{"coordinates":[[[119.6045,-3.7521],[119.6102,-3.7433],[119.6118,-3.7375],[119.6146,-3.7363],[119.6215,-3.708],[119.6206,-3.7027],[119.6224,-3.7017],[119.6244,-3.7036],[119.6325,-3.7043],[119.6357,-3.7021],[119.638,-3.697],[119.6428,-3.6946],[119.6467,-3.6966],[119.6542,-3.6964],[119.6581,-3.699],[119.6659,-3.6968],[119.6663,-3.6992],[119.6678,-3.6993],[119.6698,-3.6967],[119.6702,-3.6895],[119.6786,-3.6872],[119.6877,-3.6791],[119.6994,-3.6715],[119.702,-3.6712],[119.7084,-3.6743],[119.72,-3.6752],[119.7269,-3.68],[119.7393,-3.675],[119.75,-3.668],[119.7576,-3.6687],[119.7628,-3.6749],[119.7595,-3.6762],[119.7593,-3.699],[119.7736,-3.7109],[119.7789,-3.7178],[119.7824,-3.7189],[119.7857,-3.7288],[119.778,-3.7378999999999998],[119.7654,-3.7416],[119.7622,-3.7449],[119.7564,-3.745],[119.7566,-3.7484],[119.7505,-3.7599],[119.7462,-3.7573],[119.7375,-3.76],[119.7232,-3.758],[119.7128,-3.7461],[119.7139,-3.7374],[119.7103,-3.731],[119.7089,-3.736],[119.6966,-3.7422],[119.6849,-3.7444],[119.6791,-3.748],[119.6418,-3.7483],[119.6398,-3.7536],[119.6365,-3.7525],[119.6367,-3.7542],[119.6328,-3.7544],[119.6275,-3.7629],[119.6129,-3.7554],[119.6138,-3.7587],[119.6082,-3.756],[119.6061,-3.7576],[119.6045,-3.7521]]],"type":"MultiPolygon"}},{"type":"Feature","properties":{"id_kec":"73.15.06","nama_kec":"Duampanua","id_kab":"7315","nama_kab":"Pinrang"},"geometry":{"coordinates":[[[119.5266,-3.721],[119.5122,-3.7091],[119.5024,-3.7037],[119.4911,-3.7003],[119.4869,-3.7036],[119.4841,-3.7087],[119.4681,-3.7086],[119.4525,-3.7139],[119.4531,-3.7092],[119.4501,-3.6959],[119.4499,-3.6874],[119.4518,-3.6876],[119.4523,-3.6918],[119.4535,-3.6917],[119.4543,-3.6869],[119.4501,-3.6782],[119.4566,-3.6588],[119.4581,-3.6418],[119.4616,-3.6426],[119.4629,-3.6403],[119.4643,-3.641],[119.4656,-3.6389],[119.4732,-3.6361],[119.475,-3.6336],[119.4774,-3.6344],[119.4775,-3.6325],[119.4813,-3.6327],[119.4801,-3.6315],[119.4819,-3.6313],[119.4951,-3.6025],[119.4971,-3.6003],[119.5053,-3.5994],[119.5102,-3.597],[119.5122,-3.5813],[119.5104,-3.574],[119.5137,-3.5743],[119.5159,-3.5726],[119.5168,-3.5654],[119.5219,-3.5674],[119.5266,-3.5615],[119.5299,-3.5624],[119.534,-3.5556],[119.5367,-3.5549],[119.5381,-3.5572],[119.5425,-3.5574],[119.5419,-3.5609],[119.5494,-3.5628],[119.5511,-3.5657],[119.5543,-3.5657],[119.5617,-3.5727],[119.563,-3.5716],[119.5657,-3.5728],[119.5663,-3.5707],[119.5726,-3.5685],[119.5814,-3.5729],[119.5832,-3.5701],[119.5883,-3.5757],[119.6002,-3.5728],[119.604,-3.5699],[119.6084,-3.5701],[119.6147,-3.5732],[119.622,-3.5721],[119.6295,-3.5941],[119.6284,-3.6065],[119.6374,-3.6116],[119.6413,-3.6209],[119.6389,-3.6353],[119.6419,-3.6488],[119.6452,-3.6548],[119.659,-3.6639],[119.6663,-3.673],[119.6674,-3.6782],[119.6757,-3.6881],[119.6702,-3.6895],[119.6698,-3.6967],[119.6676,-3.6993],[119.6663,-3.6992],[119.6659,-3.6968],[119.6581,-3.699],[119.6542,-3.6964],[119.6467,-3.6966],[119.6428,-3.6946],[119.638,-3.697],[119.6357,-3.7021],[119.6325,-3.7043],[119.6244,-3.7036],[119.6217,-3.7009],[119.6174,-3.7005],[119.6069,-3.7035],[119.6027,-3.7063],[119.599,-3.7126],[119.5881,-3.7131],[119.5811,-3.7049],[119.579,-3.6982],[119.5732,-3.6989],[119.5716,-3.7049],[119.5698,-3.7061],[119.566,-3.7054],[119.563,-3.7036],[119.5625,-3.6961],[119.5563,-3.694],[119.5465,-3.7046],[119.5407,-3.7154],[119.5407,-3.724],[119.5394,-3.7268],[119.5356,-3.7287],[119.5322,-3.7273],[119.5266,-3.721]]],"type":"MultiPolygon"}},{"type":"Feature","properties":{"id_kec":"73.15.07","nama_kec":"Lembang","id_kab":"7315","nama_kab":"Pinrang"},"geometry":{"coordinates":[[[119.6373,-3.5749],[119.6351,-3.5773],[119.6319,-3.5754],[119.6268,-3.5758],[119.6261,-3.5734],[119.6229,-3.5723],[119.6147,-3.5732],[119.6046,-3.5699],[119.6002,-3.5728],[119.5883,-3.5757],[119.5832,-3.5701],[119.5814,-3.5729],[119.5726,-3.5685],[119.5663,-3.5707],[119.5657,-3.5728],[119.563,-3.5716],[119.5617,-3.5727],[119.5543,-3.5657],[119.5511,-3.5657],[119.5494,-3.5628],[119.5419,-3.5609],[119.5427,-3.5576],[119.5381,-3.5572],[119.5367,-3.5549],[119.5317,-3.5579],[119.5299,-3.5624],[119.5261,-3.5618],[119.5231,-3.5668],[119.5213,-3.5675],[119.5168,-3.5654],[119.5159,-3.5726],[119.5137,-3.5743],[119.5111,-3.5739],[119.5135,-3.5604],[119.511,-3.55],[119.5068,-3.5407],[119.4904,-3.5182],[119.4741,-3.5029],[119.4753,-3.5012],[119.4789,-3.5012],[119.4781,-3.4989],[119.4808,-3.497],[119.4788,-3.4946],[119.4839,-3.4938],[119.4847,-3.4885],[119.4871,-3.4848],[119.4926,-3.4838],[119.4904,-3.4815],[119.4924,-3.4746],[119.486,-3.4688],[119.4826,-3.4679],[119.4829,-3.4652],[119.4768,-3.4619],[119.475,-3.4576],[119.4777,-3.4563],[119.4785,-3.4505],[119.4756,-3.4486],[119.4736,-3.4427],[119.4742,-3.4401],[119.4712,-3.4387],[119.4688,-3.4333],[119.4721,-3.4304],[119.4723,-3.4267],[119.4701,-3.4238],[119.4711,-3.417],[119.4737,-3.4161],[119.4733,-3.4132],[119.467,-3.4062],[119.4669,-3.3981],[119.4644,-3.3962],[119.4654,-3.3899],[119.4597,-3.3869],[119.459,-3.3847],[119.4653,-3.3774],[119.4628,-3.3727],[119.4549,-3.3662],[119.4505,-3.3559],[119.4382,-3.3518],[119.4309,-3.3468],[119.4297,-3.3441],[119.4312,-3.3392],[119.4359,-3.3401],[119.4429,-3.3375],[119.4452,-3.3321],[119.4343,-3.3159],[119.4346,-3.3139],[119.438,-3.3112],[119.4398,-3.3029],[119.4348,-3.2946],[119.4368,-3.2886],[119.4361,-3.2776],[119.4322,-3.2677],[119.4336,-3.2578],[119.4382,-3.2546],[119.4435,-3.2547],[119.448,-3.2597],[119.4627,-3.2642],[119.472,-3.2744],[119.4899,-3.2797],[119.5014,-3.2948],[119.5055,-3.2975],[119.514,-3.2971],[119.5172,-3.2923],[119.5194,-3.2811],[119.5248,-3.2773],[119.5271,-3.2782],[119.5289,-3.2747],[119.5328,-3.2752],[119.5348,-3.2735],[119.5412,-3.2748],[119.55029999999999,-3.271],[119.5536,-3.2726],[119.5555,-3.2701],[119.5587,-3.2697],[119.563,-3.2739],[119.5647,-3.2734],[119.5676,-3.2772],[119.5691,-3.2764],[119.5687,-3.2782],[119.5704,-3.2784],[119.5725,-3.2858],[119.5806,-3.2884],[119.5909,-3.2876],[119.5954,-3.2845],[119.5982,-3.2853],[119.6039,-3.2825],[119.6055,-3.2853],[119.6149,-3.2874],[119.6174,-3.2985],[119.6209,-3.303],[119.6275,-3.307],[119.633,-3.3139],[119.6359,-3.3161],[119.644,-3.3179],[119.6467,-3.3275],[119.6427,-3.3314],[119.6422,-3.3355],[119.6507,-3.3436],[119.6508,-3.3461],[119.6478,-3.3511],[119.65,-3.36],[119.6595,-3.3599],[119.6745,-3.3662],[119.6797,-3.3664],[119.6902,-3.3601],[119.6932,-3.3655],[119.694,-3.3799],[119.6986,-3.3846],[119.6949,-3.3947],[119.6973,-3.4036],[119.6981,-3.4222],[119.6989,-3.424],[119.702,-3.424],[119.6988,-3.427],[119.6946,-3.4273],[119.6935,-3.4293],[119.6952,-3.442],[119.6939,-3.4478],[119.6856,-3.446],[119.69,-3.4614],[119.7059,-3.4735],[119.7022,-3.4761],[119.7002,-3.4801],[119.7017,-3.4831],[119.7009,-3.4852],[119.695,-3.487],[119.6902,-3.4911],[119.6799,-3.4895],[119.6792,-3.5024],[119.6758,-3.5108],[119.6759,-3.5145],[119.6701,-3.5221],[119.6691,-3.5287],[119.6704,-3.5374],[119.6674,-3.5513],[119.6679,-3.5567],[119.6733,-3.5615],[119.6758,-3.5701],[119.6788,-3.5726],[119.6742,-3.5722],[119.6712,-3.5702],[119.6608,-3.5694],[119.649,-3.5739],[119.6394,-3.5735],[119.6373,-3.5749]]],"type":"MultiPolygon"}},{"type":"Feature","properties":{"id_kec":"73.15.08","nama_kec":"Cempa","id_kab":"7315","nama_kab":"Pinrang"},"geometry":{"coordinates":[[[119.5843,-3.7554],[119.5785,-3.7578],[119.578,-3.7607],[119.5721,-3.769],[119.5518,-3.7657],[119.532,-3.758],[119.5157,-3.7539],[119.5109,-3.7544],[119.5088,-3.7522],[119.5042,-3.7535],[119.4977,-3.7503],[119.491,-3.7545],[119.4889,-3.7537],[119.4846,-3.7582],[119.4799,-3.748],[119.4599,-3.7263],[119.4526,-3.714],[119.4681,-3.7086],[119.4841,-3.7087],[119.4869,-3.7036],[119.4911,-3.7003],[119.5024,-3.7037],[119.5122,-3.7091],[119.5266,-3.721],[119.5287,-3.7245],[119.5356,-3.7287],[119.5394,-3.7268],[119.5407,-3.724],[119.5407,-3.7154],[119.5465,-3.7046],[119.5563,-3.694],[119.5625,-3.6961],[119.563,-3.7036],[119.5681,-3.7061],[119.5716,-3.7049],[119.5732,-3.6989],[119.579,-3.6982],[119.5811,-3.7049],[119.5881,-3.7131],[119.599,-3.7126],[119.6027,-3.7063],[119.6069,-3.7035],[119.6174,-3.7005],[119.6217,-3.7009],[119.6206,-3.7027],[119.6215,-3.708],[119.6146,-3.7363],[119.6118,-3.7375],[119.6102,-3.7433],[119.6045,-3.7521],[119.6053,-3.7561],[119.5843,-3.7554]]],"type":"MultiPolygon"}},{"type":"Feature","properties":{"id_kec":"73.15.09","nama_kec":"Tiroang","id_kab":"7315","nama_kab":"Pinrang"},"geometry":{"coordinates":[[[119.7266,-3.863],[119.7211,-3.8634],[119.7187,-3.8621],[119.7132,-3.8651],[119.7002,-3.8639],[119.6954,-3.8659],[119.6832,-3.8621],[119.6801,-3.8626],[119.6806,-3.8405],[119.6825,-3.8345],[119.6796,-3.8324],[119.685,-3.8135],[119.6828,-3.812],[119.6777,-3.8127],[119.6771,-3.8],[119.6784,-3.7971],[119.6769,-3.7929],[119.6716,-3.7869],[119.6765,-3.7816],[119.7071,-3.7859],[119.7063,-3.7783],[119.7132,-3.7749],[119.7176,-3.77],[119.7216,-3.756],[119.7242,-3.7586],[119.7353,-3.76],[119.7462,-3.7573],[119.7585,-3.7647],[119.755,-3.7674],[119.7458,-3.784],[119.7565,-3.8008],[119.7535,-3.7991],[119.7451,-3.8175],[119.7383,-3.838],[119.7401,-3.8433],[119.7365,-3.8465],[119.7373,-3.8484],[119.7339,-3.8528],[119.7341,-3.8571],[119.7266,-3.863]]],"type":"MultiPolygon"}},{"type":"Feature","properties":{"id_kec":"73.15.10","nama_kec":"Lanrisang","id_kab":"7315","nama_kab":"Pinrang"},"geometry":{"coordinates":[[[119.5757,-3.9139],[119.5694,-3.9109],[119.5636,-3.912],[119.5542,-3.9221],[119.5489,-3.9179],[119.5371,-3.8983],[119.5241,-3.8634],[119.5289,-3.8625],[119.534,-3.8647],[119.5364,-3.864],[119.542,-3.8547],[119.5473,-3.8584],[119.5656,-3.8623],[119.5782,-3.8369],[119.5889,-3.8465],[119.5956,-3.8441],[119.5979,-3.851],[119.5976,-3.8566],[119.6018,-3.856],[119.6036,-3.8573],[119.6027,-3.8587],[119.608,-3.8624],[119.6055,-3.8674],[119.6034,-3.8683],[119.6114,-3.8705],[119.6197,-3.8696],[119.6234,-3.8713],[119.6234,-3.873],[119.6206,-3.872],[119.6162,-3.8735],[119.6144,-3.8777],[119.6176,-3.8826],[119.6226,-3.8841],[119.6242,-3.889],[119.6215,-3.8932],[119.6219,-3.8984],[119.6171,-3.9056],[119.6147,-3.9126],[119.6096,-3.9142],[119.6086,-3.9188],[119.6056,-3.9221],[119.5928,-3.9268],[119.5907,-3.9241],[119.5895,-3.918],[119.5846,-3.9169],[119.5823,-3.9191],[119.5818,-3.9275],[119.5791,-3.9297],[119.5757,-3.9299],[119.5726,-3.9249],[119.5733,-3.9226],[119.5783,-3.9187],[119.5757,-3.9139]]],"type":"MultiPolygon"}},{"type":"Feature","properties":{"id_kec":"73.15.11","nama_kec":"Paleteang","id_kab":"7315","nama_kab":"Pinrang"},"geometry":{"coordinates":[[[119.6771,-3.8],[119.6778,-3.8132],[119.6756,-3.818],[119.6669,-3.818],[119.6619,-3.8156],[119.6618,-3.8108],[119.6537,-3.8017],[119.6546,-3.7869],[119.6503,-3.7874],[119.6371,-3.7826],[119.6393,-3.779],[119.6315,-3.7569],[119.6331,-3.7542],[119.637,-3.7541],[119.6365,-3.7525],[119.6398,-3.7536],[119.6418,-3.7483],[119.6815,-3.7472],[119.6849,-3.7444],[119.6966,-3.7422],[119.7089,-3.736],[119.7112,-3.7312],[119.7139,-3.7374],[119.7128,-3.7461],[119.7216,-3.756],[119.7176,-3.77],[119.7132,-3.7749],[119.7063,-3.7783],[119.7071,-3.7859],[119.6765,-3.7816],[119.6716,-3.7869],[119.6769,-3.7929],[119.6784,-3.7971],[119.6771,-3.8]]],"type":"MultiPolygon"}},{"type":"Feature","properties":{"id_kec":"73.15.12","nama_kec":"Batu Lappa","id_kab":"7315","nama_kab":"Pinrang"},"geometry":{"coordinates":[[[119.7304,-3.6524],[119.7397,-3.6619],[119.75,-3.668],[119.7393,-3.675],[119.7269,-3.68],[119.72,-3.6752],[119.7084,-3.6743],[119.702,-3.6712],[119.6994,-3.6715],[119.6877,-3.6791],[119.6808,-3.6858],[119.6757,-3.6881],[119.6674,-3.6782],[119.6663,-3.673],[119.659,-3.6639],[119.6452,-3.6548],[119.6419,-3.6488],[119.6389,-3.6353],[119.6413,-3.6209],[119.6374,-3.6116],[119.6284,-3.6065],[119.6295,-3.5941],[119.622,-3.5721],[119.6261,-3.5734],[119.6268,-3.5758],[119.6319,-3.5754],[119.636,-3.5773],[119.6382,-3.5738],[119.649,-3.5739],[119.659,-3.5696],[119.6701,-3.57],[119.6788,-3.5726],[119.6758,-3.5701],[119.6733,-3.5615],[119.6679,-3.5567],[119.6674,-3.5513],[119.6704,-3.5374],[119.6691,-3.5287],[119.6701,-3.5221],[119.6759,-3.5145],[119.6758,-3.5108],[119.6792,-3.5024],[119.6799,-3.4895],[119.6902,-3.4911],[119.6971,-3.486],[119.7003,-3.4865],[119.7001,-3.4951],[119.7019,-3.5035],[119.6996,-3.5119],[119.7068,-3.5321],[119.706,-3.5357],[119.716,-3.5461],[119.7202,-3.5656],[119.7232,-3.6198],[119.7231,-3.6268],[119.7207,-3.6325],[119.7227,-3.6361],[119.7226,-3.6463],[119.7304,-3.6524]]],"type":"MultiPolygon"}},{"type":"Feature","properties":{"id_kec":"73.14.01","nama_kec":"Panca Lautang","id_kab":"7314","nama_kab":"Sidenreng Rappang"},"geometry":{"coordinates":[[[119.7455,-4.1236],[119.7343,-4.1083],[119.7199,-4.096],[119.7181,-4.0909],[119.7187,-4.0863],[119.7073,-4.0788],[119.7177,-4.0759],[119.7285,-4.0788],[119.7347,-4.0785],[119.7407,-4.0728],[119.7443,-4.0736],[119.7526,-4.0715],[119.7568,-4.0737],[119.7673,-4.0732],[119.7778,-4.0704],[119.7886,-4.0586],[119.7914,-4.051],[119.7987,-4.0479],[119.8031,-4.0397],[119.8097,-4.0368],[119.8273,-4.023],[119.829,-4.0249],[119.8329,-4.0232],[119.8412,-4.0122],[119.8548,-3.9992],[119.86,-3.9903],[119.8643,-3.9883],[119.8779,-3.974],[119.9051,-3.9687],[119.9047,-3.9854],[119.8926,-4.0016],[119.8867,-4.019],[119.8937,-4.028],[119.8953,-4.0431],[119.9021,-4.0534],[119.9019,-4.0594],[119.9,-4.0615],[119.9051,-4.0669],[119.8946,-4.076],[119.892,-4.0818],[119.8901,-4.1002],[119.8919,-4.1024],[119.8908,-4.105],[119.8922,-4.1078],[119.8866,-4.1121],[119.8826,-4.1117],[119.8649,-4.106],[119.8503,-4.0988],[119.8461,-4.0991],[119.8422,-4.103],[119.8321,-4.1073],[119.8257,-4.1061],[119.807,-4.1117],[119.8059,-4.1187],[119.8092,-4.1289],[119.8058,-4.1316],[119.8005,-4.1309],[119.7941,-4.1238],[119.7875,-4.1255],[119.7825,-4.1235],[119.7779,-4.1322],[119.773,-4.131],[119.7691,-4.1331],[119.7648,-4.1278],[119.7604,-4.1292],[119.7494,-4.1291],[119.7455,-4.1236]]],"type":"MultiPolygon"}},{"type":"Feature","properties":{"id_kec":"73.14.02","nama_kec":"Tellu Limpoe","id_kab":"7314","nama_kab":"Sidenreng Rappang"},"geometry":{"coordinates":[[[119.7012,-4.0551],[119.6979,-4.0515],[119.6978,-4.0454],[119.7017,-4.0402],[119.6986,-4.0392],[119.698,-4.0342],[119.7005,-4.0306],[119.6994,-4.0227],[119.7023,-4.0211],[119.7019,-4.0192],[119.6975,-4.0183],[119.6993,-4.0149],[119.7023,-4.0183],[119.7107,-4.0205],[119.7142,-4.0238],[119.7179,-4.0221],[119.7201,-4.0243],[119.7229,-4.0222],[119.7237,-4.0239],[119.7273,-4.0239],[119.7274,-4.0271],[119.7329,-4.0244],[119.7385,-4.0252],[119.7385,-4.0269],[119.7413,-4.0272],[119.7451,-4.0315],[119.7434,-4.0377],[119.7414,-4.0386],[119.7404,-4.0414],[119.7408,-4.0443],[119.739,-4.0459],[119.7435,-4.0481],[119.7467,-4.0458],[119.7517,-4.047],[119.756,-4.0378],[119.758,-4.0227],[119.7663,-4.0161],[119.7769,-4.0142],[119.7793,-4.0096],[119.7844,-4.0068],[119.7848,-4.0039],[119.7774,-3.9982],[119.7722,-3.988],[119.7784,-3.9807],[119.785,-3.9791],[119.7831,-3.9759],[119.7939,-3.9765],[119.7976,-3.9807],[119.8218,-3.9789],[119.8358,-3.9652],[119.8432,-3.9692],[119.8681,-3.9738],[119.8779,-3.974],[119.8643,-3.9883],[119.86,-3.9903],[119.8548,-3.9992],[119.8412,-4.0122],[119.8329,-4.0232],[119.829,-4.0249],[119.8273,-4.023],[119.8097,-4.0368],[119.8031,-4.0397],[119.7987,-4.0479],[119.7914,-4.051],[119.7886,-4.0586],[119.7794,-4.0695],[119.7752,-4.0717],[119.7603,-4.0737],[119.7568,-4.0737],[119.7526,-4.0715],[119.7443,-4.0736],[119.7407,-4.0728],[119.7347,-4.0785],[119.7285,-4.0788],[119.7195,-4.076],[119.7146,-4.0768],[119.7149,-4.0723],[119.7084,-4.0709],[119.7065,-4.0606],[119.7012,-4.0551]]],"type":"MultiPolygon"}},{"type":"Feature","properties":{"id_kec":"73.14.03","nama_kec":"Watang Pulu","id_kab":"7314","nama_kab":"Sidenreng Rappang"},"geometry":{"coordinates":[[[119.6861,-4.0104],[119.6895,-4.0082],[119.691,-4.0017],[119.6932,-3.9998],[119.6921,-3.9946],[119.6856,-3.9931],[119.6833,-3.9863],[119.6707,-3.973],[119.6641,-3.9613],[119.6821,-3.9367],[119.6929,-3.927],[119.6931,-3.9207],[119.7036,-3.9063],[119.7112,-3.911],[119.7165,-3.9086],[119.7193,-3.9053],[119.7246,-3.895],[119.7238,-3.8865],[119.7271,-3.8835],[119.7233,-3.8771],[119.7261,-3.8725],[119.7285,-3.8605],[119.7323,-3.8579],[119.7436,-3.8601],[119.7572,-3.8553],[119.76,-3.8513],[119.7693,-3.8579],[119.7791,-3.8678],[119.7834,-3.8687],[119.7885,-3.8661],[119.7932,-3.8706],[119.801,-3.8728],[119.8008,-3.8749],[119.7896,-3.8848],[119.783,-3.8878],[119.7789,-3.8916],[119.7691,-3.9171],[119.7684,-3.9228],[119.7688,-3.9267],[119.7802,-3.9304],[119.7798,-3.9319],[119.777,-3.9381],[119.7649,-3.9392],[119.7684,-3.9452],[119.7705,-3.9618],[119.7736,-3.9645],[119.7755,-3.9731],[119.7831,-3.9758],[119.785,-3.9791],[119.7784,-3.9807],[119.7722,-3.988],[119.7774,-3.9982],[119.7848,-4.0039],[119.7847,-4.0059],[119.7832,-4.0083],[119.7793,-4.0096],[119.7769,-4.0142],[119.7663,-4.0161],[119.758,-4.0227],[119.756,-4.0378],[119.7532,-4.0455],[119.7517,-4.047],[119.7467,-4.0458],[119.7444,-4.0481],[119.739,-4.0459],[119.7408,-4.0443],[119.7404,-4.0414],[119.7414,-4.0386],[119.7434,-4.0377],[119.7451,-4.0315],[119.7413,-4.0272],[119.7385,-4.0269],[119.7385,-4.0252],[119.7329,-4.0244],[119.7274,-4.0271],[119.7273,-4.0239],[119.7237,-4.0239],[119.7229,-4.0222],[119.7201,-4.0243],[119.7179,-4.0221],[119.7142,-4.0238],[119.7107,-4.0205],[119.7023,-4.0183],[119.7001,-4.015],[119.6981,-4.0182],[119.6956,-4.0179],[119.6985,-4.0138],[119.6935,-4.0161],[119.6924,-4.0144],[119.6886,-4.0139],[119.6856,-4.0115],[119.6861,-4.0104]],[[119.801,-3.875],[119.80095,-3.87495],[119.8011,-3.875],[119.801,-3.875]],[[119.8008,-3.8749],[119.8009,-3.8749],[119.80095,-3.87495],[119.8008,-3.8749]]],"type":"MultiPolygon"}},{"type":"Feature","properties":{"id_kec":"73.14.04","nama_kec":"Baranti","id_kab":"7314","nama_kab":"Sidenreng Rappang"},"geometry":{"coordinates":[[[119.8084,-3.8475],[119.8077,-3.8511],[119.8103,-3.8506],[119.8085,-3.8572],[119.801,-3.8728],[119.7932,-3.8706],[119.7885,-3.8661],[119.7834,-3.8687],[119.7791,-3.8678],[119.7693,-3.8579],[119.76,-3.8513],[119.7572,-3.8553],[119.7436,-3.8601],[119.7323,-3.8581],[119.7341,-3.8571],[119.7339,-3.8528],[119.7372,-3.849],[119.7365,-3.8465],[119.7401,-3.8433],[119.7383,-3.838],[119.7451,-3.8175],[119.7535,-3.7991],[119.7644,-3.8042],[119.7753,-3.8017],[119.7837,-3.8024],[119.7871,-3.804],[119.7892,-3.8137],[119.8091,-3.8155],[119.8097,-3.8357],[119.8073,-3.8431],[119.8084,-3.8475]]],"type":"MultiPolygon"}},{"type":"Feature","properties":{"id_kec":"73.14.05","nama_kec":"Panca Rijang","id_kab":"7314","nama_kab":"Sidenreng Rappang"},"geometry":{"coordinates":[[[119.8026,-3.869],[119.8103,-3.8506],[119.8077,-3.8511],[119.8087,-3.8484],[119.8073,-3.8431],[119.8097,-3.8307],[119.8348,-3.8378],[119.8369,-3.8359],[119.8409,-3.8153],[119.8526,-3.8066],[119.8608,-3.8056],[119.8607,-3.8108],[119.8687,-3.8163],[119.8775,-3.8193],[119.8886,-3.8168],[119.8888,-3.8228],[119.8909,-3.8247],[119.9059,-3.8274],[119.9077,-3.8343],[119.908,-3.8445],[119.9067,-3.8468],[119.8883,-3.8439],[119.8723,-3.8447],[119.8623,-3.8627],[119.8487,-3.8662],[119.8474,-3.8714],[119.8252,-3.86],[119.8198,-3.8724],[119.8163,-3.8749],[119.815,-3.8798],[119.8002,-3.8746],[119.8026,-3.869]]],"type":"MultiPolygon"}},{"type":"Feature","properties":{"id_kec":"73.14.06","nama_kec":"Kulo","id_kab":"7314","nama_kab":"Sidenreng Rappang"},"geometry":{"coordinates":[[[119.8498,-3.7978],[119.8557,-3.8059],[119.8455,-3.8109],[119.8409,-3.8153],[119.8369,-3.8359],[119.8348,-3.8378],[119.8097,-3.8307],[119.8091,-3.8155],[119.7892,-3.8137],[119.7871,-3.804],[119.7837,-3.8024],[119.7753,-3.8017],[119.7644,-3.8042],[119.7565,-3.8008],[119.7463,-3.7859],[119.7459,-3.7837],[119.7515,-3.7731],[119.755,-3.7674],[119.7586,-3.7651],[119.7502,-3.7603],[119.7566,-3.7484],[119.7561,-3.7456],[119.7622,-3.7449],[119.7654,-3.7416],[119.778,-3.7378999999999998],[119.7825,-3.731],[119.7857,-3.7292],[119.7824,-3.7189],[119.7956,-3.7226],[119.7973,-3.7263],[119.8031,-3.7314],[119.8022,-3.735],[119.8056,-3.7403],[119.8098,-3.7415],[119.8125,-3.7448],[119.8148,-3.7445],[119.8182,-3.7483],[119.8226,-3.768],[119.8374,-3.7733],[119.8438,-3.7789],[119.8445,-3.7859],[119.8459,-3.7873],[119.8451,-3.7893],[119.8498,-3.7947],[119.8498,-3.7978]]],"type":"MultiPolygon"}},{"type":"Feature","properties":{"id_kec":"73.14.07","nama_kec":"Maritengngae","id_kab":"7314","nama_kab":"Sidenreng Rappang"},"geometry":{"coordinates":[[[119.7907,-3.9762],[119.7837,-3.976],[119.7755,-3.9731],[119.7736,-3.9645],[119.7705,-3.9618],[119.7684,-3.9452],[119.7649,-3.9392],[119.777,-3.9381],[119.7802,-3.9304],[119.7688,-3.9267],[119.7691,-3.9171],[119.78,-3.8902],[119.7896,-3.8848],[119.8008,-3.8749],[119.815,-3.8798],[119.8163,-3.8749],[119.8198,-3.8724],[119.8252,-3.86],[119.8429,-3.8691],[119.8423,-3.8757],[119.8336,-3.8882],[119.8317,-3.8998],[119.8279,-3.9014],[119.8233,-3.908],[119.8232,-3.9131],[119.8253,-3.918],[119.8211,-3.929],[119.8197,-3.9309],[119.8177,-3.9266],[119.8137,-3.9361],[119.8179,-3.9383],[119.8177,-3.9513],[119.8264,-3.95],[119.8268,-3.9536],[119.8289,-3.9547],[119.8267,-3.9581],[119.8172,-3.9554],[119.8162,-3.9566],[119.8331,-3.9666],[119.8218,-3.9789],[119.7976,-3.9807],[119.7939,-3.9765],[119.7907,-3.9762]]],"type":"MultiPolygon"}},{"type":"Feature","properties":{"id_kec":"73.14.08","nama_kec":"Watang Sidenreng","id_kab":"7314","nama_kab":"Sidenreng Rappang"},"geometry":{"coordinates":[[[119.8584,-3.9716],[119.8422,-3.9689],[119.8358,-3.9652],[119.8331,-3.9666],[119.8162,-3.9566],[119.8172,-3.9554],[119.8267,-3.9581],[119.8289,-3.9547],[119.8268,-3.9536],[119.8264,-3.95],[119.8177,-3.9513],[119.8179,-3.9383],[119.8137,-3.9361],[119.8177,-3.9266],[119.8197,-3.9309],[119.8211,-3.929],[119.8253,-3.918],[119.8232,-3.9131],[119.8233,-3.908],[119.8279,-3.9014],[119.8317,-3.8998],[119.8336,-3.8882],[119.8423,-3.8757],[119.8429,-3.8691],[119.8474,-3.8714],[119.8487,-3.8662],[119.8623,-3.8627],[119.8723,-3.8447],[119.8883,-3.8439],[119.8907,-3.8448],[119.8924,-3.8546],[119.896,-3.8611],[119.9015,-3.8794],[119.899,-3.8872],[119.9049,-3.8966],[119.9066,-3.9181],[119.9108,-3.9228],[119.9099,-3.9304],[119.9183,-3.9362],[119.9145,-3.9431],[119.9149,-3.9506],[119.9115,-3.9628],[119.9051,-3.9687],[119.8779,-3.974],[119.8584,-3.9716]]],"type":"MultiPolygon"}},{"type":"Feature","properties":{"id_kec":"73.14.09","nama_kec":"Duapitue","id_kab":"7314","nama_kab":"Sidenreng Rappang"},"geometry":{"coordinates":[[[120.0035,-3.9304],[120.0005,-3.9307],[120.0002,-3.9284],[119.9976,-3.9277],[119.9961,-3.931],[119.9921,-3.9295],[119.9875,-3.9336],[119.9783,-3.9357],[119.9752,-3.9352],[119.9755,-3.9316],[119.9733,-3.9311],[119.9702,-3.9367],[119.9606,-3.9371],[119.9601,-3.9388],[119.957,-3.9339],[119.9561,-3.9274],[119.9501,-3.9246],[119.9446,-3.9174],[119.946,-3.9121],[119.9416,-3.9059],[119.9454,-3.88],[119.9514,-3.879],[119.9647,-3.886],[119.9755,-3.8881],[119.9739,-3.8855],[119.977,-3.88],[119.9814,-3.8805],[119.9827,-3.8776],[119.9891,-3.8742],[119.9927,-3.8724],[119.9958,-3.8743],[119.999,-3.8715],[120.0045,-3.876],[120.0044,-3.8789],[120.0079,-3.8778],[120.0087,-3.8807],[120.0105,-3.8806],[120.0099,-3.8739],[120.0131,-3.8703],[120.0149,-3.8617],[120.0174,-3.8606],[120.0148,-3.8566],[120.0181,-3.8536],[120.017,-3.8499],[120.018,-3.8446],[120.0262,-3.841],[120.025,-3.8375],[120.0262,-3.8368],[120.0529,-3.8375],[120.053,-3.8429],[120.0474,-3.858],[120.0496,-3.8621],[120.0488,-3.8806],[120.0523,-3.8841],[120.042,-3.913],[120.0388,-3.9171],[120.0268,-3.926],[120.0229,-3.9361],[120.0161,-3.938],[120.0066,-3.9363],[120.0086,-3.9283],[120.0057,-3.9255],[120.0025,-3.9267],[120.0035,-3.9304]]],"type":"MultiPolygon"}},{"type":"Feature","properties":{"id_kec":"73.14.10","nama_kec":"Pitu Riawa","id_kab":"7314","nama_kab":"Sidenreng Rappang"},"geometry":{"coordinates":[[[119.9446,-3.9155],[119.9446,-3.9174],[119.9501,-3.9246],[119.9561,-3.9274],[119.9584,-3.9366],[119.9535,-3.9348],[119.9523,-3.9389],[119.9408,-3.9349],[119.9396,-3.9288],[119.9297,-3.9318],[119.9162,-3.9325],[119.9171,-3.934],[119.9159,-3.9349],[119.9101,-3.9308],[119.9108,-3.9228],[119.9066,-3.9181],[119.9049,-3.8966],[119.899,-3.8872],[119.9015,-3.8794],[119.8906,-3.8468],[119.8907,-3.8448],[119.9067,-3.8468],[119.908,-3.8445],[119.9072,-3.8307],[119.9047,-3.8267],[119.8909,-3.8247],[119.8888,-3.8228],[119.8884,-3.8183],[119.8886,-3.8168],[119.8942,-3.8176],[119.9011,-3.8241],[119.9078,-3.8165],[119.9172,-3.8106],[119.9195,-3.8103],[119.9251,-3.8157],[119.9276,-3.8156],[119.9363,-3.8024],[119.9449,-3.8098],[119.9466,-3.8056],[119.9503,-3.8024],[119.9602,-3.802],[119.9593,-3.8],[119.9633,-3.7948],[119.9671,-3.7968],[119.968,-3.7955],[119.967,-3.7908],[119.9693,-3.7887],[119.9664,-3.7867],[119.9655,-3.7834],[119.9591,-3.7789],[119.9539,-3.7811],[119.9502,-3.7793],[119.9455,-3.7712],[119.9478,-3.767],[119.9439,-3.7657],[119.9406,-3.7619],[119.9402,-3.7586],[119.9441,-3.7566],[119.9405,-3.7524],[119.9407,-3.7385],[119.9381,-3.7357],[119.9394,-3.7319],[119.9384,-3.7265],[119.9365,-3.7246],[119.9387,-3.7234],[119.9386,-3.7197],[119.9315,-3.7195],[119.9349,-3.7173],[119.9372,-3.7089],[119.9327,-3.7092],[119.9313,-3.7029],[119.9249,-3.7007],[119.9217,-3.6941],[119.9237,-3.6905],[119.9227,-3.6858],[119.9271,-3.6792],[119.937,-3.676],[119.9406,-3.6717],[119.9461,-3.6699],[119.9493,-3.6669],[119.951,-3.6601],[119.9674,-3.6646],[119.9699,-3.6672],[119.9725,-3.6656],[119.9787,-3.6691],[119.9942,-3.6734],[120.0052,-3.6845],[120.0071,-3.6908],[120.0037,-3.7136],[120.0045,-3.7325],[120.0114,-3.7434],[120.0208,-3.7659],[120.0196,-3.7686],[120.0165,-3.7695],[120.0053,-3.7796],[119.9949,-3.7947],[119.9743,-3.7949],[119.9743,-3.8178],[119.9766,-3.8178],[119.9789,-3.8205],[119.9813,-3.8177],[119.9875,-3.8225],[119.987,-3.8251],[119.982,-3.8298],[119.9867,-3.8386],[119.9919,-3.8413],[119.9945,-3.8484],[119.9933,-3.8514],[119.9953,-3.8543],[119.994,-3.8572],[119.9963,-3.8658],[119.9952,-3.8694],[119.9916,-3.8718],[119.9927,-3.8724],[119.9827,-3.8776],[119.9814,-3.8805],[119.977,-3.88],[119.9757,-3.8813],[119.9739,-3.8855],[119.9755,-3.8881],[119.9647,-3.886],[119.9514,-3.879],[119.9454,-3.88],[119.9414,-3.904],[119.946,-3.9121],[119.9446,-3.9155]]],"type":"MultiPolygon"}},{"type":"Feature","properties":{"id_kec":"73.14.11","nama_kec":"Pitu Riase","id_kab":"7314","nama_kab":"Sidenreng Rappang"},"geometry":{"coordinates":[[[120.0179,-3.845],[120.017,-3.8499],[120.0181,-3.8536],[120.0148,-3.8566],[120.0174,-3.8606],[120.0149,-3.8617],[120.0131,-3.8703],[120.0099,-3.8739],[120.011,-3.8795],[120.0087,-3.8807],[120.008,-3.8778],[120.0044,-3.8789],[120.0045,-3.876],[119.9993,-3.8716],[119.997,-3.872],[119.9958,-3.8743],[119.9916,-3.8719],[119.9952,-3.8694],[119.9963,-3.8658],[119.994,-3.8572],[119.9953,-3.8543],[119.9933,-3.8514],[119.9945,-3.8484],[119.9916,-3.8407],[119.9867,-3.8386],[119.982,-3.8297],[119.987,-3.8251],[119.9875,-3.8225],[119.9813,-3.8177],[119.9789,-3.8205],[119.9766,-3.8178],[119.9743,-3.8178],[119.9743,-3.7949],[119.9949,-3.7947],[120.0053,-3.7796],[120.0165,-3.7695],[120.0196,-3.7686],[120.0208,-3.7659],[120.0114,-3.7434],[120.0045,-3.7325],[120.0037,-3.7136],[120.0068,-3.697],[120.0067,-3.6874],[119.9962,-3.6745],[119.9827,-3.6699],[119.9802,-3.6673],[119.9808,-3.6608],[119.9888,-3.6619],[119.9952,-3.66],[119.9927,-3.6578],[119.9916,-3.6539],[119.9935,-3.6491],[119.9954,-3.6487],[119.996,-3.6428],[119.9953,-3.6401],[119.9925,-3.6402],[119.9937,-3.6328],[119.9915,-3.6293],[119.9962,-3.627],[119.9993,-3.6274],[120.0055,-3.6234],[120.0153,-3.6092],[120.0272,-3.5783],[120.0388,-3.5588],[120.0413,-3.5415],[120.0448,-3.5382],[120.0626,-3.5357],[120.068,-3.5303],[120.0767,-3.5088],[120.0889,-3.5076],[120.0949,-3.5027],[120.0973,-3.4979],[120.0961,-3.4831],[120.0986,-3.4858],[120.1015,-3.4853],[120.1026,-3.4877],[120.117,-3.4866],[120.1251,-3.491],[120.1358,-3.5008],[120.1454,-3.5004],[120.1495,-3.5023],[120.1652,-3.4978],[120.1706,-3.498],[120.1715,-3.5007],[120.1741,-3.5005],[120.179,-3.5068],[120.1796,-3.52],[120.1821,-3.5241],[120.1821,-3.5344],[120.1879,-3.5396],[120.189,-3.5449],[120.1917,-3.5473],[120.1929,-3.5608],[120.192,-3.5664],[120.1976,-3.5838],[120.2058,-3.5862],[120.2076,-3.5944],[120.2209,-3.5914],[120.2307,-3.5924],[120.2428,-3.6009],[120.2509,-3.6097],[120.2682,-3.6203],[120.2702,-3.6277],[120.2796,-3.6327],[120.2828,-3.6329],[120.2898,-3.6398],[120.3047,-3.6486],[120.3218,-3.6497],[120.3227,-3.6518],[120.3244,-3.6517],[120.3302,-3.6652],[120.3311,-3.6795],[120.3144,-3.6903],[120.3107,-3.6951],[120.31,-3.7013],[120.3052,-3.7096],[120.3014,-3.7103],[120.2984,-3.7164],[120.292,-3.7197],[120.2854,-3.7208],[120.2747,-3.7175],[120.269,-3.7221],[120.2631,-3.7218],[120.2604,-3.7207],[120.2567,-3.716],[120.2515,-3.7161],[120.2407,-3.7075],[120.2371,-3.7076],[120.2271,-3.7251],[120.2129,-3.7301],[120.2125,-3.735],[120.2105,-3.7347],[120.2068,-3.752],[120.1915,-3.7748],[120.163,-3.769],[120.1503,-3.7731],[120.1503,-3.7752],[120.148,-3.7757],[120.1458,-3.7793],[120.1513,-3.7851],[120.1481,-3.7879],[120.1481,-3.7915],[120.1543,-3.7975],[120.1455,-3.8021],[120.1443,-3.8142],[120.1393,-3.8162],[120.1417,-3.8246],[120.1407,-3.8287],[120.1303,-3.8334],[120.129,-3.8398],[120.1313,-3.8441],[120.1288,-3.8469],[120.1222,-3.85],[120.1195,-3.8472],[120.1178,-3.8513],[120.1144,-3.8525],[120.1153,-3.8499],[120.1115,-3.8505],[120.1099,-3.8482],[120.1126,-3.8482],[120.1116,-3.8411],[120.1026,-3.84],[120.102,-3.8435],[120.0958,-3.8446],[120.093,-3.8431],[120.0882,-3.8449],[120.0871,-3.8484],[120.0824,-3.8476],[120.082,-3.8508],[120.0794,-3.8485],[120.076,-3.8527],[120.0726,-3.8517],[120.071,-3.8532],[120.0683,-3.853],[120.0641,-3.8572],[120.0629,-3.8554],[120.0575,-3.8549],[120.0572,-3.8621],[120.0491,-3.8688],[120.0496,-3.8621],[120.0475,-3.8601],[120.0477,-3.8547],[120.0521,-3.8461],[120.0529,-3.8375],[120.0262,-3.8368],[120.025,-3.8375],[120.0262,-3.841],[120.0179,-3.845]]],"type":"MultiPolygon"}},{"type":"Feature","properties":{"id_kec":"73.07.01","nama_kec":"Sinjai Barat","id_kab":"7307","nama_kab":"Sinjai"},"geometry":{"coordinates":[[[119.9532,-5.356],[119.9412,-5.3548],[119.9368,-5.3563],[119.9332,-5.353],[119.9291,-5.3382],[119.9378,-5.3248],[119.941,-5.3168],[119.9449,-5.3132],[119.9453,-5.3071],[119.9543,-5.2904],[119.9633,-5.2818],[119.966,-5.2822],[119.9741,-5.277],[119.9731,-5.2705],[119.9765,-5.2661],[119.976,-5.257],[119.9807,-5.2476],[119.9862,-5.2439],[119.9876,-5.2391],[119.9916,-5.2371],[119.9977,-5.2307],[119.9963,-5.2249],[119.9972,-5.2189],[119.9963,-5.2179],[119.9946,-5.219],[119.9932,-5.2165],[119.9919,-5.2059],[119.9948,-5.2063],[119.9948,-5.2039],[119.9972,-5.203],[119.9954,-5.2016],[119.9972,-5.1994],[119.9998,-5.2],[120.0014,-5.1986],[120.0041,-5.2004],[120.0029,-5.1978],[120.0039,-5.1967],[120.0065,-5.1986],[120.0105,-5.1976],[120.0147,-5.1999],[120.0231,-5.1977],[120.026,-5.2004],[120.0268,-5.1973],[120.025,-5.1935],[120.0289,-5.1929],[120.0327,-5.1846],[120.0293,-5.1857],[120.027,-5.1838],[120.0225,-5.1833],[120.0203,-5.1766],[120.0093,-5.1708],[120.0035,-5.1654],[119.986,-5.1675],[119.9768,-5.1636],[119.9722,-5.1577],[119.9749,-5.1505],[119.9727,-5.142],[119.9691,-5.1366],[119.9693,-5.1337],[119.9827,-5.123],[119.987,-5.13],[119.9946,-5.1302],[120,-5.1327],[120.0111,-5.1226],[120.0147,-5.1243],[120.0188,-5.1317],[120.0215,-5.13],[120.0237,-5.1309],[120.0272,-5.1275],[120.0318,-5.1291],[120.0408,-5.1261],[120.0537,-5.1267],[120.0609,-5.1226],[120.0613,-5.1291],[120.0658,-5.136],[120.069,-5.1368],[120.0734,-5.146],[120.0843,-5.1549],[120.0639,-5.1788],[120.0581,-5.1811],[120.0561,-5.1927],[120.0522,-5.197],[120.0478,-5.2081],[120.0353,-5.2187],[120.0349,-5.2241],[120.037,-5.2257],[120.0407,-5.2343],[120.0393,-5.2414],[120.0449,-5.2472],[120.051,-5.2506],[120.0456,-5.2539],[120.0273,-5.2734],[120.0208,-5.2768],[120.0203,-5.2802],[120.0174,-5.2841],[120.0147,-5.2851],[120.0047,-5.3043],[119.9978,-5.3055],[119.9955,-5.3129],[119.996,-5.3225],[119.9929,-5.3264],[119.9682,-5.342],[119.9623,-5.3416],[119.9583,-5.3435],[119.955,-5.3517],[119.9551,-5.3552],[119.9532,-5.356]]],"type":"MultiPolygon"}},{"type":"Feature","properties":{"id_kec":"73.07.02","nama_kec":"Sinjai Selatan","id_kab":"7307","nama_kab":"Sinjai"},"geometry":{"coordinates":[[[120.1296,-5.308],[120.1254,-5.3066],[120.1249,-5.3119],[120.1216,-5.3107],[120.1156,-5.3146],[120.1143,-5.3135],[120.1077,-5.3162],[120.1061,-5.3137],[120.1032,-5.3165],[120.1008,-5.3121],[120.0952,-5.3103],[120.0934,-5.3077],[120.0918,-5.3102],[120.0846,-5.3083],[120.0854,-5.3038],[120.0842,-5.3],[120.0889,-5.2996],[120.0906,-5.2962],[120.0898,-5.2913],[120.0842,-5.2837],[120.084,-5.2799],[120.0873,-5.2782],[120.0902,-5.2734],[120.0838,-5.2687],[120.0742,-5.2652],[120.0701,-5.2508],[120.0776,-5.246],[120.089,-5.2435],[120.1025,-5.2336],[120.1157,-5.2307],[120.1357,-5.2207],[120.14,-5.2142],[120.1435,-5.2041],[120.1439,-5.2004],[120.141,-5.195],[120.1426,-5.1898],[120.1402,-5.1796],[120.1451,-5.1758],[120.1435,-5.1738],[120.1442,-5.1722],[120.1489,-5.1716],[120.1511,-5.1731],[120.1541,-5.171],[120.1602,-5.1712],[120.1633,-5.1689],[120.1655,-5.1707],[120.1669,-5.168],[120.1716,-5.1665],[120.1747,-5.1633],[120.1808,-5.1654],[120.1844,-5.1635],[120.1849,-5.1675],[120.1873,-5.1634],[120.1897,-5.1667],[120.1916,-5.1619],[120.1902,-5.157],[120.1926,-5.1591],[120.1972,-5.1597],[120.1984,-5.1576],[120.2002,-5.1603],[120.2036,-5.1593],[120.2046,-5.1628],[120.2078,-5.1658],[120.2089,-5.1707],[120.2127,-5.1709],[120.2111,-5.1734],[120.2067,-5.1737],[120.2086,-5.1754],[120.2154,-5.1742],[120.217,-5.1702],[120.2201,-5.1713],[120.2211,-5.1742],[120.2288,-5.1766],[120.2312,-5.1792],[120.2324,-5.176],[120.2351,-5.1772],[120.2367,-5.181],[120.2399,-5.1824],[120.2405,-5.1874],[120.2448,-5.1933],[120.2446,-5.1972],[120.2424,-5.1984],[120.2408,-5.1969],[120.2355,-5.1992],[120.2329,-5.207],[120.2229,-5.2176],[120.2222,-5.2234],[120.2185,-5.2317],[120.2172,-5.2318],[120.2169,-5.2288],[120.2099,-5.228],[120.2079,-5.2262],[120.2046,-5.2278],[120.2022,-5.2268],[120.2008,-5.2283],[120.1959,-5.225],[120.1915,-5.2274],[120.1931,-5.2281],[120.1924,-5.2291],[120.1891,-5.2288],[120.1889,-5.2301],[120.1855,-5.2283],[120.1833,-5.231],[120.1797,-5.2308],[120.1797,-5.2339],[120.1776,-5.232],[120.1743,-5.2388],[120.1756,-5.2398],[120.1749,-5.2418],[120.1718,-5.2428],[120.1752,-5.2449],[120.1698,-5.2509],[120.1696,-5.2531],[120.1671,-5.2533],[120.1609,-5.2599],[120.1625,-5.2617],[120.1621,-5.2666],[120.1582,-5.2718],[120.1595,-5.2766],[120.1574,-5.2771],[120.1579,-5.2789],[120.1561,-5.2788],[120.1566,-5.2808],[120.1544,-5.2808],[120.1495,-5.2857],[120.1401,-5.2885],[120.1405,-5.2899],[120.1361,-5.2945],[120.1349,-5.3004],[120.1301,-5.3049],[120.131,-5.3061],[120.1296,-5.308]]],"type":"MultiPolygon"}},{"type":"Feature","properties":{"id_kec":"73.07.03","nama_kec":"Sinjai Timur","id_kab":"7307","nama_kab":"Sinjai"},"geometry":{"coordinates":[[[120.2762,-5.1585],[120.2778,-5.1715],[120.2815,-5.1761],[120.2845,-5.1851],[120.2962,-5.2034],[120.3076,-5.2119],[120.3112,-5.217],[120.3131,-5.2259],[120.3011,-5.228],[120.2983,-5.2252],[120.2932,-5.2236],[120.2893,-5.2178],[120.2865,-5.2197],[120.2799,-5.2139],[120.2783,-5.2151],[120.279,-5.2203],[120.2743,-5.2206],[120.2762,-5.2253],[120.2737,-5.2248],[120.271,-5.2284],[120.2669,-5.2283],[120.2663,-5.2233],[120.2625,-5.2228],[120.2619,-5.2263],[120.2646,-5.2298],[120.2606,-5.2344],[120.2596,-5.228],[120.2559,-5.2245],[120.254,-5.2255],[120.2531,-5.2295],[120.2493,-5.2321],[120.2445,-5.229],[120.2417,-5.2319],[120.2387,-5.2255],[120.2324,-5.2311],[120.2288,-5.2289],[120.2259,-5.2301],[120.2221,-5.2272],[120.2196,-5.2299],[120.2229,-5.2176],[120.2329,-5.207],[120.2355,-5.1992],[120.2411,-5.1969],[120.2436,-5.198],[120.2448,-5.1933],[120.2405,-5.1874],[120.2396,-5.1818],[120.2367,-5.181],[120.2336,-5.1761],[120.2321,-5.1762],[120.2312,-5.1792],[120.2288,-5.1766],[120.2211,-5.1742],[120.2201,-5.1713],[120.217,-5.1702],[120.2151,-5.1743],[120.2102,-5.1756],[120.207,-5.1744],[120.2118,-5.1731],[120.2127,-5.1709],[120.2089,-5.1707],[120.2078,-5.1658],[120.2046,-5.1628],[120.2033,-5.1591],[120.2002,-5.1603],[120.1984,-5.1576],[120.1972,-5.1597],[120.1926,-5.1591],[120.1902,-5.157],[120.1908,-5.1496],[120.1978,-5.143],[120.2026,-5.1425],[120.2043,-5.1345],[120.2063,-5.1342],[120.2075,-5.1312],[120.2142,-5.1361],[120.217,-5.133],[120.2203,-5.1371],[120.2222,-5.1354],[120.2208,-5.1336],[120.2222,-5.1308],[120.2275,-5.1326],[120.2289,-5.1298],[120.2351,-5.1328],[120.2399,-5.1328],[120.2412,-5.1346],[120.2394,-5.1385],[120.2451,-5.1377],[120.2448,-5.1419],[120.2476,-5.1404],[120.25,-5.1348],[120.254,-5.1319],[120.2563,-5.1276],[120.2583,-5.1272],[120.2645,-5.1305],[120.2696,-5.1301],[120.2736,-5.1353],[120.2743,-5.1395],[120.2707,-5.143],[120.273,-5.1478],[120.2765,-5.15],[120.2754,-5.1527],[120.2762,-5.1585]]],"type":"MultiPolygon"}},{"type":"Feature","properties":{"id_kec":"73.07.04","nama_kec":"Sinjai Tengah","id_kab":"7307","nama_kab":"Sinjai"},"geometry":{"coordinates":[[[120.0479,-5.2487],[120.0393,-5.2414],[120.0407,-5.2343],[120.037,-5.2257],[120.0349,-5.2241],[120.0353,-5.2187],[120.0478,-5.2081],[120.0522,-5.197],[120.0561,-5.1927],[120.0581,-5.1811],[120.0639,-5.1788],[120.0802,-5.1611],[120.0944,-5.1394],[120.1025,-5.1363],[120.1184,-5.1369],[120.1284,-5.1311],[120.1417,-5.1302],[120.147,-5.1287],[120.1528,-5.1238],[120.1586,-5.1246],[120.1673,-5.1209],[120.1716,-5.1219],[120.1735,-5.1196],[120.1766,-5.1225],[120.1785,-5.1205],[120.1813,-5.1219],[120.1826,-5.1197],[120.1809,-5.1193],[120.1816,-5.1166],[120.1883,-5.1166],[120.1892,-5.1143],[120.1918,-5.116],[120.1947,-5.1122],[120.1973,-5.1166],[120.1992,-5.1168],[120.1989,-5.1183],[120.2015,-5.1182],[120.2036,-5.1211],[120.2083,-5.1207],[120.209,-5.1249],[120.214,-5.1295],[120.212,-5.134],[120.2091,-5.1314],[120.2071,-5.1316],[120.2063,-5.1342],[120.2043,-5.1345],[120.2026,-5.1425],[120.1978,-5.143],[120.1908,-5.1496],[120.19,-5.1577],[120.1916,-5.1619],[120.1902,-5.1664],[120.1873,-5.1634],[120.1849,-5.1675],[120.1844,-5.1635],[120.1808,-5.1654],[120.1747,-5.1633],[120.1716,-5.1665],[120.1669,-5.168],[120.1655,-5.1707],[120.1628,-5.1689],[120.1596,-5.1714],[120.1571,-5.1704],[120.1511,-5.1731],[120.1483,-5.1715],[120.1436,-5.1729],[120.1451,-5.1758],[120.1402,-5.1796],[120.1426,-5.1898],[120.141,-5.195],[120.1439,-5.2004],[120.1435,-5.2041],[120.14,-5.2142],[120.1351,-5.2214],[120.1157,-5.2307],[120.1025,-5.2336],[120.089,-5.2435],[120.0721,-5.2487],[120.064,-5.259],[120.0562,-5.2604],[120.0526,-5.252],[120.0479,-5.2487]]],"type":"MultiPolygon"}},{"type":"Feature","properties":{"id_kec":"73.07.05","nama_kec":"Sinjai Utara","id_kab":"7307","nama_kab":"Sinjai"},"geometry":{"coordinates":[[[120.2193,-5.1356],[120.2168,-5.133],[120.2136,-5.1358],[120.212,-5.134],[120.2141,-5.1289],[120.2116,-5.1283],[120.209,-5.1249],[120.2083,-5.1207],[120.2036,-5.1211],[120.202,-5.1185],[120.1997,-5.118],[120.2027,-5.1157],[120.2045,-5.1114],[120.2078,-5.1096],[120.2076,-5.1047],[120.2103,-5.0986],[120.2121,-5.0998],[120.214,-5.0983],[120.2167,-5.0999],[120.2211,-5.0973],[120.2207,-5.0939],[120.2253,-5.0926],[120.2281,-5.0963],[120.232,-5.0921],[120.2317,-5.0875],[120.241,-5.0927],[120.248,-5.0932],[120.2502,-5.0951],[120.2497,-5.0969],[120.257,-5.1088],[120.2595,-5.1159],[120.2624,-5.1166],[120.2655,-5.1141],[120.2634,-5.105],[120.2651,-5.1013],[120.2735,-5.1079],[120.2862,-5.1122],[120.2897,-5.1151],[120.2866,-5.1221],[120.2835,-5.124],[120.2752,-5.1355],[120.2696,-5.1301],[120.2645,-5.1305],[120.2576,-5.1272],[120.2503,-5.1344],[120.2476,-5.1404],[120.2448,-5.1419],[120.2451,-5.1377],[120.2402,-5.139],[120.2392,-5.1381],[120.2408,-5.1332],[120.2351,-5.1328],[120.2289,-5.1298],[120.2275,-5.1326],[120.2218,-5.131],[120.2208,-5.1336],[120.222,-5.1356],[120.2203,-5.1371],[120.2193,-5.1356]]],"type":"MultiPolygon"}},{"type":"Feature","properties":{"id_kec":"73.07.06","nama_kec":"Bulupoddo","id_kab":"7307","nama_kab":"Sinjai"},"geometry":{"coordinates":[[[120.1479,-5.1272],[120.1417,-5.1302],[120.1284,-5.1311],[120.1184,-5.1369],[120.0987,-5.1369],[120.0926,-5.1412],[120.0843,-5.1549],[120.0734,-5.146],[120.069,-5.1368],[120.0658,-5.136],[120.0617,-5.13],[120.0605,-5.1131],[120.0651,-5.1049],[120.064,-5.0997],[120.072,-5.0987],[120.0727,-5.0926],[120.0765,-5.0905],[120.0768,-5.0844],[120.0796,-5.0831],[120.0814,-5.0781],[120.0854,-5.0752],[120.0966,-5.076],[120.1061,-5.0713],[120.1093,-5.0671],[120.1094,-5.0628],[120.1159,-5.0585],[120.1196,-5.0588],[120.1251,-5.0481],[120.1247,-5.0454],[120.1315,-5.0443],[120.1333,-5.0461],[120.1328,-5.0484],[120.1385,-5.0541],[120.1373,-5.0571],[120.1468,-5.0606],[120.1509,-5.0579],[120.1518,-5.0605],[120.1502,-5.065],[120.1513,-5.0656],[120.1591,-5.063],[120.1615,-5.0656],[120.162,-5.07],[120.1598,-5.0734],[120.164,-5.0784],[120.1685,-5.0743],[120.1746,-5.0762],[120.1809,-5.0692],[120.1841,-5.0713],[120.1859,-5.069],[120.1884,-5.0693],[120.1879,-5.0746],[120.1906,-5.0738],[120.1909,-5.0756],[120.1883,-5.0779],[120.1883,-5.0801],[120.1894,-5.0807],[120.1919,-5.0786],[120.1952,-5.0801],[120.1938,-5.0821],[120.1955,-5.0849],[120.1954,-5.0903],[120.1977,-5.0899],[120.2015,-5.0963],[120.2068,-5.1],[120.2103,-5.0986],[120.2076,-5.1047],[120.2078,-5.1096],[120.2045,-5.1114],[120.1997,-5.1184],[120.1947,-5.1122],[120.1918,-5.116],[120.1892,-5.1143],[120.1883,-5.1166],[120.1816,-5.1166],[120.1809,-5.1193],[120.1826,-5.1197],[120.1813,-5.1219],[120.1785,-5.1205],[120.1766,-5.1225],[120.1735,-5.1196],[120.1716,-5.1219],[120.1673,-5.1209],[120.1586,-5.1246],[120.1528,-5.1238],[120.1479,-5.1272]]],"type":"MultiPolygon"}},{"type":"Feature","properties":{"id_kec":"73.07.07","nama_kec":"Sinjai Borong","id_kab":"7307","nama_kab":"Sinjai"},"geometry":{"coordinates":[[[120.0509,-5.3411],[120.0397,-5.347],[120.0374,-5.3459],[120.037,-5.3423],[120.0335,-5.3415],[120.0329,-5.3394],[120.02,-5.3381],[120.0138,-5.3309],[120.0121,-5.3253],[120.0079,-5.3247],[120.0054,-5.3225],[119.996,-5.3225],[119.9964,-5.309],[119.9978,-5.3055],[120.0047,-5.3043],[120.0147,-5.2851],[120.0174,-5.2841],[120.0203,-5.2802],[120.0208,-5.2768],[120.0273,-5.2734],[120.0477,-5.2521],[120.0519,-5.2513],[120.0567,-5.2605],[120.0648,-5.2586],[120.0699,-5.2516],[120.0742,-5.2652],[120.0838,-5.2687],[120.0902,-5.2734],[120.0873,-5.2782],[120.084,-5.2799],[120.0842,-5.2837],[120.0898,-5.2913],[120.0906,-5.2962],[120.0889,-5.2996],[120.0842,-5.3],[120.0854,-5.3042],[120.0841,-5.3076],[120.0915,-5.3102],[120.0934,-5.3077],[120.0952,-5.3103],[120.1008,-5.3121],[120.1029,-5.3162],[120.098,-5.3168],[120.0972,-5.3223],[120.0895,-5.3211],[120.0816,-5.324],[120.0767,-5.3328],[120.0743,-5.3332],[120.0734,-5.3355],[120.0615,-5.3331],[120.0509,-5.3411]]],"type":"MultiPolygon"}},{"type":"Feature","properties":{"id_kec":"73.07.08","nama_kec":"Tellu Limpoe","id_kab":"7307","nama_kab":"Sinjai"},"geometry":{"coordinates":[[[120.1656,-5.3079],[120.1601,-5.3032],[120.1501,-5.2997],[120.1412,-5.2885],[120.1495,-5.2857],[120.1544,-5.2808],[120.1566,-5.2808],[120.1561,-5.2788],[120.1579,-5.2789],[120.1574,-5.2771],[120.1595,-5.2766],[120.1582,-5.2718],[120.1621,-5.2666],[120.1625,-5.2617],[120.1609,-5.2599],[120.1671,-5.2533],[120.1696,-5.2531],[120.1698,-5.2509],[120.1752,-5.2449],[120.1718,-5.2428],[120.1749,-5.2418],[120.1756,-5.2398],[120.1743,-5.2388],[120.1776,-5.232],[120.1797,-5.2339],[120.1797,-5.2308],[120.1833,-5.231],[120.1855,-5.2283],[120.1889,-5.2301],[120.1891,-5.2288],[120.1924,-5.2291],[120.1931,-5.2281],[120.1915,-5.2274],[120.1959,-5.225],[120.2008,-5.2283],[120.2022,-5.2268],[120.2046,-5.2278],[120.2079,-5.2262],[120.2099,-5.228],[120.2169,-5.2288],[120.2175,-5.232],[120.2221,-5.2272],[120.2259,-5.2301],[120.2288,-5.2289],[120.2324,-5.2311],[120.239,-5.2255],[120.2417,-5.2319],[120.2445,-5.229],[120.2493,-5.2321],[120.2531,-5.2295],[120.2555,-5.2244],[120.2595,-5.2277],[120.2606,-5.2344],[120.2646,-5.2298],[120.2619,-5.2263],[120.2625,-5.2228],[120.2663,-5.2233],[120.2669,-5.2283],[120.271,-5.2284],[120.2737,-5.2248],[120.2762,-5.2253],[120.2743,-5.2206],[120.279,-5.2203],[120.2783,-5.2151],[120.2797,-5.2139],[120.2865,-5.2197],[120.2893,-5.2178],[120.2932,-5.2236],[120.2983,-5.2252],[120.3011,-5.228],[120.3043,-5.2265],[120.3151,-5.2272],[120.314,-5.2329],[120.3178,-5.2369],[120.3244,-5.2511],[120.3278,-5.2654],[120.3273,-5.2701],[120.3346,-5.2868],[120.3324,-5.29],[120.3286,-5.2886],[120.3256,-5.2908],[120.3209,-5.2902],[120.3186,-5.2949],[120.3132,-5.2975],[120.3116,-5.2953],[120.3067,-5.2941],[120.3082,-5.2974],[120.305,-5.3015],[120.3022,-5.3009],[120.3012,-5.2989],[120.3029,-5.2963],[120.3015,-5.2952],[120.3017,-5.2915],[120.2979,-5.2906],[120.2989,-5.2881],[120.2946,-5.2899],[120.2918,-5.2867],[120.2911,-5.2891],[120.2888,-5.2866],[120.2857,-5.2874],[120.2849,-5.2903],[120.2815,-5.2901],[120.2832,-5.2928],[120.2805,-5.2941],[120.2813,-5.2969],[120.2794,-5.2952],[120.2772,-5.2967],[120.2785,-5.2976],[120.2773,-5.3012],[120.2756,-5.2988],[120.2722,-5.2995],[120.2703,-5.2972],[120.2668,-5.2983],[120.258,-5.2972],[120.2581,-5.2989],[120.2549,-5.3003],[120.2544,-5.3022],[120.2458,-5.3011],[120.2465,-5.2994],[120.2419,-5.2971],[120.2391,-5.2984],[120.2373,-5.2968],[120.231,-5.2977],[120.2302,-5.2966],[120.2228,-5.3001],[120.2238,-5.3011],[120.2217,-5.3033],[120.2024,-5.3006],[120.1964,-5.3056],[120.1897,-5.3065],[120.1771,-5.3128],[120.1741,-5.311],[120.1692,-5.3113],[120.1656,-5.3079]]],"type":"MultiPolygon"}},{"type":"Feature","properties":{"id_kec":"73.07.09","nama_kec":"Pulau Sembilan","id_kab":"7307","nama_kab":"Sinjai"},"geometry":{"coordinates":[[[120.3902,-5.1253],[120.3876,-5.122],[120.39,-5.1171],[120.3923,-5.116],[120.3965,-5.1223],[120.3941,-5.1256],[120.3902,-5.1253]],[[120.3914,-5.0714],[120.3919,-5.0701],[120.3928,-5.0696],[120.3925,-5.0716],[120.3914,-5.0714]],[[120.3987,-5.0702],[120.3982,-5.0673],[120.4009,-5.067],[120.4006,-5.0696],[120.3987,-5.0702]],[[120.398,-5.0407],[120.3986,-5.0428],[120.3962,-5.047],[120.3955,-5.0421],[120.3963,-5.0404],[120.398,-5.0407]],[[120.4117,-5.1125],[120.4111,-5.1115],[120.4145,-5.1087],[120.4141,-5.1118],[120.4117,-5.1125]],[[120.4188,-5.1016],[120.418,-5.0979],[120.4209,-5.0935],[120.4212,-5.0997],[120.4201,-5.102],[120.4188,-5.1016]],[[120.425,-5.0739],[120.4254,-5.0717],[120.4226,-5.0686],[120.4241,-5.0665],[120.4268,-5.0694],[120.4264,-5.074],[120.425,-5.0739]],[[120.4251,-5.0539],[120.4278,-5.0586],[120.4254,-5.0591],[120.4197,-5.0547],[120.4133,-5.0537],[120.4126,-5.0496],[120.4166,-5.0491],[120.4187,-5.0442],[120.4218,-5.0428],[120.4251,-5.0539]],[[120.3912,-5.0414],[120.3902,-5.0401],[120.3933,-5.0382],[120.3939,-5.0406],[120.3912,-5.0414]]],"type":"MultiPolygon"}},{"type":"Feature","properties":{"id_kec":"73.12.01","nama_kec":"Marioriwawo","id_kab":"7312","nama_kab":"Soppeng"},"geometry":{"coordinates":[[[119.8067,-4.5323],[119.8063,-4.5284],[119.7986,-4.5227],[119.7956,-4.5176],[119.7886,-4.5107],[119.7877,-4.5021],[119.7916,-4.503],[119.8038,-4.501],[119.8087,-4.4997],[119.8142,-4.4948],[119.8481,-4.4892],[119.8635,-4.4842],[119.8675,-4.4617],[119.904,-4.4553],[119.9294,-4.4527],[119.9359,-4.4471],[119.942,-4.4467],[119.9396,-4.4302],[119.941,-4.4212],[119.9522,-4.4165],[119.9595,-4.4153],[119.9925,-4.4186],[120.0032,-4.4164],[120.0045,-4.4196],[120.0132,-4.4176],[120.009,-4.4288],[120.0108,-4.4376],[120.0248,-4.4454],[120.0599,-4.4535],[120.057,-4.4645],[120.0598,-4.4718],[120.0585,-4.4801],[120.0606,-4.4864],[120.0583,-4.4935],[120.0591,-4.4983],[120.0582,-4.5],[120.0482,-4.5042],[120.0394,-4.5195],[120.0321,-4.5233],[120.0194,-4.5239],[120.0136,-4.5264],[119.9939,-4.5208],[119.991,-4.5243],[119.9868,-4.5254],[119.985,-4.5331],[119.9807,-4.5343],[119.9763,-4.5388],[119.9708,-4.5318],[119.9679,-4.5333],[119.9624,-4.5326],[119.9603,-4.5354],[119.9534,-4.5326],[119.9517,-4.5337],[119.9441,-4.533],[119.9424,-4.5312],[119.9412,-4.5335],[119.9388,-4.5338],[119.931,-4.53],[119.9284,-4.5305],[119.9214,-4.5255],[119.9184,-4.5259],[119.9105,-4.5196],[119.9015,-4.5158],[119.8983,-4.5168],[119.8918,-4.5235],[119.8872,-4.5245],[119.8746,-4.5329],[119.8684,-4.5285],[119.8592,-4.5292],[119.855,-4.5377],[119.8513,-4.5323],[119.8214,-4.5273],[119.8127,-4.5304],[119.8114,-4.5343],[119.8083,-4.5367],[119.8063,-4.5366],[119.8067,-4.5323]]],"type":"MultiPolygon"}},{"type":"Feature","properties":{"id_kec":"73.12.02","nama_kec":"Liliriaja","id_kab":"7312","nama_kab":"Soppeng"},"geometry":{"coordinates":[[[119.8742,-4.4443],[119.903,-4.4345],[119.9047,-4.4287],[119.9008,-4.4029],[119.9014,-4.3954],[119.9081,-4.3814],[119.9151,-4.3729],[119.9217,-4.3664],[119.9264,-4.3653],[119.9237,-4.3628],[119.9271,-4.3541],[119.9378,-4.3442],[119.9506,-4.3425],[119.9561,-4.3444],[119.9597,-4.3542],[119.9721,-4.3616],[119.9803,-4.3644],[119.9835,-4.3712],[119.9882,-4.3712],[120.0002,-4.3785],[119.9989,-4.3841],[119.9924,-4.3904],[119.9924,-4.3927],[119.9954,-4.397],[119.9973,-4.3971],[119.9994,-4.3945],[119.9998,-4.3904],[120.003,-4.3903],[120.0054,-4.3932],[120.0057,-4.3973],[120.0098,-4.4017],[120.0084,-4.4098],[120.0056,-4.4104],[119.9993,-4.4081],[120.0032,-4.4164],[119.9925,-4.4186],[119.9595,-4.4153],[119.9522,-4.4165],[119.941,-4.4212],[119.9396,-4.4302],[119.942,-4.4467],[119.9359,-4.4471],[119.9294,-4.4527],[119.904,-4.4553],[119.8675,-4.4617],[119.8677,-4.4493],[119.8742,-4.4443]]],"type":"MultiPolygon"}},{"type":"Feature","properties":{"id_kec":"73.12.03","nama_kec":"Lilirilau","id_kab":"7312","nama_kab":"Soppeng"},"geometry":{"coordinates":[[[120.0616,-4.3999],[120.054,-4.3995],[120.0296,-4.3906],[120.0137,-4.3868],[119.9882,-4.3712],[119.9835,-4.3712],[119.9803,-4.3644],[119.9721,-4.3616],[119.9597,-4.3542],[119.9561,-4.3444],[119.9573,-4.3381],[119.9618,-4.3319],[119.9671,-4.328],[119.9716,-4.3207],[119.9756,-4.3192],[119.9792,-4.3203],[119.9777,-4.3132],[119.9852,-4.3126],[119.9922,-4.3051],[119.989,-4.3038],[119.9813,-4.309],[119.9805,-4.3039],[119.9908,-4.2861],[119.9846,-4.2895],[119.9786,-4.2867],[119.9744,-4.2824],[119.9696,-4.2741],[119.9697,-4.2716],[119.9779,-4.2669],[119.9934,-4.2668],[120.005,-4.2647],[120.0082,-4.2687],[120.0107,-4.2687],[120.0398,-4.2615],[120.0415,-4.2638],[120.042,-4.2686],[120.0399,-4.2746],[120.0411,-4.2787],[120.0401,-4.2819],[120.0429,-4.2858],[120.0732,-4.2851],[120.0829,-4.2904],[120.083,-4.2945],[120.0794,-4.2978],[120.0772,-4.3042],[120.0846,-4.3123],[120.0845,-4.3176],[120.0826,-4.3188],[120.0853,-4.3224],[120.0768,-4.3354],[120.0786,-4.3416],[120.0768,-4.3461],[120.0777,-4.3479],[120.0891,-4.3504],[120.0957,-4.3621],[120.0929,-4.3788],[120.0962,-4.3856],[120.0947,-4.3921],[120.0799,-4.4015],[120.0686,-4.4027],[120.0616,-4.3999]]],"type":"MultiPolygon"}},{"type":"Feature","properties":{"id_kec":"73.12.04","nama_kec":"Lalabata","id_kab":"7312","nama_kab":"Soppeng"},"geometry":{"coordinates":[[[119.7565,-4.4207],[119.7547,-4.4162],[119.7557,-4.4037],[119.7528,-4.3994],[119.7498,-4.3868],[119.7524,-4.3785],[119.7498,-4.3642],[119.7553,-4.3495],[119.7709,-4.345],[119.7826,-4.3495],[119.7903,-4.3504],[119.8131,-4.3449],[119.8197,-4.3413],[119.8262,-4.331],[119.8342,-4.3237],[119.842,-4.3249],[119.8466,-4.3239],[119.852,-4.3258],[119.8556,-4.3188],[119.8591,-4.3166],[119.8642,-4.3164],[119.869,-4.3186],[119.8747,-4.3175],[119.9002,-4.2853],[119.9106,-4.291],[119.9129,-4.2991],[119.9186,-4.3028],[119.9208,-4.3094],[119.9191,-4.3179],[119.9219,-4.322],[119.9223,-4.328],[119.9269,-4.3314],[119.9438,-4.3374],[119.943,-4.343],[119.9378,-4.3442],[119.9271,-4.3541],[119.9237,-4.3628],[119.9264,-4.3653],[119.9217,-4.3664],[119.9151,-4.3729],[119.9081,-4.3814],[119.9014,-4.3954],[119.9008,-4.4029],[119.9047,-4.4287],[119.903,-4.4345],[119.8745,-4.4441],[119.8677,-4.4493],[119.8677,-4.462],[119.8635,-4.4842],[119.8481,-4.4892],[119.8142,-4.4948],[119.8087,-4.4997],[119.7916,-4.503],[119.7877,-4.5021],[119.7847,-4.4967],[119.7775,-4.491],[119.7721,-4.4881],[119.7646,-4.4889],[119.7568,-4.4782],[119.755,-4.4725],[119.755,-4.4622],[119.7523,-4.454],[119.7538,-4.4235],[119.7556,-4.4232],[119.7565,-4.4207]]],"type":"MultiPolygon"}},{"type":"Feature","properties":{"id_kec":"73.12.05","nama_kec":"Marioriawa","id_kab":"7312","nama_kab":"Soppeng"},"geometry":{"coordinates":[[[119.9292,-4.1868],[119.9199,-4.2122],[119.9146,-4.2173],[119.8985,-4.2119],[119.8943,-4.2166],[119.8897,-4.2179],[119.8825,-4.2188],[119.8658,-4.2171],[119.8602,-4.2188],[119.8537,-4.2239],[119.8376,-4.2149],[119.8302,-4.2133],[119.821,-4.2086],[119.82,-4.2159],[119.8167,-4.2169],[119.812,-4.2217],[119.8019,-4.2435],[119.7914,-4.2519],[119.7852,-4.253],[119.7793,-4.2465],[119.7733,-4.244],[119.7666,-4.2431],[119.7631,-4.2449],[119.7615,-4.265],[119.7595,-4.2665],[119.7565,-4.2762],[119.7531,-4.2779],[119.7534,-4.2827],[119.7474,-4.2788],[119.7414,-4.2782],[119.7415,-4.2754],[119.7455,-4.2703],[119.7444,-4.2641],[119.7359,-4.2603],[119.7285,-4.2525],[119.7167,-4.2494],[119.7152,-4.247],[119.7159,-4.2393],[119.7144,-4.2355],[119.7061,-4.2305],[119.7129,-4.2257],[119.7204,-4.2142],[119.724,-4.2117],[119.7372,-4.2101],[119.7421,-4.2077],[119.7529,-4.209],[119.7564,-4.2065],[119.755,-4.1925],[119.7443,-4.1888],[119.7359,-4.1837],[119.7297,-4.1739],[119.7337,-4.1622],[119.7309,-4.1473],[119.7363,-4.1404],[119.7387,-4.1386],[119.7413,-4.1409],[119.7451,-4.1393],[119.7494,-4.1291],[119.7604,-4.1292],[119.7648,-4.1278],[119.7691,-4.1331],[119.773,-4.131],[119.777,-4.1327],[119.7825,-4.1235],[119.7875,-4.1255],[119.7941,-4.1238],[119.8005,-4.1309],[119.8058,-4.1316],[119.8092,-4.1289],[119.8059,-4.1187],[119.807,-4.1117],[119.8257,-4.1061],[119.8321,-4.1073],[119.849,-4.0984],[119.88,-4.1112],[119.8866,-4.1121],[119.8922,-4.1078],[119.8937,-4.1109],[119.8994,-4.112],[119.901,-4.1172],[119.9049,-4.1153],[119.9045,-4.1118],[119.9096,-4.1183],[119.9147,-4.119],[119.9148,-4.1211],[119.9181,-4.1244],[119.9186,-4.1208],[119.9208,-4.1228],[119.9222,-4.1222],[119.9224,-4.1242],[119.9201,-4.1264],[119.9209,-4.1294],[119.9233,-4.1288],[119.9248,-4.1315],[119.9287,-4.13],[119.931,-4.1325],[119.9305,-4.1341],[119.9328,-4.1345],[119.9317,-4.1385],[119.9328,-4.1399],[119.9291,-4.1465],[119.9267,-4.1476],[119.9247,-4.1535],[119.9199,-4.1558],[119.9173,-4.1632],[119.9212,-4.1676],[119.9182,-4.1704],[119.921,-4.1716],[119.9204,-4.175],[119.925,-4.1764],[119.9252,-4.1784],[119.922,-4.1804],[119.9225,-4.1819],[119.9248,-4.1818],[119.9229,-4.1834],[119.9254,-4.183],[119.9264,-4.1846],[119.9277,-4.182],[119.929,-4.1836],[119.9304,-4.1819],[119.9292,-4.1868]]],"type":"MultiPolygon"}},{"type":"Feature","properties":{"id_kec":"73.12.06","nama_kec":"Donri Donri","id_kab":"7312","nama_kab":"Soppeng"},"geometry":{"coordinates":[[[119.756,-4.3477],[119.7538,-4.3316],[119.7549,-4.3176],[119.7535,-4.3141],[119.7533,-4.2967],[119.7551,-4.288],[119.7528,-4.2788],[119.7565,-4.2762],[119.7595,-4.2665],[119.7615,-4.265],[119.7631,-4.2449],[119.7666,-4.2431],[119.7733,-4.244],[119.7793,-4.2465],[119.7852,-4.253],[119.7914,-4.2519],[119.8019,-4.2435],[119.812,-4.2217],[119.8167,-4.2169],[119.82,-4.2159],[119.821,-4.2086],[119.8302,-4.2133],[119.8376,-4.2149],[119.8537,-4.2239],[119.8602,-4.2188],[119.8658,-4.2171],[119.8825,-4.2188],[119.8897,-4.2179],[119.8943,-4.2166],[119.8985,-4.2119],[119.9146,-4.2173],[119.9199,-4.2122],[119.9306,-4.181],[119.9387,-4.1804],[119.9391,-4.1853],[119.9412,-4.186],[119.9446,-4.1811],[119.9445,-4.1799],[119.9422,-4.1802],[119.9432,-4.1788],[119.9421,-4.1761],[119.9445,-4.1761],[119.9431,-4.177],[119.9485,-4.1816],[119.9492,-4.1847],[119.946,-4.1889],[119.9466,-4.1931],[119.9432,-4.2016],[119.9391,-4.2029],[119.9356,-4.2064],[119.9384,-4.2193],[119.9382,-4.2279],[119.9344,-4.249],[119.9381,-4.2558],[119.9343,-4.2635],[119.9321,-4.2825],[119.9277,-4.2826],[119.9234,-4.2875],[119.9161,-4.287],[119.9106,-4.291],[119.9002,-4.2853],[119.8747,-4.3175],[119.869,-4.3186],[119.8642,-4.3164],[119.8591,-4.3166],[119.8556,-4.3188],[119.852,-4.3258],[119.8466,-4.3239],[119.842,-4.3249],[119.8342,-4.3237],[119.8262,-4.331],[119.8192,-4.3418],[119.8118,-4.3454],[119.7903,-4.3504],[119.7826,-4.3495],[119.7709,-4.345],[119.7553,-4.3495],[119.756,-4.3477]]],"type":"MultiPolygon"}},{"type":"Feature","properties":{"id_kec":"73.12.07","nama_kec":"Ganra","id_kab":"7312","nama_kab":"Soppeng"},"geometry":{"coordinates":[[[119.9714,-4.3212],[119.9671,-4.328],[119.9618,-4.3319],[119.9573,-4.3381],[119.9561,-4.3444],[119.9506,-4.3425],[119.943,-4.343],[119.943,-4.3368],[119.9269,-4.3314],[119.9223,-4.328],[119.9219,-4.322],[119.9191,-4.3179],[119.9208,-4.3094],[119.9198,-4.3053],[119.9162,-4.3004],[119.9129,-4.2991],[119.9106,-4.291],[119.9161,-4.287],[119.9234,-4.2875],[119.9277,-4.2826],[119.9321,-4.2825],[119.9343,-4.2635],[119.938,-4.2558],[119.9574,-4.2583],[119.9583,-4.2672],[119.9611,-4.2726],[119.964,-4.2736],[119.9699,-4.2715],[119.9696,-4.2741],[119.9744,-4.2824],[119.98,-4.2876],[119.9846,-4.2895],[119.9908,-4.2861],[119.9801,-4.3057],[119.9824,-4.309],[119.989,-4.3038],[119.9922,-4.3051],[119.9852,-4.3126],[119.9777,-4.3132],[119.9792,-4.3203],[119.9756,-4.3192],[119.9714,-4.3212]]],"type":"MultiPolygon"}},{"type":"Feature","properties":{"id_kec":"73.12.08","nama_kec":"Citta","id_kab":"7312","nama_kab":"Soppeng"},"geometry":{"coordinates":[[[120.043,-4.3958],[120.049,-4.3974],[120.0532,-4.4153],[120.0642,-4.4317],[120.0646,-4.4357],[120.0619,-4.4406],[120.0625,-4.4488],[120.0599,-4.4535],[120.0248,-4.4454],[120.0108,-4.4376],[120.009,-4.4288],[120.0132,-4.4176],[120.0045,-4.4196],[120.003,-4.4148],[119.999,-4.4097],[119.9993,-4.4081],[120.0021,-4.4081],[120.0056,-4.4104],[120.0084,-4.4098],[120.0098,-4.4017],[120.0057,-4.3973],[120.0043,-4.391],[119.9998,-4.3904],[119.9987,-4.3961],[119.9954,-4.397],[119.9926,-4.3935],[119.9924,-4.3904],[119.9989,-4.3841],[120.0002,-4.3785],[120.0137,-4.3868],[120.043,-4.3958]]],"type":"MultiPolygon"}},{"type":"Feature","properties":{"id_kec":"73.05.01","nama_kec":"Mappakasunggu","id_kab":"7305","nama_kab":"Takalar"},"geometry":{"coordinates":[[[119.2703,-5.5214],[119.2682,-5.5263],[119.2587,-5.5257],[119.2548,-5.5219],[119.2549,-5.5198],[119.2571,-5.5181],[119.2573,-5.514],[119.2499,-5.5119],[119.2435,-5.5068],[119.2437,-5.5045],[119.2489,-5.4982],[119.2487,-5.49],[119.2545,-5.4839],[119.2578,-5.4842],[119.2599,-5.4868],[119.2598,-5.495],[119.2566,-5.4991],[119.2575,-5.5018],[119.2614,-5.5034],[119.2672,-5.5023],[119.2697,-5.4993],[119.2767,-5.5007],[119.2774,-5.4936],[119.2723,-5.484],[119.2725,-5.4767],[119.2747,-5.4739],[119.2741,-5.4725],[119.2699,-5.4717],[119.2632,-5.4623],[119.2627,-5.4557],[119.2713,-5.4493],[119.2793,-5.4492],[119.2845,-5.4514],[119.2945,-5.4491],[119.315,-5.4628],[119.3153,-5.4688],[119.3085,-5.4717],[119.3024,-5.4714],[119.3041,-5.4732],[119.3097,-5.4765],[119.3116,-5.4762],[119.313,-5.4731],[119.3171,-5.472],[119.3203,-5.4756],[119.3203,-5.4788],[119.3172,-5.4813],[119.319,-5.4832],[119.3169,-5.4864],[119.3205,-5.4952],[119.3199,-5.5107],[119.3171,-5.5155],[119.3103,-5.5208],[119.3082,-5.5209],[119.3081,-5.5258],[119.3068,-5.527],[119.2967,-5.5316],[119.2865,-5.532],[119.2856,-5.5345],[119.2776,-5.5363],[119.2729,-5.5364],[119.2684,-5.5342],[119.2679,-5.5288],[119.2721,-5.5257],[119.2729,-5.5229],[119.2713,-5.5192],[119.27,-5.5194],[119.2703,-5.5214]],[[119.239,-5.4448],[119.2392,-5.4573],[119.2271,-5.4695],[119.2244,-5.4697],[119.2219,-5.4656],[119.2214,-5.4581],[119.2261,-5.4453],[119.2284,-5.4437],[119.2352,-5.443],[119.239,-5.4448]],[[119.231,-5.4355],[119.2253,-5.4392],[119.2214,-5.4442],[119.2163,-5.4403],[119.217,-5.438],[119.2222,-5.434],[119.2293,-5.434],[119.231,-5.4355]],[[119.4205,-5.4589],[119.4235,-5.4649],[119.4215,-5.4677],[119.4224,-5.4745],[119.4212,-5.4812],[119.4154,-5.4905],[119.4151,-5.4878],[119.4093,-5.4812],[119.4065,-5.4749],[119.4026,-5.4717],[119.4008,-5.472],[119.403,-5.4711],[119.4017,-5.4656],[119.3905,-5.4493],[119.3922,-5.446],[119.3994,-5.4465],[119.4026,-5.4532],[119.407,-5.4534],[119.4085,-5.4443],[119.4135,-5.4432],[119.4123,-5.4381],[119.4138,-5.4304],[119.4183,-5.4263],[119.4198,-5.4333],[119.4183,-5.4428],[119.4207,-5.4504],[119.4184,-5.4534],[119.4205,-5.4589]],[[119.1909,-5.4012],[119.1906,-5.3962],[119.195,-5.3925],[119.1971,-5.3931],[119.1984,-5.3965],[119.1922,-5.4017],[119.1909,-5.4012]]],"type":"MultiPolygon"}},{"type":"Feature","properties":{"id_kec":"73.05.02","nama_kec":"Mangarabombang","id_kab":"7305","nama_kab":"Takalar"},"geometry":{"coordinates":[[[119.4887,-5.5122],[119.5053,-5.5233],[119.5112,-5.5375],[119.5086,-5.5372],[119.5058,-5.5452],[119.5038,-5.5461],[119.5046,-5.5472],[119.5032,-5.5498],[119.5053,-5.5521],[119.5029,-5.5585],[119.4929,-5.5596],[119.4889,-5.5577],[119.4862,-5.5609],[119.4841,-5.5589],[119.4808,-5.5596],[119.4803,-5.5627],[119.4731,-5.5639],[119.4725,-5.5681],[119.4612,-5.5753],[119.4594,-5.579],[119.4601,-5.5815],[119.465,-5.5854],[119.4702,-5.5866],[119.4687,-5.5911],[119.4711,-5.5935],[119.4815,-5.59],[119.4843,-5.5847],[119.4862,-5.584],[119.4879,-5.588],[119.4848,-5.5904],[119.483,-5.5956],[119.489,-5.6019],[119.489,-5.604],[119.4729,-5.6073],[119.4598,-5.6063],[119.4551,-5.601],[119.4399,-5.5964],[119.438,-5.5896],[119.4332,-5.5865],[119.4328,-5.5839],[119.4246,-5.576],[119.4236,-5.5675],[119.4179,-5.5604],[119.4198,-5.5464],[119.4246,-5.5471],[119.4358,-5.538],[119.4346,-5.5365],[119.4358,-5.5296],[119.4348,-5.5219],[119.4293,-5.5068],[119.4222,-5.4966],[119.4146,-5.4925],[119.4212,-5.4812],[119.4225,-5.4691],[119.4371,-5.468],[119.4413,-5.4704],[119.4452,-5.4753],[119.4473,-5.4744],[119.4472,-5.4717],[119.4513,-5.4675],[119.4516,-5.474],[119.4535,-5.4719],[119.4543,-5.4744],[119.4579,-5.473],[119.4609,-5.4756],[119.4678,-5.4768],[119.4688,-5.4783],[119.4676,-5.4795],[119.4711,-5.4825],[119.4757,-5.4829],[119.4866,-5.4905],[119.4862,-5.4992],[119.4886,-5.5051],[119.4871,-5.5107],[119.4887,-5.5122]]],"type":"MultiPolygon"}},{"type":"Feature","properties":{"id_kec":"73.05.03","nama_kec":"Polongbangkeng Selatan","id_kab":"7305","nama_kab":"Takalar"},"geometry":{"coordinates":[[[119.4706,-5.4822],[119.4666,-5.4763],[119.4609,-5.4756],[119.4579,-5.473],[119.4543,-5.4744],[119.4535,-5.4719],[119.451,-5.4737],[119.4513,-5.4675],[119.4472,-5.4717],[119.4473,-5.4744],[119.4452,-5.4753],[119.4413,-5.4704],[119.4371,-5.468],[119.4231,-5.4683],[119.426,-5.4597],[119.4288,-5.4599],[119.4328,-5.4635],[119.4359,-5.4626],[119.4356,-5.4557],[119.4384,-5.4542],[119.4538,-5.4555],[119.454,-5.4517],[119.4756,-5.4344],[119.458,-5.4331],[119.4625,-5.4262],[119.4613,-5.4213],[119.4653,-5.4174],[119.4639,-5.4142],[119.4681,-5.4095],[119.4675,-5.404],[119.4722,-5.4015],[119.4765,-5.4066],[119.4789,-5.4048],[119.4842,-5.4063],[119.4865,-5.4035],[119.4866,-5.3989],[119.4905,-5.3985],[119.4957,-5.3907],[119.5041,-5.3873],[119.5033,-5.3837],[119.5082,-5.3832],[119.5098,-5.3815],[119.5157,-5.3833],[119.5175,-5.3938],[119.521,-5.3982],[119.5278,-5.3996],[119.5339,-5.3978],[119.5385,-5.4001],[119.5409,-5.3977],[119.548,-5.3985],[119.546,-5.4033],[119.5562,-5.4259],[119.567,-5.4414],[119.5674,-5.4441],[119.5649,-5.4452],[119.5607,-5.4418],[119.5509,-5.44],[119.5496,-5.4365],[119.5419,-5.4335],[119.5364,-5.4352],[119.5302,-5.4318],[119.5285,-5.437],[119.5273,-5.4364],[119.5242,-5.4404],[119.5216,-5.4405],[119.5236,-5.4461],[119.5057,-5.457],[119.5054,-5.46],[119.508,-5.462],[119.5096,-5.4687],[119.5175,-5.4753],[119.5214,-5.4856],[119.5136,-5.4894],[119.512,-5.492],[119.506,-5.4909],[119.5055,-5.4921],[119.5015,-5.4922],[119.4963,-5.4885],[119.4959,-5.4913],[119.4923,-5.4907],[119.4891,-5.4924],[119.4757,-5.4829],[119.4706,-5.4822]]],"type":"MultiPolygon"}},{"type":"Feature","properties":{"id_kec":"73.05.04","nama_kec":"Polongbangkeng Utara","id_kab":"7305","nama_kab":"Takalar"},"geometry":{"coordinates":[[[119.644,-5.409],[119.6415,-5.4143],[119.6374,-5.4138],[119.6345,-5.4175],[119.6288,-5.4171],[119.6273,-5.4192],[119.6273,-5.4205],[119.6323,-5.4206],[119.6299,-5.4246],[119.6308,-5.4273],[119.6338,-5.4242],[119.6376,-5.4254],[119.6362,-5.4312],[119.633,-5.4348],[119.6124,-5.4373],[119.6083,-5.441],[119.6002,-5.4395],[119.5835,-5.4411],[119.5734,-5.4469],[119.5674,-5.4441],[119.567,-5.4414],[119.5562,-5.4259],[119.546,-5.4033],[119.548,-5.3985],[119.5409,-5.3977],[119.5385,-5.4001],[119.5339,-5.3978],[119.5278,-5.3996],[119.521,-5.3982],[119.5175,-5.3938],[119.5157,-5.3833],[119.5132,-5.3817],[119.5033,-5.3837],[119.5041,-5.3873],[119.4957,-5.3907],[119.4905,-5.3985],[119.4866,-5.3989],[119.4865,-5.4035],[119.4842,-5.4063],[119.4789,-5.4048],[119.4765,-5.4066],[119.4722,-5.4015],[119.4682,-5.4034],[119.4668,-5.4048],[119.4681,-5.4095],[119.4662,-5.4129],[119.4554,-5.4087],[119.4533,-5.406],[119.4487,-5.4065],[119.447,-5.405],[119.4444,-5.405],[119.4415,-5.4083],[119.4322,-5.4082],[119.4294,-5.4069],[119.43,-5.4043],[119.4265,-5.3983],[119.4327,-5.3941],[119.4354,-5.3957],[119.44,-5.3956],[119.4415,-5.3939],[119.4397,-5.3879],[119.4416,-5.3852],[119.4474,-5.3831],[119.4571,-5.3755],[119.4574,-5.3711],[119.456,-5.3691],[119.449,-5.3679],[119.4475,-5.3654],[119.4496,-5.3564],[119.4577,-5.3553],[119.4617,-5.3505],[119.4621,-5.3458],[119.4658,-5.3421],[119.4677,-5.3358],[119.4755,-5.3302],[119.4742,-5.3265],[119.4714,-5.3259],[119.4664,-5.327],[119.4601,-5.3309],[119.4563,-5.3298],[119.4558,-5.3227],[119.4572,-5.3208],[119.4626,-5.323],[119.4673,-5.3197],[119.4674,-5.3176],[119.4639,-5.313],[119.467,-5.3123],[119.4709,-5.3151],[119.4785,-5.314],[119.4793,-5.3121],[119.4825,-5.3117],[119.4852,-5.3159],[119.4872,-5.3165],[119.4888,-5.314],[119.4922,-5.3156],[119.4914,-5.3206],[119.4963,-5.3198],[119.502,-5.3233],[119.5045,-5.3209],[119.5055,-5.317],[119.5022,-5.3125],[119.5117,-5.3099],[119.5208,-5.3015],[119.5289,-5.298],[119.5311,-5.3016],[119.5378,-5.3057],[119.5418,-5.3063],[119.5439,-5.3004],[119.5488,-5.2954],[119.5532,-5.2957],[119.5606,-5.2909],[119.566,-5.2924],[119.578,-5.2899],[119.5813,-5.2925],[119.5847,-5.2894],[119.5933,-5.2934],[119.5907,-5.2962],[119.5852,-5.2951],[119.5855,-5.3019],[119.5951,-5.3173],[119.5933,-5.3215],[119.6008,-5.3294],[119.6017,-5.332],[119.5998,-5.3345],[119.6031,-5.3368],[119.6045,-5.3401],[119.6067,-5.3403],[119.6155,-5.3479],[119.6191,-5.3562],[119.6171,-5.3624],[119.6176,-5.3676],[119.6235,-5.3737],[119.6331,-5.3762],[119.6369,-5.3805],[119.6375,-5.3849],[119.6433,-5.3888],[119.6437,-5.3926],[119.647,-5.3967],[119.644,-5.409]]],"type":"MultiPolygon"}},{"type":"Feature","properties":{"id_kec":"73.05.05","nama_kec":"Galesong Selatan","id_kab":"7305","nama_kab":"Takalar"},"geometry":{"coordinates":[[[119.3691,-5.4018],[119.3632,-5.4089],[119.3634,-5.4147],[119.3618,-5.4149],[119.3584,-5.3924],[119.3602,-5.3434],[119.3639,-5.3449],[119.3635,-5.3485],[119.3667,-5.3457],[119.3685,-5.3464],[119.3679,-5.3509],[119.3693,-5.352],[119.3917,-5.3504],[119.3979,-5.3538],[119.4054,-5.3533],[119.4007,-5.361],[119.3981,-5.3622],[119.3959,-5.3674],[119.3909,-5.3683],[119.3884,-5.3714],[119.3896,-5.3766],[119.3937,-5.3816],[119.3927,-5.3858],[119.3872,-5.3885],[119.3782,-5.3893],[119.3729,-5.3915],[119.3691,-5.4018]]],"type":"MultiPolygon"}},{"type":"Feature","properties":{"id_kec":"73.05.06","nama_kec":"Galesong Utara","id_kab":"7305","nama_kab":"Takalar"},"geometry":{"coordinates":[[[119.3802,-5.2828],[119.3761,-5.292],[119.3808,-5.3016],[119.3688,-5.3024],[119.3778,-5.2616],[119.3803,-5.24],[119.3832,-5.2288],[119.3838,-5.2144],[119.3921,-5.2175],[119.3918,-5.2261],[119.3994,-5.2334],[119.404,-5.235],[119.4035,-5.2442],[119.4092,-5.2484],[119.4073,-5.2532],[119.3998,-5.2562],[119.3981,-5.2602],[119.3862,-5.2694],[119.3851,-5.2781],[119.3802,-5.2828]]],"type":"MultiPolygon"}},{"type":"Feature","properties":{"id_kec":"73.05.07","nama_kec":"Pattallassang","id_kab":"7305","nama_kab":"Takalar"},"geometry":{"coordinates":[[[119.4305,-5.4573],[119.4284,-5.4513],[119.4201,-5.4529],[119.419,-5.4545],[119.4184,-5.4534],[119.4207,-5.4504],[119.4183,-5.4428],[119.4192,-5.4387],[119.432,-5.4388],[119.4353,-5.4334],[119.4333,-5.4282],[119.4282,-5.4265],[119.4239,-5.4227],[119.4236,-5.417],[119.4254,-5.4138],[119.4284,-5.4124],[119.4294,-5.4069],[119.4366,-5.409],[119.4415,-5.4083],[119.4444,-5.405],[119.447,-5.405],[119.4487,-5.4065],[119.4533,-5.406],[119.4554,-5.4087],[119.4647,-5.4113],[119.4662,-5.4129],[119.4637,-5.4151],[119.4653,-5.4174],[119.4613,-5.4213],[119.4625,-5.4262],[119.458,-5.4331],[119.4756,-5.4344],[119.454,-5.4517],[119.4538,-5.4555],[119.4384,-5.4542],[119.4356,-5.4557],[119.4359,-5.4626],[119.434,-5.4636],[119.4297,-5.4605],[119.4313,-5.4586],[119.4305,-5.4573]]],"type":"MultiPolygon"}},{"type":"Feature","properties":{"id_kec":"73.05.08","nama_kec":"Sanrobone","id_kab":"7305","nama_kab":"Takalar"},"geometry":{"coordinates":[[[119.3931,-5.446],[119.391,-5.4474],[119.3906,-5.4505],[119.396,-5.4573],[119.3911,-5.4559],[119.3849,-5.4493],[119.3825,-5.45],[119.374,-5.431],[119.3665,-5.4243],[119.3618,-5.4149],[119.3634,-5.4147],[119.3638,-5.4168],[119.366,-5.4178],[119.3666,-5.4219],[119.3717,-5.4256],[119.3753,-5.4234],[119.3789,-5.4239],[119.3806,-5.4215],[119.3809,-5.4156],[119.383,-5.4159],[119.3846,-5.4141],[119.3914,-5.4137],[119.3923,-5.4159],[119.3955,-5.4165],[119.3994,-5.4133],[119.4013,-5.4078],[119.4075,-5.4083],[119.4098,-5.4109],[119.4217,-5.4104],[119.4172,-5.4188],[119.4183,-5.4263],[119.4138,-5.4304],[119.4123,-5.4381],[119.4135,-5.4432],[119.4085,-5.4443],[119.407,-5.4534],[119.4026,-5.4532],[119.3994,-5.4465],[119.3931,-5.446]]],"type":"MultiPolygon"}},{"type":"Feature","properties":{"id_kec":"73.05.09","nama_kec":"Galesong","id_kab":"7305","nama_kab":"Takalar"},"geometry":{"coordinates":[[[119.4001,-5.3436],[119.4017,-5.3486],[119.4062,-5.3513],[119.4054,-5.3533],[119.3979,-5.3538],[119.3917,-5.3504],[119.3693,-5.352],[119.3679,-5.3509],[119.3679,-5.346],[119.365,-5.3484],[119.363,-5.348],[119.3643,-5.3455],[119.3602,-5.3434],[119.354,-5.326],[119.3626,-5.3166],[119.3688,-5.3024],[119.3809,-5.3009],[119.3843,-5.3038],[119.3895,-5.3041],[119.3925,-5.3107],[119.3938,-5.3224],[119.3988,-5.3271],[119.406,-5.3304],[119.4001,-5.3436]],[[119.3393,-5.3278],[119.336,-5.3227],[119.3382,-5.3194],[119.3448,-5.3242],[119.3417,-5.3297],[119.3393,-5.3278]],[[119.3402,-5.3135],[119.3412,-5.313],[119.3431,-5.3167],[119.3404,-5.3161],[119.3402,-5.3135]]],"type":"MultiPolygon"}},{"type":"Feature","properties":{"id_kec":"73.18.01","nama_kec":"Saluputi","id_kab":"7318","nama_kab":"Tana Toraja"},"geometry":{"coordinates":[[[119.732,-3.0686],[119.7279,-3.0643],[119.7212,-3.0379],[119.7237,-3.0321],[119.7223,-3.0299],[119.7228,-3.0242],[119.7355,-2.9981],[119.7355,-2.9931],[119.7327,-2.987],[119.7429,-2.9886],[119.7593,-2.9953],[119.7662,-2.9992],[119.7774,-3.0098],[119.7752,-3.0164],[119.776,-3.031],[119.7861,-3.0491],[119.7825,-3.055],[119.7807,-3.0641],[119.7741,-3.0693],[119.7649,-3.0666],[119.7641,-3.0633],[119.7574,-3.0648],[119.7545,-3.0645],[119.7533,-3.0626],[119.7524,-3.0645],[119.7503,-3.0643],[119.7476,-3.0712],[119.7409,-3.072],[119.7344,-3.0789],[119.7316,-3.074],[119.733,-3.0711],[119.732,-3.0686]]],"type":"MultiPolygon"}},{"type":"Feature","properties":{"id_kec":"73.18.02","nama_kec":"Bittuang","id_kab":"7318","nama_kab":"Tana Toraja"},"geometry":{"coordinates":[[[119.6653,-3.0665],[119.6296,-3.0728],[119.6178,-3.078],[119.6107,-3.0738],[119.6069,-3.0666],[119.6,-3.066],[119.5948,-3.0633],[119.5939,-3.0581],[119.5866,-3.0484],[119.5881,-3.0448],[119.5853,-3.0413],[119.5852,-3.0355],[119.5802,-3.0349],[119.5787,-3.031],[119.5797,-3.0281],[119.578,-3.027],[119.5872,-3.0262],[119.598,-3.0208],[119.608,-3.0184],[119.6096,-3.016],[119.613,-3.0149],[119.6271,-2.9979],[119.6304,-2.9903],[119.6297,-2.9847],[119.6252,-2.9769],[119.6258,-2.9737],[119.6232,-2.9656],[119.6254,-2.9603],[119.6348,-2.9548],[119.6749,-2.9433],[119.6939,-2.9304],[119.7057,-2.9266],[119.7078,-2.935],[119.7106,-2.9372],[119.7105,-2.9425],[119.719,-2.9566],[119.719,-2.9603],[119.7265,-2.9795],[119.7327,-2.987],[119.7361,-2.9955],[119.7228,-3.0242],[119.7223,-3.0299],[119.7237,-3.0321],[119.7212,-3.0379],[119.7279,-3.0643],[119.732,-3.0688],[119.7221,-3.0698],[119.7112,-3.0675],[119.7083,-3.0648],[119.7066,-3.0661],[119.7059,-3.0649],[119.6997,-3.0661],[119.6934,-3.07],[119.6653,-3.0665]]],"type":"MultiPolygon"}},{"type":"Feature","properties":{"id_kec":"73.18.03","nama_kec":"Bonggakaradeng","id_kab":"7318","nama_kab":"Tana Toraja"},"geometry":{"coordinates":[[[119.7145,-3.3514],[119.7037,-3.3492],[119.695,-3.3504],[119.6924,-3.3576],[119.6874,-3.3624],[119.6797,-3.3664],[119.6745,-3.3662],[119.6595,-3.3599],[119.65,-3.36],[119.6478,-3.3511],[119.6508,-3.3461],[119.6507,-3.3436],[119.6433,-3.337],[119.6421,-3.3339],[119.6467,-3.327],[119.644,-3.3179],[119.641,-3.3171],[119.6425,-3.3084],[119.6406,-3.3023],[119.6447,-3.281],[119.6446,-3.2674],[119.6532,-3.2497],[119.6574,-3.2169],[119.6588,-3.2148],[119.6574,-3.2116],[119.6553,-3.2108],[119.6578,-3.2046],[119.6555,-3.2034],[119.6562,-3.1997],[119.6523,-3.1933],[119.6503,-3.1856],[119.6473,-3.1835],[119.6455,-3.1786],[119.6459,-3.1693],[119.6449,-3.1628],[119.6425,-3.1591],[119.6432,-3.1493],[119.6392,-3.1458],[119.6362,-3.1377],[119.6372,-3.1343],[119.6347,-3.1314],[119.6364,-3.1271],[119.6315,-3.1235],[119.6347,-3.1214],[119.6406,-3.1227],[119.6503,-3.1193],[119.6703,-3.1184],[119.6776,-3.1135],[119.6907,-3.1145],[119.6976,-3.1054],[119.707,-3.1114],[119.7148,-3.1109],[119.7225,-3.1179],[119.7329,-3.12],[119.7392,-3.1187],[119.7395,-3.1226],[119.7296,-3.1372],[119.7298,-3.1443],[119.741,-3.1539],[119.7484,-3.1566],[119.757,-3.1767],[119.7525,-3.1865],[119.7491,-3.1878],[119.7451,-3.1929],[119.7388,-3.1944],[119.7332,-3.2027],[119.7294,-3.2057],[119.7288,-3.2092],[119.7225,-3.2107],[119.7213,-3.2134],[119.7223,-3.2175],[119.7194,-3.2269],[119.7214,-3.2297],[119.7171,-3.2379],[119.7245,-3.2456],[119.7245,-3.254],[119.7276,-3.2573],[119.7266,-3.2638],[119.7282,-3.2706],[119.7234,-3.2818],[119.7181,-3.286],[119.7213,-3.2884],[119.727,-3.2889],[119.7228,-3.2913],[119.7166,-3.2985],[119.7134,-3.3124],[119.7177,-3.3205],[119.7223,-3.3247],[119.7236,-3.3301],[119.7172,-3.3405],[119.7213,-3.3525],[119.7169,-3.3532],[119.7145,-3.3514]]],"type":"MultiPolygon"}},{"type":"Feature","properties":{"id_kec":"73.18.05","nama_kec":"Makale","id_kab":"7318","nama_kab":"Tana Toraja"},"geometry":{"coordinates":[[[119.8471,-3.1312],[119.8461,-3.1271],[119.8475,-3.1245],[119.8437,-3.1217],[119.8439,-3.1156],[119.84,-3.1092],[119.84,-3.1054],[119.8363,-3.1034],[119.8363,-3.1001],[119.8309,-3.0955],[119.8288,-3.0948],[119.8278,-3.096],[119.8232,-3.1065],[119.8191,-3.1075],[119.8165,-3.1044],[119.8132,-3.1054],[119.808,-3.1039],[119.8107,-3.1003],[119.8085,-3.0958],[119.8116,-3.0932],[119.8157,-3.0807],[119.8132,-3.078],[119.8161,-3.0712],[119.8285,-3.0631],[119.8332,-3.0636],[119.8339,-3.0653],[119.8377,-3.0663],[119.8411,-3.0651],[119.8475,-3.067],[119.8535,-3.0649],[119.8569,-3.0672],[119.8583,-3.0765],[119.8623,-3.0767],[119.8649,-3.079],[119.866,-3.0831],[119.8742,-3.0829],[119.8777,-3.0793],[119.8778,-3.0766],[119.8815,-3.0753],[119.8839,-3.0828],[119.8869,-3.0858],[119.8846,-3.0917],[119.89,-3.1043],[119.8866,-3.1107],[119.8792,-3.1122],[119.8734,-3.1194],[119.8739,-3.1225],[119.8618,-3.1282],[119.8531,-3.1348],[119.8474,-3.133],[119.8471,-3.1312]]],"type":"MultiPolygon"}},{"type":"Feature","properties":{"id_kec":"73.18.09","nama_kec":"Simbuang","id_kab":"7318","nama_kab":"Tana Toraja"},"geometry":{"coordinates":[[[119.6404,-3.3172],[119.6354,-3.3158],[119.627,-3.3066],[119.62,-3.3022],[119.6173,-3.2983],[119.6149,-3.2874],[119.6055,-3.2853],[119.6033,-3.2823],[119.5982,-3.2853],[119.5954,-3.2845],[119.5909,-3.2876],[119.5806,-3.2884],[119.5725,-3.2858],[119.5704,-3.2784],[119.5687,-3.2782],[119.5691,-3.2764],[119.5676,-3.2772],[119.5605,-3.2706],[119.5555,-3.2701],[119.5534,-3.2726],[119.55029999999999,-3.271],[119.547,-3.2605],[119.5369,-3.2419],[119.5357,-3.2336],[119.5274,-3.2281],[119.5265,-3.2214],[119.5182,-3.2178],[119.4974,-3.2213],[119.4856,-3.2188],[119.4822,-3.2159],[119.4639,-3.1886],[119.4713,-3.1911],[119.4781,-3.1904],[119.4843,-3.1875],[119.4896,-3.1827],[119.5156,-3.1717],[119.5162,-3.1663],[119.5255,-3.1513],[119.5362,-3.1393],[119.5451,-3.1386],[119.5587,-3.1345],[119.5629,-3.1305],[119.567,-3.1295],[119.5719,-3.1314],[119.5796,-3.1309],[119.5867,-3.1252],[119.5978,-3.1279],[119.6066,-3.1192],[119.6099,-3.1202],[119.6144,-3.1246],[119.6361,-3.1285],[119.6347,-3.1314],[119.6372,-3.1343],[119.6362,-3.1377],[119.6392,-3.1458],[119.6432,-3.1493],[119.6425,-3.1591],[119.6449,-3.1628],[119.6459,-3.1693],[119.6455,-3.1786],[119.6473,-3.1835],[119.6503,-3.1856],[119.6523,-3.1933],[119.6562,-3.1997],[119.6555,-3.2034],[119.6578,-3.2046],[119.6553,-3.2108],[119.6574,-3.2116],[119.6588,-3.2148],[119.6574,-3.2169],[119.6532,-3.2497],[119.6446,-3.2674],[119.6447,-3.281],[119.6406,-3.3023],[119.6425,-3.3084],[119.6404,-3.3172]]],"type":"MultiPolygon"}},{"type":"Feature","properties":{"id_kec":"73.18.11","nama_kec":"Rantetayo","id_kab":"7318","nama_kab":"Tana Toraja"},"geometry":{"coordinates":[[[119.7989,-3.0272],[119.804,-3.0294],[119.8224,-3.0294],[119.8312,-3.0171],[119.8342,-3.0068],[119.8371,-3.0007],[119.8385,-3.0004],[119.8467,-3.0131],[119.8488,-3.038],[119.8533,-3.0457],[119.8515,-3.0474],[119.8418,-3.0486],[119.8411,-3.0577],[119.8363,-3.0634],[119.8285,-3.0631],[119.818,-3.0696],[119.7995,-3.0581],[119.7956,-3.0539],[119.7935,-3.0487],[119.7891,-3.0479],[119.7861,-3.0491],[119.776,-3.031],[119.7752,-3.0164],[119.7774,-3.0098],[119.7827,-3.0147],[119.79,-3.0183],[119.7989,-3.0272]]],"type":"MultiPolygon"}},{"type":"Feature","properties":{"id_kec":"73.18.12","nama_kec":"Mengkendek","id_kab":"7318","nama_kab":"Tana Toraja"},"geometry":{"coordinates":[[[120.0037,-3.3277],[120.0058,-3.3182],[119.9991,-3.3048],[119.9959,-3.3023],[119.9937,-3.303],[119.9923,-3.3066],[119.9891,-3.3092],[119.981,-3.3024],[119.9797,-3.2985],[119.9715,-3.2981],[119.9662,-3.2917],[119.9642,-3.2939],[119.9553,-3.2924],[119.9529,-3.2964],[119.9504,-3.2971],[119.9449,-3.2943],[119.9369,-3.2848],[119.932,-3.2843],[119.9286,-3.2809],[119.9261,-3.2775],[119.9255,-3.2719],[119.922,-3.2644],[119.9139,-3.2623],[119.9112,-3.2631],[119.9109,-3.2616],[119.9092,-3.2621],[119.9066,-3.2597],[119.9047,-3.2613],[119.9031,-3.2599],[119.8958,-3.2621],[119.8945,-3.2598],[119.8921,-3.2604],[119.8913,-3.2586],[119.8903,-3.2603],[119.8865,-3.2594],[119.8858,-3.2578],[119.8827,-3.2584],[119.8819,-3.257],[119.8838,-3.2543],[119.883,-3.2514],[119.8845,-3.2472],[119.8766,-3.2336],[119.8792,-3.2316],[119.8831,-3.2322],[119.8861,-3.2304],[119.8818,-3.2184],[119.8801,-3.2181],[119.8911,-3.2072],[119.8896,-3.1985],[119.8869,-3.1943],[119.8877,-3.193],[119.8859,-3.1926],[119.88,-3.1853],[119.8721,-3.19],[119.8641,-3.1815],[119.8488,-3.1736],[119.8464,-3.1737],[119.8457,-3.1711],[119.8435,-3.1705],[119.8416,-3.1723],[119.838,-3.1683],[119.8359,-3.168],[119.8489,-3.149],[119.8509,-3.1371],[119.8618,-3.1282],[119.8739,-3.1225],[119.8734,-3.1194],[119.8796,-3.1119],[119.8968,-3.1097],[119.915,-3.1144],[119.9245,-3.1225],[119.9281,-3.1324],[119.9213,-3.1513],[119.9243,-3.1636],[119.9237,-3.1682],[119.9209,-3.1724],[119.9225,-3.1748],[119.9347,-3.1783],[119.941,-3.1776],[119.9458,-3.1744],[119.9518,-3.1755],[119.9562,-3.1731],[119.9662,-3.1774],[119.9684,-3.1808],[119.978,-3.1859],[119.9852,-3.1872],[119.9841,-3.1894],[119.9862,-3.1962],[119.9894,-3.1987],[119.9917,-3.2046],[119.9917,-3.211],[119.9875,-3.218],[119.9802,-3.2245],[119.9805,-3.245],[119.9822,-3.2504],[119.9899,-3.2555],[119.995,-3.2556],[119.9954,-3.2612],[120.0013,-3.2679],[120.013,-3.2721],[120.0248,-3.2816],[120.0252,-3.2909],[120.0282,-3.2955],[120.0312,-3.3099],[120.0302,-3.3221],[120.0373,-3.3387],[120.0363,-3.3406],[120.0439,-3.3532],[120.0438,-3.3587],[120.04,-3.3718],[120.0339,-3.3737],[120.0276,-3.3711],[120.0327,-3.3635],[120.0252,-3.3625],[120.0199,-3.3585],[120.0134,-3.341],[120.0021,-3.3339],[120.0037,-3.3277]]],"type":"MultiPolygon"}},{"type":"Feature","properties":{"id_kec":"73.18.13","nama_kec":"Sangalla","id_kab":"7318","nama_kab":"Tana Toraja"},"geometry":{"coordinates":[[[119.9071,-3.1122],[119.8956,-3.1095],[119.8868,-3.1102],[119.89,-3.1022],[119.887,-3.0987],[119.8863,-3.0934],[119.8846,-3.0917],[119.8869,-3.0858],[119.8839,-3.0828],[119.8815,-3.0753],[119.8873,-3.0753],[119.8892,-3.0722],[119.9077,-3.0774],[119.9149,-3.0764],[119.9222,-3.0796],[119.924,-3.0875],[119.9282,-3.0932],[119.9229,-3.0942],[119.9171,-3.0994],[119.9162,-3.1061],[119.9108,-3.1132],[119.9071,-3.1122]]],"type":"MultiPolygon"}},{"type":"Feature","properties":{"id_kec":"73.18.19","nama_kec":"Gandangbatu Sillanan","id_kab":"7318","nama_kab":"Tana Toraja"},"geometry":{"coordinates":[[[119.8504,-3.2798],[119.8423,-3.2709],[119.8426,-3.2615],[119.8407,-3.2595],[119.8405,-3.256],[119.833,-3.2535],[119.831,-3.2487],[119.8139,-3.2452],[119.7959,-3.2472],[119.7873,-3.2437],[119.7838,-3.2403],[119.7808,-3.2402],[119.7846,-3.2275],[119.781,-3.217],[119.7838,-3.2174],[119.8032,-3.2111],[119.8136,-3.1988],[119.8172,-3.1909],[119.8272,-3.183],[119.8268,-3.1808],[119.8291,-3.1801],[119.8359,-3.168],[119.838,-3.1683],[119.8416,-3.1723],[119.8435,-3.1705],[119.8457,-3.1711],[119.8464,-3.1737],[119.8488,-3.1736],[119.8641,-3.1815],[119.8721,-3.19],[119.8808,-3.1855],[119.8859,-3.1926],[119.8877,-3.193],[119.8869,-3.1943],[119.8911,-3.2048],[119.8895,-3.2097],[119.8801,-3.2181],[119.8818,-3.2184],[119.8861,-3.2304],[119.8831,-3.2322],[119.8792,-3.2316],[119.8766,-3.2336],[119.8845,-3.2472],[119.8833,-3.2561],[119.8794,-3.2596],[119.88,-3.2611],[119.8764,-3.2669],[119.879,-3.2696],[119.871,-3.2695],[119.8724,-3.272],[119.8706,-3.2745],[119.8682,-3.2712],[119.8666,-3.2731],[119.8614,-3.2696],[119.863,-3.2725],[119.8616,-3.2734],[119.8601,-3.2722],[119.8592,-3.2746],[119.8579,-3.2726],[119.8571,-3.2773],[119.8549,-3.2777],[119.8536,-3.2808],[119.8504,-3.2798]]],"type":"MultiPolygon"}},{"type":"Feature","properties":{"id_kec":"73.18.20","nama_kec":"Rembon","id_kab":"7318","nama_kab":"Tana Toraja"},"geometry":{"coordinates":[[[119.7562,-3.1755],[119.7495,-3.1581],[119.7322,-3.1471],[119.7298,-3.1443],[119.7296,-3.1372],[119.7395,-3.1226],[119.7392,-3.1187],[119.7442,-3.1082],[119.7619,-3.1022],[119.7643,-3.0986],[119.7697,-3.0956],[119.7703,-3.0916],[119.7766,-3.0853],[119.7816,-3.0848],[119.7864,-3.0868],[119.7866,-3.0844],[119.7847,-3.0832],[119.7844,-3.0768],[119.7811,-3.0769],[119.7804,-3.0737],[119.7735,-3.0694],[119.7807,-3.0641],[119.7849,-3.0503],[119.7867,-3.0485],[119.7922,-3.0479],[119.7995,-3.0581],[119.8179,-3.0695],[119.8132,-3.078],[119.8157,-3.0807],[119.8118,-3.0928],[119.8085,-3.0958],[119.8105,-3.0978],[119.8106,-3.1008],[119.8077,-3.1045],[119.8066,-3.1121],[119.7957,-3.1171],[119.7921,-3.131],[119.7897,-3.133],[119.781,-3.1505],[119.7772,-3.1542],[119.778,-3.1601],[119.7747,-3.1632],[119.7739,-3.1662],[119.7674,-3.1714],[119.757,-3.1767],[119.7562,-3.1755]]],"type":"MultiPolygon"}},{"type":"Feature","properties":{"id_kec":"73.18.27","nama_kec":"Makale Utara","id_kab":"7318","nama_kab":"Tana Toraja"},"geometry":{"coordinates":[[[119.882,-3.0753],[119.8778,-3.0766],[119.8777,-3.0793],[119.8742,-3.0829],[119.866,-3.0831],[119.8649,-3.079],[119.8623,-3.0767],[119.8583,-3.0765],[119.8569,-3.0672],[119.8535,-3.0649],[119.8475,-3.067],[119.8411,-3.0651],[119.8366,-3.0662],[119.8332,-3.0636],[119.8363,-3.0634],[119.8411,-3.0577],[119.8418,-3.0486],[119.8515,-3.0474],[119.8572,-3.043],[119.8687,-3.0386],[119.8706,-3.0347],[119.8696,-3.0307],[119.874,-3.0302],[119.876,-3.0255],[119.8821,-3.0252],[119.8849,-3.0221],[119.8897,-3.0232],[119.8959,-3.018],[119.8939,-3.0308],[119.8951,-3.0331],[119.8916,-3.0364],[119.8922,-3.0426],[119.895,-3.0455],[119.8933,-3.0483],[119.893,-3.0616],[119.8902,-3.0656],[119.8887,-3.0744],[119.882,-3.0753]]],"type":"MultiPolygon"}},{"type":"Feature","properties":{"id_kec":"73.18.28","nama_kec":"Mappak","id_kab":"7318","nama_kab":"Tana Toraja"},"geometry":{"coordinates":[[[119.5252,-3.2772],[119.5194,-3.2811],[119.5172,-3.2923],[119.5148,-3.2963],[119.5055,-3.2975],[119.5014,-3.2948],[119.4899,-3.2797],[119.472,-3.2744],[119.4627,-3.2642],[119.448,-3.2597],[119.4435,-3.2547],[119.4406,-3.2538],[119.4336,-3.2578],[119.4322,-3.2677],[119.4212,-3.249],[119.4004,-3.2388],[119.3908,-3.2324],[119.3745,-3.2142],[119.3711,-3.2044],[119.3708,-3.198],[119.3741,-3.1959],[119.3831,-3.1957],[119.3945,-3.1979],[119.3993,-3.1921],[119.4093,-3.1847],[119.4237,-3.1784],[119.4298,-3.1726],[119.4386,-3.1836],[119.4471,-3.1844],[119.4521,-3.1826],[119.459,-3.1824],[119.4822,-3.2159],[119.4856,-3.2188],[119.4974,-3.2213],[119.5131,-3.2178],[119.5217,-3.2186],[119.5265,-3.2214],[119.5283,-3.229],[119.5351,-3.2325],[119.5369,-3.2419],[119.547,-3.2605],[119.55029999999999,-3.271],[119.5412,-3.2748],[119.5348,-3.2735],[119.5328,-3.2752],[119.5289,-3.2747],[119.5271,-3.2782],[119.5252,-3.2772]]],"type":"MultiPolygon"}},{"type":"Feature","properties":{"id_kec":"73.18.29","nama_kec":"Makale Selatan","id_kab":"7318","nama_kab":"Tana Toraja"},"geometry":{"coordinates":[[[119.8172,-3.1909],[119.8136,-3.1988],[119.8032,-3.2111],[119.7827,-3.2175],[119.7784,-3.2144],[119.7804,-3.2099],[119.7761,-3.2007],[119.7757,-3.1917],[119.7686,-3.1901],[119.7616,-3.1912],[119.7538,-3.1883],[119.7523,-3.1861],[119.7573,-3.1764],[119.7701,-3.1697],[119.7777,-3.1607],[119.7772,-3.1542],[119.781,-3.1505],[119.7897,-3.133],[119.7921,-3.131],[119.7959,-3.1169],[119.7996,-3.1163],[119.8066,-3.1121],[119.8084,-3.1036],[119.8132,-3.1054],[119.8165,-3.1044],[119.8191,-3.1075],[119.8235,-3.1064],[119.8244,-3.1018],[119.829,-3.0948],[119.8363,-3.1001],[119.8363,-3.1034],[119.84,-3.1054],[119.84,-3.1092],[119.8439,-3.1156],[119.8437,-3.1217],[119.8475,-3.1245],[119.8461,-3.1271],[119.8471,-3.1326],[119.8531,-3.1348],[119.8503,-3.1382],[119.8489,-3.149],[119.8428,-3.1565],[119.8291,-3.1801],[119.8268,-3.1807],[119.8272,-3.183],[119.8172,-3.1909]]],"type":"MultiPolygon"}},{"type":"Feature","properties":{"id_kec":"73.18.31","nama_kec":"Masanda","id_kab":"7318","nama_kab":"Tana Toraja"},"geometry":{"coordinates":[[[119.5766,-3.0265],[119.577,-3.0183],[119.5753,-3.0131],[119.5713,-3.0046],[119.5685,-3.0038],[119.5682,-3.0003],[119.5651,-2.9957],[119.5692,-2.974],[119.5721,-2.9721],[119.573,-2.9668],[119.5753,-2.964],[119.5767,-2.9511],[119.5735,-2.9456],[119.5731,-2.9418],[119.569,-2.9362],[119.5687,-2.9265],[119.5566,-2.9208],[119.5543,-2.9134],[119.5548,-2.9035],[119.5507,-2.8978],[119.556,-2.8854],[119.563,-2.8801],[119.5688,-2.8704],[119.5679,-2.858],[119.5632,-2.8545],[119.5614,-2.8508],[119.5625,-2.8341],[119.5667,-2.8216],[119.5629,-2.817],[119.5615,-2.8121],[119.5651,-2.8064],[119.5732,-2.7752],[119.5757,-2.7708],[119.5847,-2.7641],[119.5784,-2.7576],[119.5784,-2.752],[119.5836,-2.75],[119.5834,-2.7478],[119.5872,-2.7434],[119.6074,-2.7401],[119.6107,-2.7416],[119.6139,-2.7491],[119.6249,-2.751],[119.6302,-2.7545],[119.6355,-2.7517],[119.6443,-2.7516],[119.6496,-2.7541],[119.6569,-2.7532],[119.6601,-2.7548],[119.6652,-2.7535],[119.6799,-2.7564],[119.6884,-2.753],[119.6851,-2.7594],[119.6747,-2.77],[119.6804,-2.7776],[119.6793,-2.7849],[119.6813,-2.7928],[119.6842,-2.7952],[119.689,-2.8116],[119.6923,-2.8271],[119.6916,-2.8374],[119.696,-2.8493],[119.6953,-2.8646],[119.6874,-2.8736],[119.6874,-2.8798],[119.6904,-2.8842],[119.6939,-2.9002],[119.702,-2.9101],[119.706,-2.9212],[119.7057,-2.9266],[119.6939,-2.9304],[119.6749,-2.9433],[119.6348,-2.9548],[119.6254,-2.9603],[119.6232,-2.9656],[119.6258,-2.9737],[119.6252,-2.9769],[119.6297,-2.9847],[119.6304,-2.9903],[119.6271,-2.9979],[119.613,-3.0149],[119.6096,-3.016],[119.608,-3.0184],[119.598,-3.0208],[119.5872,-3.0262],[119.5766,-3.0265]]],"type":"MultiPolygon"}},{"type":"Feature","properties":{"id_kec":"73.18.33","nama_kec":"Sangalla Selatan","id_kab":"7318","nama_kab":"Tana Toraja"},"geometry":{"coordinates":[[[119.9211,-3.1721],[119.9237,-3.1682],[119.9243,-3.1636],[119.9213,-3.1513],[119.9267,-3.1385],[119.928,-3.1309],[119.9222,-3.1194],[119.9169,-3.1153],[119.9108,-3.1132],[119.9162,-3.1061],[119.9169,-3.0997],[119.9217,-3.0951],[119.9435,-3.0908],[119.9459,-3.0854],[119.9459,-3.0777],[119.9486,-3.0755],[119.9481,-3.0727],[119.9641,-3.0637],[119.9669,-3.0635],[119.9691,-3.0733],[119.9625,-3.0954],[119.9655,-3.1067],[119.9748,-3.1236],[119.9765,-3.1294],[119.9755,-3.1319],[119.9658,-3.1412],[119.964,-3.1467],[119.9567,-3.1501],[119.959,-3.1514],[119.9576,-3.1583],[119.9593,-3.1643],[119.9562,-3.1731],[119.9518,-3.1755],[119.9458,-3.1744],[119.941,-3.1776],[119.9346,-3.1783],[119.9225,-3.1748],[119.9211,-3.1721]]],"type":"MultiPolygon"}},{"type":"Feature","properties":{"id_kec":"73.18.34","nama_kec":"Sangalla Utara","id_kab":"7318","nama_kab":"Tana Toraja"},"geometry":{"coordinates":[[[119.9437,-3.0903],[119.9282,-3.0932],[119.9241,-3.0877],[119.921,-3.0787],[119.9128,-3.0761],[119.9077,-3.0774],[119.8892,-3.0722],[119.8902,-3.0656],[119.893,-3.0616],[119.8921,-3.0588],[119.8944,-3.0449],[119.9234,-3.0455],[119.92529999999999,-3.0471],[119.9313,-3.0581],[119.9331,-3.0656],[119.943,-3.0682],[119.9481,-3.0727],[119.9486,-3.0755],[119.9459,-3.0777],[119.9459,-3.0854],[119.9437,-3.0903]]],"type":"MultiPolygon"}},{"type":"Feature","properties":{"id_kec":"73.18.35","nama_kec":"Malimbong Balepe","id_kab":"7318","nama_kab":"Tana Toraja"},"geometry":{"coordinates":[[[119.6316,-3.1224],[119.6321,-3.1096],[119.6278,-3.1024],[119.6274,-3.0967],[119.621,-3.088],[119.6178,-3.078],[119.6296,-3.0728],[119.6601,-3.0665],[119.6934,-3.07],[119.6997,-3.0661],[119.7059,-3.0649],[119.7066,-3.0661],[119.7083,-3.0648],[119.7112,-3.0675],[119.7191,-3.0693],[119.7318,-3.0694],[119.733,-3.0711],[119.7316,-3.074],[119.7346,-3.0789],[119.7409,-3.072],[119.7476,-3.0712],[119.7503,-3.0643],[119.7524,-3.0645],[119.753,-3.0627],[119.7574,-3.0648],[119.7641,-3.0633],[119.7649,-3.0666],[119.7757,-3.0705],[119.7776,-3.0731],[119.7804,-3.0737],[119.7811,-3.0769],[119.7841,-3.0764],[119.7847,-3.0832],[119.7866,-3.0844],[119.7862,-3.0869],[119.7798,-3.0847],[119.7747,-3.0863],[119.7703,-3.0916],[119.7698,-3.0955],[119.7643,-3.0986],[119.7619,-3.1022],[119.7442,-3.1082],[119.7392,-3.1187],[119.7369,-3.12],[119.7225,-3.1179],[119.7148,-3.1109],[119.707,-3.1114],[119.6976,-3.1054],[119.6907,-3.1145],[119.6776,-3.1135],[119.6703,-3.1184],[119.6503,-3.1193],[119.6406,-3.1227],[119.6348,-3.1214],[119.6315,-3.1235],[119.6316,-3.1224]]],"type":"MultiPolygon"}},{"type":"Feature","properties":{"id_kec":"73.18.37","nama_kec":"Rano","id_kab":"7318","nama_kab":"Tana Toraja"},"geometry":{"coordinates":[[[119.7746,-3.2576],[119.7753,-3.2673],[119.77,-3.2743],[119.7629,-3.2766],[119.7568,-3.2765],[119.7527,-3.279],[119.7371,-3.2824],[119.727,-3.2889],[119.7213,-3.2884],[119.7182,-3.2864],[119.7234,-3.2818],[119.7282,-3.2706],[119.7266,-3.2638],[119.7276,-3.2573],[119.7245,-3.254],[119.7245,-3.2456],[119.7171,-3.2379],[119.7214,-3.2297],[119.7194,-3.2269],[119.7223,-3.2175],[119.7214,-3.213],[119.7227,-3.2105],[119.7288,-3.2092],[119.7294,-3.2057],[119.7332,-3.2027],[119.7388,-3.1944],[119.7451,-3.1929],[119.7508,-3.1866],[119.7616,-3.1912],[119.7692,-3.1901],[119.7758,-3.1918],[119.7761,-3.2007],[119.7804,-3.2099],[119.7784,-3.2144],[119.7811,-3.2173],[119.781,-3.2202],[119.7846,-3.2275],[119.7808,-3.2402],[119.7748,-3.2467],[119.7746,-3.2576]]],"type":"MultiPolygon"}},{"type":"Feature","properties":{"id_kec":"73.18.38","nama_kec":"Kurra","id_kab":"7318","nama_kab":"Tana Toraja"},"geometry":{"coordinates":[[[119.7924,-2.9557],[119.797,-2.959],[119.7997,-2.9664],[119.7935,-2.9673],[119.7878,-2.971],[119.7873,-2.9729],[119.7925,-2.983],[119.7944,-2.9994],[119.7966,-3.0071],[119.8011,-3.0142],[119.8035,-3.0291],[119.7989,-3.0272],[119.79,-3.0183],[119.7827,-3.0147],[119.7662,-2.9992],[119.7429,-2.9886],[119.7338,-2.9874],[119.7301,-2.9851],[119.7217,-2.9676],[119.7169,-2.9513],[119.7121,-2.9451],[119.7257,-2.9513],[119.7331,-2.9526],[119.7363,-2.9415],[119.7409,-2.9381],[119.7495,-2.9359],[119.7721,-2.9381],[119.7833,-2.9333],[119.7841,-2.939],[119.7901,-2.948],[119.7924,-2.9557]]],"type":"MultiPolygon"}},{"type":"Feature","properties":{"id_kec":"73.26.01","nama_kec":"Rantepao","id_kab":"7326","nama_kab":"Toraja Utara"},"geometry":{"coordinates":[[[119.9058,-2.9786],[119.9012,-2.9814],[119.8917,-2.9819],[119.8905,-2.9843],[119.8824,-2.9844],[119.8811,-2.9816],[119.8675,-2.9743],[119.8649,-2.97],[119.8602,-2.9675],[119.8599,-2.9503],[119.8572,-2.9349],[119.8588,-2.9349],[119.8633,-2.94],[119.8685,-2.9516],[119.8747,-2.9561],[119.8823,-2.9576],[119.8886,-2.9529],[119.8906,-2.9588],[119.8954,-2.9599],[119.8962,-2.9674],[119.901,-2.965],[119.9087,-2.9693],[119.9094,-2.9724],[119.9116,-2.9731],[119.9058,-2.9786]]],"type":"MultiPolygon"}},{"type":"Feature","properties":{"id_kec":"73.26.02","nama_kec":"Sesean","id_kab":"7326","nama_kab":"Toraja Utara"},"geometry":{"coordinates":[[[119.9313,-2.9425],[119.9201,-2.9439],[119.8929,-2.939],[119.8916,-2.9359],[119.8922,-2.9282],[119.8906,-2.9254],[119.8975,-2.9171],[119.9048,-2.9175],[119.9036,-2.9091],[119.9044,-2.9026],[119.914,-2.9077],[119.9199,-2.9042],[119.93,-2.9055],[119.9383,-2.8956],[119.9426,-2.8985],[119.9424,-2.9032],[119.9458,-2.9087],[119.9446,-2.9105],[119.9473,-2.9127],[119.9433,-2.9215],[119.9446,-2.9256],[119.948,-2.9282],[119.9464,-2.9295],[119.9468,-2.9323],[119.9444,-2.9377],[119.9406,-2.9403],[119.9408,-2.9424],[119.9349,-2.9402],[119.9313,-2.9425]]],"type":"MultiPolygon"}},{"type":"Feature","properties":{"id_kec":"73.26.03","nama_kec":"Nanggala","id_kab":"7326","nama_kab":"Toraja Utara"},"geometry":{"coordinates":[[[120.0185,-3.0002],[120.016,-3.0024],[120.0114,-3.0129],[120.0042,-3.011],[119.9829,-2.9999],[119.9711,-3.0041],[119.963,-3.0039],[119.9619,-2.9889],[119.9598,-2.9823],[119.9609,-2.9795],[119.9629,-2.9789],[119.9614,-2.9752],[119.9637,-2.9716],[119.9655,-2.9597],[119.9755,-2.9392],[119.992,-2.929],[120.0149,-2.908],[120.024,-2.9105],[120.034,-2.9189],[120.0431,-2.9229],[120.0462,-2.9282],[120.0432,-2.9381],[120.0494,-2.9583],[120.0571,-2.9643],[120.0591,-2.9677],[120.0528,-2.9837],[120.0484,-2.985],[120.0386,-2.996],[120.031,-2.9982],[120.0266,-2.9972],[120.0185,-3.0002]]],"type":"MultiPolygon"}},{"type":"Feature","properties":{"id_kec":"73.26.04","nama_kec":"Rindingallo","id_kab":"7326","nama_kab":"Toraja Utara"},"geometry":{"coordinates":[[[119.7815,-2.9226],[119.7825,-2.9193],[119.7778,-2.9084],[119.7757,-2.8966],[119.7728,-2.8935],[119.7693,-2.8849],[119.781,-2.8856],[119.7879,-2.8794],[119.8036,-2.8345],[119.8061,-2.8395],[119.8134,-2.8472],[119.8143,-2.8529],[119.8188,-2.8588],[119.8202,-2.8637],[119.8237,-2.8673],[119.8227,-2.8728],[119.8268,-2.8833],[119.8308,-2.8866],[119.8415,-2.8876],[119.8384,-2.8927],[119.8391,-2.8968],[119.8236,-2.8993],[119.8185,-2.9074],[119.8185,-2.9177],[119.8233,-2.9231],[119.8247,-2.9268],[119.8235,-2.9286],[119.804,-2.9292],[119.7979,-2.9258],[119.792,-2.9264],[119.7904,-2.9246],[119.7867,-2.9247],[119.7854,-2.9263],[119.7815,-2.9226]]],"type":"MultiPolygon"}},{"type":"Feature","properties":{"id_kec":"73.26.05","nama_kec":"Buntao","id_kab":"7326","nama_kab":"Toraja Utara"},"geometry":{"coordinates":[[[119.9813,-3.0602],[119.9816,-3.0664],[119.9778,-3.0752],[119.9691,-3.0733],[119.9662,-3.0633],[119.948,-3.0727],[119.943,-3.0682],[119.9337,-3.0662],[119.9305,-3.0565],[119.9385,-3.0521],[119.9398,-3.0435],[119.9445,-3.0365],[119.9432,-3.0312],[119.9458,-3.024],[119.951,-3.0216],[119.9573,-3.0211],[119.9664,-3.0242],[119.9821,-3.0239],[119.9821,-3.0263],[119.9779,-3.0299],[119.9772,-3.0426],[119.9813,-3.0602]]],"type":"MultiPolygon"}},{"type":"Feature","properties":{"id_kec":"73.26.06","nama_kec":"Sa\u0027dan","id_kab":"7326","nama_kab":"Toraja Utara"},"geometry":{"coordinates":[[[119.952,-2.9017],[119.9458,-2.9094],[119.9424,-2.9032],[119.9426,-2.8985],[119.9318,-2.8888],[119.921,-2.8833],[119.9107,-2.8836],[119.905,-2.8737],[119.9,-2.8722],[119.8941,-2.8741],[119.883,-2.8721],[119.8777,-2.8726],[119.8728,-2.8704],[119.8733,-2.8593],[119.8702,-2.8482],[119.8726,-2.8404],[119.8801,-2.8274],[119.8782,-2.8168],[119.8876,-2.8062],[119.8903,-2.7992],[119.8895,-2.7949],[119.8966,-2.7822],[119.8979,-2.7757],[119.9024,-2.7748],[119.9092,-2.7785],[119.9201,-2.7777],[119.9261,-2.7816],[119.9351,-2.7791],[119.9413,-2.7807],[119.9482,-2.7929],[119.9505,-2.8003999999999998],[119.9567,-2.8014],[119.9602,-2.8063],[119.9597,-2.8149],[119.9517,-2.8302],[119.9538,-2.8348],[119.9554,-2.8472],[119.9597,-2.8506],[119.9629,-2.8561],[119.9677,-2.8591],[119.983,-2.8602],[119.9899,-2.87],[119.9804,-2.8738],[119.9716,-2.8838],[119.9688,-2.8835],[119.9522,-2.8912],[119.9507,-2.8956],[119.9526,-2.897],[119.952,-2.9017]]],"type":"MultiPolygon"}},{"type":"Feature","properties":{"id_kec":"73.26.07","nama_kec":"Sanggalangi","id_kab":"7326","nama_kab":"Toraja Utara"},"geometry":{"coordinates":[[[119.8941,-3.0447],[119.8922,-3.0426],[119.8916,-3.0364],[119.8951,-3.0331],[119.8939,-3.0308],[119.896,-3.0168],[119.8984,-3.0159],[119.9086,-3.0007],[119.9199,-2.9965],[119.9258,-2.9905],[119.9292,-2.9718],[119.9388,-2.9699],[119.9599,-2.9817],[119.963,-3.0039],[119.9738,-3.0033],[119.9748,-3.0053],[119.9751,-3.0154],[119.9724,-3.0186],[119.9719,-3.0232],[119.9664,-3.0242],[119.9573,-3.0211],[119.9465,-3.0233],[119.9432,-3.0312],[119.9445,-3.0365],[119.9398,-3.0435],[119.9385,-3.0521],[119.9305,-3.0565],[119.9234,-3.0455],[119.8941,-3.0447]]],"type":"MultiPolygon"}},{"type":"Feature","properties":{"id_kec":"73.26.08","nama_kec":"Sopai","id_kab":"7326","nama_kab":"Toraja Utara"},"geometry":{"coordinates":[[[119.8569,-3.0432],[119.8535,-3.0459],[119.8488,-3.038],[119.8481,-3.0173],[119.8385,-3.0004],[119.8377,-2.9917],[119.8327,-2.9796],[119.8354,-2.9707],[119.8344,-2.9607],[119.8398,-2.9577],[119.845,-2.9585],[119.8522,-2.9641],[119.8576,-2.9645],[119.8649,-2.97],[119.8675,-2.9743],[119.8811,-2.9816],[119.8824,-2.9844],[119.8813,-2.9872],[119.8835,-2.9923],[119.8788,-2.9958],[119.8776,-3.0009],[119.8716,-3.0045],[119.8704,-3.0069],[119.8715,-3.0107],[119.8679,-3.0134],[119.8679,-3.0155],[119.8701,-3.015],[119.8703,-3.0217],[119.8688,-3.0232],[119.8705,-3.0259],[119.8702,-3.0368],[119.8626,-3.0419],[119.8569,-3.0432]]],"type":"MultiPolygon"}},{"type":"Feature","properties":{"id_kec":"73.26.09","nama_kec":"Tikala","id_kab":"7326","nama_kab":"Toraja Utara"},"geometry":{"coordinates":[[[119.8774,-2.9571],[119.8685,-2.9516],[119.8633,-2.94],[119.8588,-2.9349],[119.8732,-2.9358],[119.8782,-2.9302],[119.8757,-2.9248],[119.876,-2.9196],[119.8839,-2.9217],[119.8934,-2.9217],[119.8906,-2.9254],[119.8922,-2.9282],[119.8917,-2.937],[119.8932,-2.9392],[119.8989,-2.941],[119.8967,-2.9425],[119.8946,-2.9482],[119.8972,-2.95],[119.8954,-2.9587],[119.8908,-2.9589],[119.8884,-2.9528],[119.8835,-2.9573],[119.8774,-2.9571]]],"type":"MultiPolygon"}},{"type":"Feature","properties":{"id_kec":"73.26.10","nama_kec":"Balusu","id_kab":"7326","nama_kab":"Toraja Utara"},"geometry":{"coordinates":[[[119.9944,-2.8809],[120.0012,-2.8877],[120.0028,-2.8914],[120.0025,-2.8989],[120.0046,-2.9019],[120.0121,-2.905],[120.0149,-2.908],[119.992,-2.929],[119.9747,-2.9395],[119.9714,-2.9396],[119.9674,-2.9344],[119.9603,-2.9347],[119.9582,-2.932],[119.9466,-2.9293],[119.948,-2.9282],[119.9446,-2.9256],[119.9432,-2.9207],[119.9473,-2.9127],[119.9446,-2.9102],[119.952,-2.9017],[119.9526,-2.897],[119.9507,-2.8956],[119.9522,-2.8912],[119.9688,-2.8835],[119.9716,-2.8838],[119.974,-2.8796],[119.9847,-2.8717],[119.9899,-2.8707],[119.991,-2.8768],[119.9944,-2.8809]]],"type":"MultiPolygon"}},{"type":"Feature","properties":{"id_kec":"73.26.11","nama_kec":"Tallunglipu","id_kab":"7326","nama_kab":"Toraja Utara"},"geometry":{"coordinates":[[[119.9179,-2.9666],[119.9116,-2.9731],[119.9094,-2.9724],[119.9087,-2.9693],[119.9014,-2.9652],[119.8962,-2.9674],[119.8952,-2.955],[119.8972,-2.9498],[119.8946,-2.9484],[119.8969,-2.9423],[119.8989,-2.941],[119.9251,-2.9435],[119.9216,-2.9556],[119.9221,-2.9608],[119.9179,-2.9666]]],"type":"MultiPolygon"}},{"type":"Feature","properties":{"id_kec":"73.26.12","nama_kec":"Dende\u0027 Piongan Napo","id_kab":"7326","nama_kab":"Toraja Utara"},"geometry":{"coordinates":[[[119.8033,-3.0266],[119.8008,-3.0186],[119.8011,-3.0142],[119.7954,-3.0034],[119.7942,-2.9899],[119.7912,-2.9788],[119.7873,-2.9729],[119.79,-2.9693],[119.7997,-2.9664],[119.7997,-2.965],[119.797,-2.959],[119.7928,-2.9564],[119.7901,-2.948],[119.7841,-2.939],[119.7833,-2.9333],[119.7845,-2.9299],[119.7821,-2.9237],[119.7855,-2.9263],[119.7887,-2.9245],[119.792,-2.9264],[119.7979,-2.9258],[119.804,-2.9292],[119.8235,-2.9286],[119.831,-2.9361],[119.8335,-2.9553],[119.8354,-2.9595],[119.8342,-2.9631],[119.8354,-2.9707],[119.8327,-2.9796],[119.8374,-2.9906],[119.8386,-3.0004],[119.8371,-3.0007],[119.8342,-3.0068],[119.8312,-3.0171],[119.8224,-3.0294],[119.804,-3.0294],[119.8033,-3.0266]]],"type":"MultiPolygon"}},{"type":"Feature","properties":{"id_kec":"73.26.13","nama_kec":"Buntu Pepasan","id_kab":"7326","nama_kab":"Toraja Utara"},"geometry":{"coordinates":[[[119.8422,-2.8867],[119.8422,-2.8881],[119.8308,-2.8866],[119.8243,-2.8798],[119.8226,-2.8725],[119.8237,-2.8673],[119.8202,-2.8637],[119.8188,-2.8588],[119.8143,-2.8529],[119.8134,-2.8472],[119.8061,-2.8395],[119.8037,-2.8349],[119.8046,-2.8135],[119.7948,-2.7953],[119.7939,-2.7886],[119.7977,-2.7757],[119.8093,-2.7663],[119.825,-2.7271],[119.8286,-2.7133],[119.8342,-2.7085],[119.8566,-2.7026],[119.8593,-2.7049],[119.8606,-2.7118],[119.867,-2.7228],[119.8723,-2.7411],[119.8723,-2.7501],[119.8743,-2.7544],[119.8816,-2.7633],[119.895,-2.7727],[119.8979,-2.7757],[119.8978,-2.7778],[119.8895,-2.7949],[119.8903,-2.7992],[119.8876,-2.8062],[119.8782,-2.8168],[119.8801,-2.8274],[119.8726,-2.8404],[119.8702,-2.8482],[119.8737,-2.8645],[119.87,-2.8764],[119.8649,-2.8827],[119.8483,-2.883],[119.8422,-2.8867]]],"type":"MultiPolygon"}},{"type":"Feature","properties":{"id_kec":"73.26.14","nama_kec":"Baruppu","id_kab":"7326","nama_kab":"Toraja Utara"},"geometry":{"coordinates":[[[119.7989,-2.803],[119.8046,-2.8135],[119.8036,-2.8348],[119.7902,-2.8743],[119.7879,-2.8794],[119.781,-2.8856],[119.7678,-2.8849],[119.764,-2.8821],[119.7601,-2.8858],[119.7575,-2.8837],[119.7533,-2.8873],[119.7517,-2.8861],[119.749,-2.8869],[119.7427,-2.8825],[119.7314,-2.8828],[119.7273,-2.8846],[119.7168,-2.8787],[119.6925,-2.8739],[119.6897,-2.8715],[119.6953,-2.8646],[119.696,-2.8493],[119.6916,-2.8374],[119.6923,-2.8271],[119.689,-2.8116],[119.6842,-2.7952],[119.6813,-2.7928],[119.6793,-2.7849],[119.6804,-2.7776],[119.6766,-2.774],[119.6752,-2.7684],[119.6851,-2.7594],[119.689,-2.7515],[119.6928,-2.7498],[119.6959,-2.7449],[119.7004,-2.7423],[119.7078,-2.7324],[119.7234,-2.727],[119.731,-2.7175],[119.7366,-2.7175],[119.7467,-2.7145],[119.7494,-2.7074],[119.7487,-2.6998],[119.7461,-2.6947],[119.7495,-2.6919],[119.748,-2.6886],[119.7526,-2.6853],[119.7556,-2.6852],[119.7599,-2.6789],[119.7553,-2.6774],[119.7525,-2.671],[119.7662,-2.6636],[119.7776,-2.6618],[119.7842,-2.6523],[119.8001,-2.638],[119.8034,-2.6321],[119.8227,-2.627],[119.8385,-2.6118],[119.8457,-2.611],[119.8536,-2.6207],[119.8548,-2.6275],[119.8538,-2.6326],[119.8582,-2.6395],[119.8584,-2.6452],[119.8564,-2.6493],[119.8537,-2.6652],[119.8551,-2.6716],[119.8525,-2.6772],[119.8538,-2.6862],[119.8524,-2.6984],[119.8537,-2.7012],[119.8566,-2.7026],[119.8342,-2.7085],[119.8286,-2.7133],[119.825,-2.7271],[119.8093,-2.7663],[119.7977,-2.7757],[119.7953,-2.781],[119.7939,-2.7886],[119.7948,-2.7953],[119.7989,-2.803]]],"type":"MultiPolygon"}},{"type":"Feature","properties":{"id_kec":"73.26.15","nama_kec":"Kesu","id_kab":"7326","nama_kab":"Toraja Utara"},"geometry":{"coordinates":[[[119.8919,-3.0219],[119.8894,-3.0232],[119.8849,-3.0221],[119.8821,-3.0252],[119.8761,-3.0254],[119.874,-3.0302],[119.8696,-3.0307],[119.8705,-3.0259],[119.8688,-3.0227],[119.8703,-3.0217],[119.8701,-3.015],[119.8679,-3.0155],[119.8679,-3.0134],[119.8715,-3.0107],[119.8704,-3.0069],[119.8716,-3.0045],[119.8776,-3.0009],[119.8788,-2.9958],[119.8835,-2.9923],[119.8814,-2.9876],[119.8819,-2.9846],[119.8903,-2.9844],[119.8917,-2.9819],[119.8938,-2.9826],[119.8947,-2.9814],[119.9036,-2.9802],[119.9186,-2.9658],[119.9292,-2.9718],[119.9258,-2.9905],[119.9199,-2.9965],[119.9086,-3.0007],[119.8984,-3.0159],[119.8919,-3.0219]]],"type":"MultiPolygon"}},{"type":"Feature","properties":{"id_kec":"73.26.16","nama_kec":"Tondon","id_kab":"7326","nama_kab":"Toraja Utara"},"geometry":{"coordinates":[[[119.9624,-2.9793],[119.9599,-2.9817],[119.9388,-2.9699],[119.9302,-2.9721],[119.9186,-2.9658],[119.9221,-2.9608],[119.9216,-2.9556],[119.9251,-2.9435],[119.9313,-2.9425],[119.9342,-2.9402],[119.9408,-2.9424],[119.9406,-2.9403],[119.9439,-2.9384],[119.9467,-2.933],[119.9466,-2.9293],[119.9582,-2.932],[119.9603,-2.9347],[119.9674,-2.9344],[119.9714,-2.9396],[119.9755,-2.9392],[119.9655,-2.9597],[119.9637,-2.9716],[119.9614,-2.9752],[119.9624,-2.9793]]],"type":"MultiPolygon"}},{"type":"Feature","properties":{"id_kec":"73.26.17","nama_kec":"Bangkelekila","id_kab":"7326","nama_kab":"Toraja Utara"},"geometry":{"coordinates":[[[119.9122,-2.8836],[119.9187,-2.8828],[119.9295,-2.8869],[119.9376,-2.8943],[119.9378,-2.8973],[119.93,-2.9055],[119.9199,-2.9042],[119.9135,-2.9077],[119.9032,-2.9021],[119.8832,-2.8988],[119.8699,-2.8936],[119.8607,-2.883],[119.8649,-2.8827],[119.8674,-2.8806],[119.8728,-2.8704],[119.8777,-2.8726],[119.883,-2.8721],[119.8919,-2.874],[119.9023,-2.8724],[119.9065,-2.8755],[119.9101,-2.8831],[119.9122,-2.8836]]],"type":"MultiPolygon"}},{"type":"Feature","properties":{"id_kec":"73.26.18","nama_kec":"Rantebua","id_kab":"7326","nama_kab":"Toraja Utara"},"geometry":{"coordinates":[[[119.9973,-3.1737],[119.9937,-3.1753],[119.9912,-3.1806],[119.9856,-3.184],[119.9852,-3.1872],[119.978,-3.1859],[119.9684,-3.1808],[119.9662,-3.1774],[119.9562,-3.1731],[119.9593,-3.1643],[119.9576,-3.1583],[119.959,-3.1514],[119.9567,-3.1501],[119.964,-3.1467],[119.9658,-3.1412],[119.9716,-3.137],[119.9765,-3.1294],[119.9748,-3.1236],[119.9655,-3.1067],[119.9625,-3.0954],[119.9691,-3.0733],[119.9789,-3.0751],[119.9818,-3.065],[119.9772,-3.0426],[119.9779,-3.0299],[119.9824,-3.0251],[119.9816,-3.0233],[119.9763,-3.0245],[119.9715,-3.0234],[119.9724,-3.0186],[119.9751,-3.0154],[119.9738,-3.0033],[119.9829,-2.9999],[120.0042,-3.011],[120.0114,-3.0129],[120.016,-3.0024],[120.0185,-3.0002],[120.0266,-2.9972],[120.031,-2.9982],[120.0386,-2.996],[120.0484,-2.985],[120.0528,-2.9837],[120.0562,-2.9877],[120.0624,-2.9903],[120.0618,-2.9919],[120.0718,-3.001],[120.0774,-3.002],[120.0843,-3.0064],[120.0831,-3.0123],[120.086,-3.0217],[120.0829,-3.0311],[120.079,-3.0318],[120.0744,-3.0294],[120.0663,-3.0348],[120.0688,-3.0477],[120.0664,-3.0505],[120.0489,-3.0544],[120.0434,-3.0668],[120.0415,-3.0675],[120.0383,-3.0653],[120.035,-3.066],[120.0288,-3.0686],[120.0285,-3.0709],[120.0267,-3.0713],[120.0212,-3.0812],[120.02,-3.0915],[120.0214,-3.0971],[120.0168,-3.1121],[120.0168,-3.1194],[120.0065,-3.1275],[120.0049,-3.1394],[120.0038,-3.14],[120.0055,-3.1417],[120.005,-3.1442],[120.0028,-3.1461],[119.9991,-3.1564],[120.0077,-3.1726],[120.0057,-3.1765],[119.9973,-3.1737]]],"type":"MultiPolygon"}},{"type":"Feature","properties":{"id_kec":"73.26.19","nama_kec":"Sesean Suloara\u0027","id_kab":"7326","nama_kab":"Toraja Utara"},"geometry":{"coordinates":[[[119.8571,-2.9331],[119.8562,-2.9285],[119.8576,-2.9247],[119.8545,-2.9147],[119.8564,-2.9118],[119.8515,-2.9078],[119.8503,-2.9034],[119.8416,-2.8993],[119.8381,-2.8949],[119.8426,-2.8861],[119.8483,-2.883],[119.8607,-2.883],[119.8699,-2.8936],[119.8832,-2.8988],[119.9044,-2.9026],[119.9036,-2.9091],[119.9048,-2.9175],[119.8975,-2.9171],[119.8936,-2.9217],[119.8909,-2.922],[119.876,-2.9196],[119.8757,-2.9248],[119.8782,-2.9302],[119.8732,-2.9358],[119.8686,-2.9346],[119.8575,-2.935],[119.8571,-2.9331]]],"type":"MultiPolygon"}},{"type":"Feature","properties":{"id_kec":"73.26.20","nama_kec":"Kapala Pitu","id_kab":"7326","nama_kab":"Toraja Utara"},"geometry":{"coordinates":[[[119.8342,-2.9577],[119.831,-2.9361],[119.8237,-2.9293],[119.8247,-2.9268],[119.8185,-2.9177],[119.8177,-2.9128],[119.8185,-2.9074],[119.8236,-2.8993],[119.8391,-2.8968],[119.8503,-2.9034],[119.8515,-2.9078],[119.8564,-2.9118],[119.8545,-2.9147],[119.8576,-2.9247],[119.8563,-2.9297],[119.8599,-2.9503],[119.8602,-2.9675],[119.8568,-2.964],[119.851,-2.9635],[119.845,-2.9585],[119.8398,-2.9577],[119.8354,-2.9595],[119.8342,-2.9577]]],"type":"MultiPolygon"}},{"type":"Feature","properties":{"id_kec":"73.26.21","nama_kec":"Awan Rante Karua","id_kab":"7326","nama_kab":"Toraja Utara"},"geometry":{"coordinates":[[[119.7119,-2.9447],[119.7098,-2.9401],[119.7106,-2.9372],[119.7078,-2.935],[119.7059,-2.929],[119.706,-2.9212],[119.702,-2.9101],[119.6937,-2.8997],[119.6906,-2.8847],[119.6874,-2.8798],[119.6879,-2.8729],[119.6897,-2.8715],[119.6925,-2.8739],[119.7151,-2.8781],[119.7276,-2.8846],[119.7314,-2.8828],[119.7427,-2.8825],[119.749,-2.8869],[119.7517,-2.8861],[119.7533,-2.8873],[119.7575,-2.8837],[119.7601,-2.8858],[119.764,-2.8821],[119.7693,-2.8849],[119.7728,-2.8935],[119.7756,-2.8964],[119.7778,-2.9084],[119.7825,-2.9193],[119.7815,-2.9226],[119.7845,-2.9299],[119.7833,-2.9333],[119.7721,-2.9381],[119.7596,-2.9376],[119.7542,-2.9359],[119.7461,-2.9361],[119.7409,-2.9381],[119.7363,-2.9415],[119.7331,-2.9526],[119.7257,-2.9513],[119.7119,-2.9447]]],"type":"MultiPolygon"}},{"type":"Feature","properties":{"id_kec":"73.13.01","nama_kec":"Sabangparu","id_kab":"7313","nama_kab":"Wajo"},"geometry":{"coordinates":[[[119.9678,-4.2719],[119.964,-4.2736],[119.9607,-4.2722],[119.9572,-4.2629],[119.9577,-4.2585],[119.9381,-4.2558],[119.9345,-4.2505],[119.9346,-4.2426],[119.9374,-4.2373],[119.9365,-4.232],[119.9382,-4.2279],[119.9384,-4.2203],[119.9356,-4.2064],[119.9391,-4.2029],[119.9432,-4.2016],[119.9466,-4.1931],[119.946,-4.1889],[119.9492,-4.1847],[119.9485,-4.1816],[119.9449,-4.1779],[119.9455,-4.1725],[119.9464,-4.172],[119.947,-4.1742],[119.9498,-4.1732],[119.9526,-4.175],[119.9574,-4.181],[119.9598,-4.1818],[119.965,-4.1797],[119.968,-4.1726],[119.9677,-4.1753],[119.9731,-4.1823],[119.9723,-4.1777],[119.9752,-4.1788],[119.9784,-4.1773],[119.9778,-4.1718],[119.9832,-4.1679],[119.9828,-4.1629],[119.9803,-4.1608],[119.9808,-4.1568],[119.9832,-4.1607],[119.9861,-4.1603],[119.9879,-4.1639],[119.9902,-4.1608],[119.9936,-4.1627],[119.9933,-4.1607],[119.989,-4.1587],[119.9831,-4.1526],[119.9883,-4.1473],[119.9953,-4.1448],[119.9952,-4.1417],[119.9926,-4.1397],[119.9959,-4.1406],[119.998,-4.1379],[120.0064,-4.1362],[120.0232,-4.1393],[120.0223,-4.1415],[120.013,-4.1422],[120.0146,-4.148],[120.0182,-4.1483],[120.0174,-4.1504],[120.0229,-4.1526],[120.0317,-4.1651],[120.0353,-4.167],[120.0378,-4.1653],[120.0349,-4.1975],[120.0355,-4.2377],[120.0292,-4.2445],[120.0384,-4.2617],[120.0107,-4.2687],[120.0082,-4.2687],[120.005,-4.2647],[119.9934,-4.2668],[119.9779,-4.2669],[119.9733,-4.2706],[119.9678,-4.2719]]],"type":"MultiPolygon"}},{"type":"Feature","properties":{"id_kec":"73.13.02","nama_kec":"Pammana","id_kab":"7313","nama_kab":"Wajo"},"geometry":{"coordinates":[[[120.0402,-4.2766],[120.0415,-4.2638],[120.0384,-4.2617],[120.0292,-4.2445],[120.0355,-4.2377],[120.0349,-4.1975],[120.0384,-4.1589],[120.044,-4.1664],[120.0649,-4.1596],[120.07,-4.1512],[120.075,-4.1356],[120.0838,-4.1381],[120.103,-4.1373],[120.1249,-4.1429],[120.132,-4.1398],[120.1363,-4.1358],[120.1411,-4.1382],[120.1463,-4.1386],[120.1636,-4.1517],[120.1628,-4.155],[120.16,-4.1578],[120.1597,-4.1648],[120.1611,-4.172],[120.1649,-4.1776],[120.16,-4.1805],[120.1587,-4.1872],[120.154,-4.1901],[120.1337,-4.2096],[120.1315,-4.2177],[120.133,-4.2227],[120.1306,-4.2258],[120.1248,-4.2275],[120.1199,-4.2432],[120.0999,-4.2522],[120.0894,-4.2484],[120.0835,-4.2491],[120.0763,-4.2474],[120.0728,-4.2601],[120.0739,-4.2648],[120.0709,-4.272],[120.0732,-4.2851],[120.0441,-4.2863],[120.0405,-4.2831],[120.0402,-4.2766]]],"type":"MultiPolygon"}},{"type":"Feature","properties":{"id_kec":"73.13.03","nama_kec":"Takkalalla","id_kab":"7313","nama_kab":"Wajo"},"geometry":{"coordinates":[[[120.329,-4.2056],[120.3045,-4.1974],[120.2986,-4.2008],[120.2805,-4.2041],[120.2774,-4.2032],[120.2744,-4.1958],[120.2716,-4.1949],[120.2693,-4.1961],[120.268,-4.1937],[120.2655,-4.1956],[120.2579,-4.1961],[120.2547,-4.199],[120.2492,-4.1969],[120.2461,-4.1927],[120.2411,-4.1915],[120.2412,-4.1895],[120.2377,-4.1875],[120.2367,-4.1836],[120.2469,-4.1684],[120.2441,-4.1639],[120.2192,-4.1532],[120.1923,-4.1373],[120.1777,-4.1321],[120.1818,-4.1239],[120.1843,-4.1213],[120.1876,-4.1216],[120.1941,-4.1144],[120.1949,-4.1076],[120.1931,-4.1067],[120.1925,-4.1007],[120.195,-4.0969],[120.1946,-4.0939],[120.1971,-4.0922],[120.1981,-4.087],[120.1997,-4.0859],[120.1982,-4.0815],[120.1988,-4.0773],[120.2043,-4.0787],[120.2106,-4.0842],[120.2117,-4.0929],[120.2193,-4.1005],[120.2323,-4.1045],[120.24,-4.1115],[120.2504,-4.1175],[120.2621,-4.1199],[120.2639,-4.12],[120.2723,-4.1134],[120.2773,-4.1147],[120.2867,-4.1132],[120.2917,-4.1153],[120.3007,-4.1141],[120.3032,-4.112],[120.3053,-4.1057],[120.3088,-4.1052],[120.3125,-4.1017],[120.3142,-4.0927],[120.3161,-4.0911],[120.3223,-4.0978],[120.3315,-4.0962],[120.3308,-4.1079],[120.3324,-4.1103],[120.3381,-4.1091],[120.3403,-4.1107],[120.3454,-4.1234],[120.344,-4.128],[120.3467,-4.1314],[120.3542,-4.1335],[120.3625,-4.1412],[120.3736,-4.1449],[120.3732,-4.1537],[120.3758,-4.1587],[120.3766,-4.1651],[120.3749,-4.1696],[120.3755,-4.1726],[120.3726,-4.173],[120.3727,-4.1747],[120.3663,-4.1803],[120.3687,-4.1857],[120.367,-4.188],[120.3644,-4.1873],[120.3623,-4.1902],[120.3597,-4.1889],[120.3551,-4.191],[120.337,-4.2111],[120.3299,-4.2097],[120.329,-4.2056]]],"type":"MultiPolygon"}},{"type":"Feature","properties":{"id_kec":"73.13.04","nama_kec":"Sajoanging","id_kab":"7313","nama_kab":"Wajo"},"geometry":{"coordinates":[[[120.3436,-4.0693],[120.3364,-4.0646],[120.3346,-4.0607],[120.3351,-4.0558],[120.3327,-4.055],[120.3338,-4.0534],[120.3297,-4.0532],[120.328,-4.051],[120.3256,-4.0537],[120.3225,-4.0523],[120.3117,-4.0554],[120.3052,-4.0545],[120.2996,-4.0725],[120.297,-4.0751],[120.2728,-4.0645],[120.2842,-4.0444],[120.2946,-4.0444],[120.2994,-4.0391],[120.3037,-4.011],[120.3031,-4.0052],[120.2952,-4.0014],[120.2831,-4.0043],[120.2778,-4.003],[120.2662,-3.9965],[120.259,-3.998],[120.2601,-3.9875],[120.2583,-3.9782],[120.2552,-3.9806],[120.2516,-3.9795],[120.2501,-3.9812],[120.25,-3.9786],[120.2482,-3.9785],[120.2461,-3.9801],[120.2457,-3.9831],[120.242,-3.9837],[120.2412,-3.9859],[120.2389,-3.9826],[120.2338,-3.9851],[120.2319,-3.9833],[120.2334,-3.9815],[120.2332,-3.978],[120.2311,-3.9794],[120.2282,-3.9781],[120.2308,-3.9771],[120.2304,-3.9717],[120.2262,-3.9708],[120.2225,-3.9722],[120.2205,-3.9754],[120.2192,-3.9692],[120.2172,-3.9729],[120.215,-3.9703],[120.209,-3.9744],[120.2062,-3.9719],[120.2071,-3.9699],[120.2088,-3.9709],[120.2088,-3.9695],[120.2061,-3.9693],[120.204,-3.9714],[120.2045,-3.9642],[120.2018,-3.9554],[120.2117,-3.9429],[120.2087,-3.9334],[120.2138,-3.9166],[120.2434,-3.9143],[120.2591,-3.9087],[120.2693,-3.9188],[120.2729,-3.9185],[120.2868,-3.9229],[120.3049,-3.9152],[120.3412,-3.915],[120.3361,-3.9389],[120.3445,-3.9599],[120.3513,-3.9684],[120.3532,-3.9742],[120.3525,-3.98],[120.3498,-3.9813],[120.3512,-3.9828],[120.3504,-3.9863],[120.3413,-3.9954],[120.3428,-4],[120.345,-3.9989],[120.3463,-4.0012],[120.3489,-4.01],[120.3526,-4.0146],[120.3589,-4.0182],[120.361,-4.0215],[120.3599,-4.0253],[120.3568,-4.0258],[120.3569,-4.0287],[120.3539,-4.0321],[120.3553,-4.0364],[120.3539,-4.0411],[120.3564,-4.0435],[120.3576,-4.0491],[120.3569,-4.0523],[120.3545,-4.0537],[120.3567,-4.0566],[120.3559,-4.0649],[120.348,-4.0708],[120.3436,-4.0693]]],"type":"MultiPolygon"}},{"type":"Feature","properties":{"id_kec":"73.13.05","nama_kec":"Majauleng","id_kab":"7313","nama_kab":"Wajo"},"geometry":{"coordinates":[[[120.1377,-4.1363],[120.1354,-4.1357],[120.132,-4.1398],[120.1249,-4.1429],[120.103,-4.1373],[120.0838,-4.1381],[120.0748,-4.1352],[120.0792,-4.1167],[120.083,-4.1135],[120.0851,-4.1053],[120.0905,-4.0992],[120.1044,-4.089],[120.1072,-4.0843],[120.1094,-4.0719],[120.1153,-4.0652],[120.1214,-4.0531],[120.1209,-4.0491],[120.1174,-4.0478],[120.1143,-4.0427],[120.1164,-4.0233],[120.1138,-4.0182],[120.1129,-4.0056],[120.1057,-3.9971],[120.0989,-3.993],[120.0961,-3.9887],[120.098,-3.9813],[120.1035,-3.9706],[120.1039,-3.9632],[120.1157,-3.9739],[120.1184,-3.9785],[120.1213,-3.9797],[120.1309,-3.9744],[120.1399,-3.9718],[120.1497,-3.9736],[120.1576,-3.9697],[120.1653,-3.9693],[120.1767,-3.9648],[120.1799,-3.9678],[120.1846,-3.9671],[120.1875,-3.969],[120.1914,-3.9657],[120.1953,-3.9682],[120.1999,-3.9677],[120.2,-3.9697],[120.2029,-3.9704],[120.2034,-3.973],[120.2058,-3.9695],[120.2086,-3.9693],[120.2088,-3.9709],[120.2071,-3.9699],[120.2062,-3.9719],[120.209,-3.9744],[120.215,-3.9703],[120.2172,-3.9729],[120.2189,-3.9693],[120.2202,-3.97],[120.2205,-3.9754],[120.2214,-3.9726],[120.2262,-3.9708],[120.2299,-3.9715],[120.2313,-3.9755],[120.2302,-3.9783],[120.2288,-3.977],[120.2282,-3.9781],[120.2311,-3.9794],[120.2332,-3.978],[120.2334,-3.9815],[120.2319,-3.9833],[120.2338,-3.9851],[120.2389,-3.9826],[120.2412,-3.9859],[120.242,-3.9837],[120.2457,-3.9831],[120.2461,-3.9801],[120.2482,-3.9785],[120.25,-3.9786],[120.2501,-3.9812],[120.2516,-3.9795],[120.2552,-3.9806],[120.2583,-3.9782],[120.2601,-3.9915],[120.2551,-4.0201],[120.2567,-4.0252],[120.2548,-4.0282],[120.252,-4.0294],[120.2452,-4.0386],[120.2374,-4.0455],[120.2332,-4.0462],[120.2297,-4.0432],[120.2268,-4.0434],[120.222,-4.0458],[120.2188,-4.0518],[120.2101,-4.0555],[120.2042,-4.0606],[120.1906,-4.0625],[120.1834,-4.066],[120.1781,-4.0637],[120.1757,-4.0647],[120.1724,-4.0693],[120.1717,-4.0749],[120.1731,-4.0791],[120.1708,-4.0885],[120.173,-4.0931],[120.1723,-4.0969],[120.165,-4.1019],[120.1615,-4.1065],[120.1621,-4.1112],[120.1664,-4.1142],[120.1675,-4.1187],[120.1668,-4.1213],[120.1639,-4.1232],[120.166,-4.1345],[120.1639,-4.1379],[120.1615,-4.1504],[120.1463,-4.1386],[120.1377,-4.1363]]],"type":"MultiPolygon"}},{"type":"Feature","properties":{"id_kec":"73.13.06","nama_kec":"Tempe","id_kab":"7313","nama_kab":"Wajo"},"geometry":{"coordinates":[[[120.0686,-4.154],[120.0649,-4.1596],[120.044,-4.1664],[120.0384,-4.1589],[120.0373,-4.166],[120.0353,-4.167],[120.0317,-4.1651],[120.0229,-4.1526],[120.0174,-4.1504],[120.0182,-4.1483],[120.0146,-4.148],[120.013,-4.1432],[120.0136,-4.1418],[120.0223,-4.1415],[120.0235,-4.1397],[120.0103,-4.1365],[120.015,-4.1079],[120.0259,-4.1103],[120.0397,-4.1066],[120.0479,-4.1096],[120.0568,-4.1158],[120.0685,-4.1162],[120.0755,-4.1185],[120.0792,-4.1168],[120.075,-4.1356],[120.0686,-4.154]]],"type":"MultiPolygon"}},{"type":"Feature","properties":{"id_kec":"73.13.07","nama_kec":"Belawa","id_kab":"7313","nama_kab":"Wajo"},"geometry":{"coordinates":[[[119.9021,-4.0534],[119.8953,-4.0431],[119.8937,-4.028],[119.8867,-4.019],[119.8926,-4.0016],[119.9047,-3.9854],[119.9051,-3.9687],[119.9115,-3.9628],[119.9149,-3.9506],[119.9145,-3.9431],[119.9183,-3.9362],[119.9159,-3.9349],[119.9171,-3.934],[119.9162,-3.9325],[119.9297,-3.9318],[119.9396,-3.9288],[119.9408,-3.9349],[119.9523,-3.9389],[119.9535,-3.9348],[119.9589,-3.9368],[119.9601,-3.9388],[119.9606,-3.9371],[119.9702,-3.9367],[119.9733,-3.9311],[119.9755,-3.9316],[119.975,-3.9348],[119.977,-3.9357],[119.9868,-3.9339],[119.9921,-3.9295],[119.9961,-3.931],[119.9976,-3.9277],[119.9993,-3.9277],[120.0005,-3.9307],[120.0026,-3.9312],[120.0038,-3.9296],[120.0025,-3.9267],[120.0057,-3.9255],[120.0086,-3.9283],[120.0066,-3.9363],[120.0106,-3.9362],[120.0237,-3.9405],[120.0142,-3.9787],[120.01,-3.9773],[120.0054,-3.9818],[120.0072,-3.9829],[120.0067,-3.9851],[120.0054,-3.9832],[120.0021,-3.9865],[120.0051,-3.9877],[119.9948,-3.9951],[119.9914,-4.0012],[119.9958,-4.0217],[119.9935,-4.0451],[119.9941,-4.0595],[119.9928,-4.0584],[119.9909,-4.0597],[119.9909,-4.0566],[119.9926,-4.0563],[119.9902,-4.0562],[119.9901,-4.0548],[119.988,-4.0568],[119.9839,-4.057],[119.9797,-4.0532],[119.9747,-4.0555],[119.9743,-4.0608],[119.9725,-4.0618],[119.9697,-4.0596],[119.9698,-4.0609],[119.9659,-4.0613],[119.9644,-4.0629],[119.9611,-4.0619],[119.9537,-4.0633],[119.9538,-4.0602],[119.9501,-4.059],[119.9501,-4.0569],[119.9462,-4.0537],[119.9467,-4.0523],[119.9447,-4.0501],[119.9424,-4.0491],[119.9417,-4.0508],[119.9392,-4.0511],[119.9366,-4.0498],[119.9353,-4.0522],[119.9382,-4.0534],[119.9377,-4.0569],[119.9413,-4.0589],[119.9446,-4.0581],[119.9437,-4.0611],[119.947,-4.0616],[119.9462,-4.0625],[119.9483,-4.0655],[119.9452,-4.0663],[119.9479,-4.0692],[119.9415,-4.0651],[119.935,-4.0652],[119.9327,-4.0628],[119.9282,-4.0628],[119.9299,-4.059],[119.9268,-4.0577],[119.9174,-4.0639],[119.9126,-4.0622],[119.9073,-4.0644],[119.9056,-4.0607],[119.9019,-4.0594],[119.9021,-4.0534]]],"type":"MultiPolygon"}},{"type":"Feature","properties":{"id_kec":"73.13.08","nama_kec":"Tanasitolo","id_kab":"7313","nama_kab":"Wajo"},"geometry":{"coordinates":[[[120.0201,-4.0855],[120.0211,-4.0796],[120.0189,-4.0759],[120.0213,-4.075],[120.022,-4.0723],[120.0144,-4.0721],[120.0028,-4.0688],[119.9941,-4.0595],[119.9935,-4.0451],[119.9958,-4.0217],[119.9914,-4.0029],[119.9927,-3.9978],[120.0038,-3.9891],[120.002,-3.9913],[120.0028,-3.9932],[119.9998,-3.9942],[119.9996,-3.9999],[120.0046,-4.0012],[120.0052,-3.9965],[120.0091,-3.9962],[120.0078,-4.0015],[120.0124,-4.0005],[120.0151,-4.0094],[120.015,-4.0076],[120.0164,-4.0081],[120.0186,-4.0041],[120.0236,-4.0015],[120.0252,-3.9986],[120.0244,-3.9969],[120.026,-3.9962],[120.0246,-3.9956],[120.025,-3.9927],[120.024,-3.995],[120.0226,-3.9935],[120.0251,-3.9887],[120.0224,-3.9857],[120.0395,-3.9886],[120.0579,-3.9882],[120.0702,-3.9909],[120.0961,-3.9886],[120.0989,-3.993],[120.1057,-3.9971],[120.1129,-4.0056],[120.1138,-4.0182],[120.1164,-4.0233],[120.1143,-4.0427],[120.1174,-4.0478],[120.1209,-4.0491],[120.1214,-4.0531],[120.1153,-4.0652],[120.1094,-4.0719],[120.1072,-4.0843],[120.1042,-4.0893],[120.0894,-4.1003],[120.085,-4.1055],[120.0827,-4.114],[120.0755,-4.1185],[120.0685,-4.1162],[120.0568,-4.1158],[120.0498,-4.1107],[120.0408,-4.1068],[120.0259,-4.1103],[120.0166,-4.1081],[120.0217,-4.0956],[120.0201,-4.0855]]],"type":"MultiPolygon"}},{"type":"Feature","properties":{"id_kec":"73.13.09","nama_kec":"Maniang Pajo","id_kab":"7313","nama_kab":"Wajo"},"geometry":{"coordinates":[[[120.0217,-3.9855],[120.0185,-3.9817],[120.0144,-3.9808],[120.0164,-3.9663],[120.0241,-3.9419],[120.0169,-3.9378],[120.0229,-3.9361],[120.0268,-3.926],[120.0388,-3.9171],[120.0423,-3.9125],[120.0523,-3.8841],[120.0488,-3.8806],[120.0491,-3.8688],[120.0572,-3.8621],[120.0575,-3.8549],[120.0629,-3.8554],[120.0641,-3.8572],[120.0683,-3.853],[120.071,-3.8532],[120.0726,-3.8517],[120.076,-3.8527],[120.0794,-3.8485],[120.082,-3.8508],[120.0824,-3.8476],[120.0871,-3.8484],[120.0882,-3.8449],[120.093,-3.8431],[120.0958,-3.8446],[120.102,-3.8435],[120.1026,-3.84],[120.1116,-3.8411],[120.1126,-3.8482],[120.1099,-3.8482],[120.1115,-3.8505],[120.1153,-3.8499],[120.1144,-3.8525],[120.1178,-3.8513],[120.1195,-3.8472],[120.1222,-3.85],[120.1301,-3.8462],[120.1313,-3.8441],[120.129,-3.8385],[120.1303,-3.8334],[120.1407,-3.8287],[120.1417,-3.8246],[120.1393,-3.8162],[120.1443,-3.8142],[120.1455,-3.8021],[120.1543,-3.7975],[120.1481,-3.7915],[120.1484,-3.7875],[120.1513,-3.7852],[120.1555,-3.7883],[120.1593,-3.7839],[120.1649,-3.7848],[120.1685,-3.7898],[120.1664,-3.7938],[120.1687,-3.7962],[120.1668,-3.7983],[120.1686,-3.8],[120.1709,-3.7981],[120.1734,-3.8024],[120.1683,-3.8077],[120.1619,-3.8074],[120.1613,-3.8105],[120.166,-3.8156],[120.1686,-3.8141],[120.1709,-3.8148],[120.17529999999999,-3.8194],[120.1758,-3.8229],[120.1719,-3.8223],[120.1711,-3.8194],[120.1677,-3.8197],[120.1643,-3.823],[120.1616,-3.8201],[120.1607,-3.8213],[120.1625,-3.8231],[120.1611,-3.8269],[120.1581,-3.8269],[120.1575,-3.823],[120.1555,-3.8233],[120.1544,-3.8261],[120.1572,-3.8288],[120.159,-3.8361],[120.1618,-3.8362],[120.1634,-3.838],[120.1605,-3.8424],[120.1641,-3.8441],[120.1676,-3.8494],[120.1578,-3.8615],[120.1469,-3.8694],[120.1425,-3.8701],[120.1348,-3.8679],[120.1356,-3.8778],[120.1409,-3.8886],[120.14,-3.9227],[120.1324,-3.9228],[120.1265,-3.9272],[120.1211,-3.9273],[120.1124,-3.9404],[120.1035,-3.9488],[120.1037,-3.9696],[120.0961,-3.9886],[120.0702,-3.9909],[120.0579,-3.9882],[120.0395,-3.9886],[120.0217,-3.9855]]],"type":"MultiPolygon"}},{"type":"Feature","properties":{"id_kec":"73.13.10","nama_kec":"Pitumpanua","id_kab":"7313","nama_kab":"Wajo"},"geometry":{"coordinates":[[[120.3715,-3.7774],[120.3485,-3.7767],[120.3401,-3.7727],[120.334,-3.772],[120.3237,-3.7611],[120.3219,-3.7616],[120.3233,-3.7644],[120.3217,-3.7662],[120.3206,-3.764],[120.3185,-3.7673],[120.3142,-3.7666],[120.3129,-3.769],[120.3119,-3.7665],[120.3091,-3.7679],[120.3091,-3.766],[120.3065,-3.7661],[120.3046,-3.7683],[120.2894,-3.7553],[120.2825,-3.7337],[120.2763,-3.7264],[120.2764,-3.724],[120.281,-3.7188],[120.2868,-3.7208],[120.2975,-3.7172],[120.3014,-3.7103],[120.3052,-3.7096],[120.31,-3.7013],[120.3107,-3.6951],[120.3144,-3.6903],[120.3307,-3.6803],[120.3317,-3.6757],[120.3297,-3.6695],[120.3305,-3.6664],[120.3243,-3.6523],[120.3281,-3.6499],[120.3347,-3.6536],[120.3437,-3.65],[120.3499,-3.6504],[120.3506,-3.6522],[120.3578,-3.6523],[120.3613,-3.6549],[120.3876,-3.6588],[120.3922,-3.6625],[120.4005,-3.6611],[120.408,-3.6673],[120.41,-3.6652],[120.4094,-3.6638],[120.4114,-3.6633],[120.416,-3.6716],[120.4177,-3.6785],[120.421,-3.679],[120.4243,-3.6821],[120.4278,-3.6826],[120.4273,-3.6811],[120.4283,-3.6827],[120.4275,-3.6796],[120.4286,-3.6788],[120.4288,-3.683],[120.4306,-3.6808],[120.4325,-3.6803],[120.4297,-3.6827],[120.4361,-3.6859],[120.438,-3.6889],[120.4371,-3.6962],[120.4348,-3.6974],[120.4372,-3.701],[120.4363,-3.7072],[120.4384,-3.7149],[120.4386,-3.7258],[120.4409,-3.728],[120.4413,-3.7393],[120.4394,-3.746],[120.4098,-3.7749],[120.4031,-3.784],[120.3715,-3.7774]]],"type":"MultiPolygon"}},{"type":"Feature","properties":{"id_kec":"73.13.11","nama_kec":"Bola","id_kab":"7313","nama_kab":"Wajo"},"geometry":{"coordinates":[[[120.2361,-4.2655],[120.2335,-4.2611],[120.2342,-4.2551],[120.2319,-4.2483],[120.2318,-4.2422],[120.2254,-4.2354],[120.2184,-4.2375],[120.1923,-4.2369],[120.1734,-4.2265],[120.1659,-4.2257],[120.1614,-4.2278],[120.1513,-4.225],[120.1485,-4.2228],[120.141,-4.2246],[120.1386,-4.2196],[120.135,-4.223],[120.1321,-4.2208],[120.1317,-4.2161],[120.1337,-4.2096],[120.154,-4.1901],[120.1587,-4.1872],[120.16,-4.1805],[120.1649,-4.1776],[120.1604,-4.1697],[120.16,-4.1578],[120.1659,-4.1503],[120.1755,-4.1313],[120.1923,-4.1373],[120.2204,-4.1538],[120.2432,-4.1632],[120.2469,-4.1684],[120.2418,-4.1776],[120.2368,-4.1827],[120.2377,-4.1875],[120.2412,-4.1895],[120.2411,-4.1915],[120.2461,-4.1927],[120.2492,-4.1969],[120.2547,-4.199],[120.2579,-4.1961],[120.2655,-4.1956],[120.268,-4.1937],[120.2693,-4.1961],[120.2738,-4.1953],[120.2774,-4.2032],[120.2805,-4.2041],[120.2986,-4.2008],[120.3045,-4.1974],[120.3282,-4.2051],[120.3299,-4.2097],[120.337,-4.2111],[120.3551,-4.191],[120.3597,-4.1889],[120.3623,-4.1902],[120.3644,-4.1873],[120.367,-4.188],[120.3687,-4.1857],[120.3663,-4.1803],[120.3727,-4.1747],[120.3726,-4.173],[120.3755,-4.1726],[120.3762,-4.1624],[120.3781,-4.1629],[120.3815,-4.1737],[120.381,-4.1797],[120.3766,-4.1894],[120.3754,-4.2036],[120.3692,-4.2111],[120.3661,-4.2242],[120.3632,-4.2247],[120.3612,-4.2218],[120.3572,-4.2224],[120.3507,-4.226],[120.3509,-4.2299],[120.3495,-4.2314],[120.3453,-4.2314],[120.3347,-4.2401],[120.3187,-4.2389],[120.30029999999999,-4.2481],[120.2922,-4.2444],[120.2834,-4.2466],[120.2791,-4.2493],[120.2652,-4.2673],[120.2594,-4.2705],[120.25,-4.2727],[120.2444,-4.2696],[120.2397,-4.2695],[120.2361,-4.2655]]],"type":"MultiPolygon"}},{"type":"Feature","properties":{"id_kec":"73.13.12","nama_kec":"Penrang","id_kab":"7313","nama_kab":"Wajo"},"geometry":{"coordinates":[[[120.1757,-4.1313],[120.1659,-4.1503],[120.1636,-4.1517],[120.1615,-4.1504],[120.1639,-4.1379],[120.166,-4.1345],[120.1639,-4.1232],[120.1668,-4.1213],[120.1675,-4.1187],[120.1664,-4.1142],[120.1621,-4.1112],[120.1614,-4.1071],[120.165,-4.1019],[120.1723,-4.0969],[120.173,-4.0931],[120.1708,-4.0885],[120.1731,-4.0795],[120.1717,-4.0754],[120.1724,-4.0693],[120.1772,-4.0637],[120.1834,-4.066],[120.1906,-4.0625],[120.2042,-4.0606],[120.2101,-4.0555],[120.2188,-4.0518],[120.222,-4.0458],[120.2268,-4.0434],[120.2297,-4.0432],[120.2332,-4.0462],[120.2374,-4.0455],[120.2565,-4.0257],[120.2551,-4.0201],[120.2562,-4.0135],[120.259,-3.998],[120.2613,-3.997],[120.2662,-3.9965],[120.2778,-4.003],[120.2831,-4.0043],[120.2958,-4.0015],[120.3031,-4.0052],[120.3035,-4.0068],[120.3012,-4.0336],[120.2994,-4.0391],[120.2946,-4.0444],[120.2842,-4.0444],[120.2728,-4.0645],[120.297,-4.0751],[120.2996,-4.0725],[120.3052,-4.0545],[120.3117,-4.0554],[120.3225,-4.0523],[120.3256,-4.0537],[120.328,-4.051],[120.3297,-4.0532],[120.3338,-4.0534],[120.3327,-4.055],[120.3351,-4.0558],[120.3346,-4.0607],[120.3364,-4.0646],[120.3486,-4.0717],[120.3489,-4.0741],[120.3459,-4.0797],[120.3345,-4.0958],[120.3223,-4.0978],[120.3161,-4.0911],[120.3142,-4.0927],[120.3125,-4.1017],[120.3088,-4.1052],[120.3053,-4.1057],[120.3032,-4.112],[120.3007,-4.1141],[120.2917,-4.1153],[120.2867,-4.1132],[120.2773,-4.1147],[120.2723,-4.1134],[120.2639,-4.12],[120.252,-4.1182],[120.24,-4.1115],[120.2323,-4.1045],[120.2193,-4.1005],[120.2117,-4.0929],[120.2106,-4.0842],[120.2043,-4.0787],[120.1988,-4.0773],[120.1982,-4.0815],[120.1997,-4.0859],[120.1981,-4.087],[120.1971,-4.0922],[120.1946,-4.0939],[120.195,-4.0969],[120.1925,-4.1007],[120.1931,-4.1067],[120.1949,-4.1079],[120.1939,-4.1149],[120.1896,-4.118],[120.1876,-4.1216],[120.1843,-4.1213],[120.1818,-4.1239],[120.1777,-4.1321],[120.1757,-4.1313]]],"type":"MultiPolygon"}},{"type":"Feature","properties":{"id_kec":"73.13.13","nama_kec":"Gilireng","id_kab":"7313","nama_kab":"Wajo"},"geometry":{"coordinates":[[[120.1765,-3.965],[120.1653,-3.9693],[120.1576,-3.9697],[120.1497,-3.9736],[120.1399,-3.9718],[120.1201,-3.9795],[120.1039,-3.9632],[120.1031,-3.9503],[120.1124,-3.9404],[120.1211,-3.9273],[120.1265,-3.9272],[120.1324,-3.9228],[120.14,-3.9227],[120.1409,-3.8886],[120.1356,-3.8778],[120.1348,-3.8679],[120.1425,-3.8701],[120.1469,-3.8694],[120.1578,-3.8615],[120.1676,-3.8494],[120.1641,-3.8441],[120.1605,-3.8424],[120.1634,-3.838],[120.1618,-3.8362],[120.159,-3.8361],[120.1572,-3.8288],[120.1544,-3.8261],[120.1555,-3.8233],[120.1575,-3.823],[120.1581,-3.8269],[120.1611,-3.8269],[120.1625,-3.8231],[120.1607,-3.8213],[120.1616,-3.8201],[120.1643,-3.823],[120.1677,-3.8197],[120.1711,-3.8194],[120.1719,-3.8223],[120.1758,-3.8229],[120.17529999999999,-3.8194],[120.1709,-3.8148],[120.1686,-3.8141],[120.166,-3.8156],[120.1613,-3.8105],[120.1619,-3.8074],[120.1683,-3.8077],[120.1734,-3.8024],[120.1709,-3.7981],[120.1682,-3.7999],[120.1666,-3.7973],[120.1697,-3.7953],[120.1736,-3.797],[120.1812,-3.7943],[120.184,-3.7969],[120.1876,-3.7944],[120.1903,-3.7981],[120.1934,-3.7976],[120.1953,-3.7991],[120.1937,-3.8009],[120.1984,-3.8048],[120.2012,-3.8105],[120.2094,-3.8121],[120.223,-3.8058],[120.2264,-3.7997],[120.2323,-3.7961],[120.2414,-3.7969],[120.2462,-3.8001],[120.2457,-3.8055],[120.2476,-3.8112],[120.2458,-3.8179],[120.2482,-3.8299],[120.2454,-3.8339],[120.2484,-3.8389],[120.2537,-3.8412],[120.2568,-3.8482],[120.2654,-3.854],[120.2672,-3.8589],[120.2562,-3.8602],[120.2547,-3.8653],[120.2499,-3.8709],[120.2511,-3.8764],[120.2569,-3.8853],[120.2523,-3.9004],[120.2591,-3.9087],[120.2434,-3.9143],[120.2138,-3.9166],[120.2087,-3.9334],[120.2117,-3.9429],[120.2018,-3.9554],[120.2045,-3.9642],[120.204,-3.973],[120.2029,-3.9704],[120.2,-3.9697],[120.1999,-3.9677],[120.1953,-3.9682],[120.1914,-3.9657],[120.1875,-3.969],[120.1846,-3.9671],[120.1799,-3.9678],[120.1765,-3.965]]],"type":"MultiPolygon"}},{"type":"Feature","properties":{"id_kec":"73.13.14","nama_kec":"Keera","id_kab":"7313","nama_kab":"Wajo"},"geometry":{"coordinates":[[[120.3506,-3.8791],[120.3455,-3.8906],[120.3437,-3.8916],[120.3446,-3.9011],[120.3412,-3.915],[120.3049,-3.9152],[120.2868,-3.9229],[120.2729,-3.9185],[120.2693,-3.9188],[120.2523,-3.9004],[120.2569,-3.8853],[120.2511,-3.8764],[120.2499,-3.8709],[120.2547,-3.8653],[120.2562,-3.8602],[120.2672,-3.8589],[120.2654,-3.854],[120.2568,-3.8482],[120.2537,-3.8412],[120.2484,-3.8389],[120.2454,-3.8339],[120.2482,-3.8299],[120.2458,-3.8179],[120.2476,-3.8112],[120.2456,-3.799],[120.2371,-3.7956],[120.2323,-3.7961],[120.2264,-3.7997],[120.2227,-3.806],[120.2094,-3.8121],[120.2038,-3.8113],[120.2012,-3.8105],[120.1984,-3.8048],[120.1937,-3.8009],[120.1953,-3.7991],[120.1934,-3.7976],[120.1903,-3.7981],[120.1876,-3.7944],[120.184,-3.7969],[120.1816,-3.7943],[120.1736,-3.797],[120.1671,-3.7951],[120.1665,-3.7933],[120.1685,-3.7898],[120.1649,-3.7848],[120.1593,-3.7839],[120.1555,-3.7883],[120.146,-3.7785],[120.1503,-3.7752],[120.1512,-3.7724],[120.163,-3.769],[120.187,-3.7747],[120.1928,-3.774],[120.1952,-3.7678],[120.2018,-3.7609],[120.2018,-3.758],[120.2068,-3.752],[120.2105,-3.7347],[120.2125,-3.735],[120.2129,-3.7301],[120.2271,-3.7251],[120.2371,-3.7076],[120.2407,-3.7075],[120.2515,-3.7161],[120.2567,-3.716],[120.2604,-3.7207],[120.2631,-3.7218],[120.269,-3.7221],[120.2747,-3.7175],[120.281,-3.7188],[120.2764,-3.724],[120.2763,-3.7264],[120.2825,-3.7337],[120.2883,-3.7532],[120.2903,-3.7565],[120.3046,-3.7683],[120.3065,-3.7661],[120.3091,-3.766],[120.3091,-3.7679],[120.3119,-3.7665],[120.3129,-3.769],[120.3142,-3.7666],[120.3185,-3.7673],[120.3206,-3.764],[120.3217,-3.7662],[120.3233,-3.7644],[120.3219,-3.7616],[120.3237,-3.7611],[120.3321,-3.7713],[120.3401,-3.7727],[120.3473,-3.7764],[120.3715,-3.7774],[120.4031,-3.784],[120.3982,-3.7949],[120.3944,-3.7969],[120.384,-3.8134],[120.3835,-3.8183],[120.3778,-3.8287],[120.3732,-3.8413],[120.3656,-3.8497],[120.3615,-3.8487],[120.3608,-3.8544],[120.3561,-3.8644],[120.3565,-3.8667],[120.3506,-3.8791]]],"type":"MultiPolygon"}}]}